:020000040800F2
:1000000000500020F1940008399500083995000847
:10001000399500083995000839950008000000005E
:1000200000000000000000000000000039950008FA
:10003000399500080000000039950008A544000823
:100040003995000839950008399500083995000858
:100050003995000839950008399500083995000848
:100060003995000839950008399500083995000838
:100070003995000839950008655400087154000846
:100080003995000839950008399500083995000818
:100090003995000839950008399500083995000808
:1000A00039950008399500083995000839950008F8
:1000B000A9440008399500083995000839950008C9
:1000C00039950008399500083995000839950008D8
:1000D00039950008D5530008399500080D540008DB
:1000E000399500083995000839950008000000008E
:1000F0000000000000000000000000000000000000
:0C01000000000000000000005FF808F1A3
:1001100010B5054C237833B9044B13B10448AFF341
:1001200000800123237010BD680200200000000041
:100130004895000808B5034B1BB103490348AFF3CA
:10014000008008BD000000006C02002048950008F7
:1001500010F8012B11F8013B012A28BF9A42F7D071
:10016000D01A7047034613F8012B002AFBD1181A46
:100170000138704781F0004102E000BF83F0004386
:1001800030B54FEA41044FEA430594EA050F08BF32
:1001900090EA020F1FBF54EA000C55EA020C7FEAF6
:1001A000645C7FEA655C00F0E2804FEA5454D4EB73
:1001B0005555B8BF6D420CDD2C4480EA020281EA3D
:1001C000030382EA000083EA010180EA020281EA75
:1001D0000303362D88BF30BD11F0004F4FEA0131C7
:1001E0004FF4801C4CEA113102D0404261EB4101D6
:1001F00013F0004F4FEA03334CEA133302D052425C
:1002000063EB430394EA050F00F0A780A4F1010417
:10021000D5F1200E0DDB02FA0EFC22FA05F2801851
:1002200041F1000103FA0EF2801843FA05F3594137
:100230000EE0A5F120050EF1200E012A03FA0EFCB6
:1002400028BF4CF0020C43FA05F3C01851EBE371E0
:1002500001F0004507D54FF0000EDCF1000C7EEBFD
:1002600000006EEB0101B1F5801F1BD3B1F5001F3B
:100270000CD349085FEA30004FEA3C0C04F101045A
:100280004FEA445212F5800F80F09A80BCF1004F83
:1002900008BF5FEA500C50F1000041EB045141EA05
:1002A000050130BD5FEA4C0C404141EB010111F406
:1002B000801FA4F10104E9D191F0000F04BF0146B1
:1002C0000020B1FA81F308BF2033A3F10B03B3F18F
:1002D00020020CDA0C3208DD02F1140CC2F10C021F
:1002E00001FA0CF021FA02F10CE002F11402D8BF7D
:1002F000C2F1200C01FA02F120FA0CFCDCBF41EA49
:100300000C019040E41AA2BF01EB0451294330BD17
:100310006FEA04041F3C1CDA0C340EDC04F11404F4
:10032000C4F1200220FA04F001FA02F340EA0300CB
:1003300021FA04F345EA030130BDC4F10C04C4F111
:10034000200220FA02F001FA04F340EA03002946F1
:1003500030BD21FA04F0294630BD94F0000F83F43B
:10036000801306BF81F480110134013D4EE77FEA1E
:10037000645C18BF7FEA655C29D094EA050F08BF6A
:1003800090EA020F05D054EA000C04BF194610464B
:1003900030BD91EA030F1EBF0021002030BD5FEA8F
:1003A000545C05D14000494128BF41F0004130BDB7
:1003B00014F580043CBF01F5801130BD01F000450B
:1003C00045F0FE4141F470014FF0000030BD7FEA7E
:1003D000645C1ABF194610467FEA655C1CBF0B4679
:1003E000024650EA013406BF52EA033591EA030F90
:1003F00041F4002130BD00BF90F0000F04BF002188
:10040000704730B54FF4806404F132044FF00005BA
:100410004FF0000150E700BF90F0000F04BF002133
:10042000704730B54FF4806404F1320410F0004599
:1004300048BF40424FF000013EE700BF42004FEA94
:10044000E2014FEA31014FEA02701FBF12F07F4311
:1004500093F07F4F81F06051704732F07F4208BFC8
:10046000704793F07F4F04BF41F40021704730B5CF
:100470004FF4607401F0004521F000411CE700BF1B
:1004800050EA010208BF704730B54FF000050AE09E
:1004900050EA010208BF704730B511F0004502D59F
:1004A000404261EB41014FF4806404F132045FEAA1
:1004B000915C3FF4D8AE4FF003025FEADC0C18BF4A
:1004C00003325FEADC0C18BF033202EBDC02C2F13C
:1004D000200300FA03FC20FA02F001FA03FE40EACE
:1004E0000E0021FA02F11444BDE600BF70B54FF0D2
:1004F000FF0C4CF4E06C1CEA11541DBF1CEA1355B0
:1005000094EA0C0F95EA0C0F00F0DEF82C4481EA17
:10051000030621EA4C5123EA4C5350EA013518BF37
:1005200052EA033541F4801143F4801338D0A0FB24
:1005300002CE4FF00005E1FB02E506F00042E0FBD1
:1005400003E54FF00006E1FB03569CF0000F18BFD7
:100550004EF0010EA4F1FF04B6F5007F64F540747F
:1005600004D25FEA4E0E6D4146EB060642EAC62112
:1005700041EA55514FEAC52040EA5E504FEACE2E7F
:10058000B4F1FD0C88BFBCF5E06F1ED8BEF1004F82
:1005900008BF5FEA500E50F1000041EB045170BDFE
:1005A00006F0004646EA010140EA020081EA030142
:1005B000B4EB5C04C2BFD4EB0C0541EA045170BD3E
:1005C00041F480114FF0000E013C00F3AB8014F1B8
:1005D000360FDEBF002001F0004170BDC4F1000401
:1005E000203C35DA0C341BDC04F11404C4F1200582
:1005F00000FA05F320FA04F001FA05F240EA0200DD
:1006000001F0004221F0004110EBD37021FA04F612
:1006100042EB06015EEA430E08BF20EAD37070BDCC
:10062000C4F10C04C4F1200500FA04F320FA05F02B
:1006300001FA04F240EA020001F0004110EBD3702D
:1006400041F100015EEA430E08BF20EAD37070BD9D
:10065000C4F1200500FA05F24EEA020E20FA04F376
:1006600001FA05F243EA020321FA04F001F0004125
:1006700021FA04F220EA020000EBD3705EEA430E96
:1006800008BF20EAD37070BD94F0000F0FD101F0C5
:100690000046400041EB010111F4801F08BF013CFE
:1006A000F7D041EA060195F0000F18BF704703F03C
:1006B0000046520043EB030313F4801F08BF013DC3
:1006C000F7D043EA0603704794EA0C0F0CEA13557F
:1006D00018BF95EA0C0F0CD050EA410618BF52EA39
:1006E0004306D1D181EA030101F000414FF000003F
:1006F00070BD50EA410606BF1046194652EA43064D
:1007000019D094EA0C0F02D150EA013613D195EAC0
:100710000C0F05D152EA03361CBF104619460AD108
:1007200081EA030101F0004141F0FE4141F4700112
:100730004FF0000070BD41F0FE4141F4780170BD02
:1007400070B54FF0FF0C4CF4E06C1CEA11541DBF67
:100750001CEA135594EA0C0F95EA0C0F00F0A7F869
:10076000A4EB050481EA030E52EA03354FEA013196
:1007700000F088804FEA03334FF0805545EA1313A9
:1007800043EA12634FEA022245EA111545EA106571
:100790004FEA00260EF000419D4208BF964244F108
:1007A000FD0404F5407402D25B084FEA3202B61A27
:1007B00065EB03055B084FEA32024FF480104FF4FB
:1007C000002CB6EB020E75EB030E22BFB61A75466F
:1007D00040EA0C005B084FEA3202B6EB020E75EB02
:1007E000030E22BFB61A754640EA5C005B084FEA6A
:1007F0003202B6EB020E75EB030E22BFB61A754637
:1008000040EA9C005B084FEA3202B6EB020E75EB41
:10081000030E22BFB61A754640EADC0055EA060E02
:1008200018D04FEA051545EA16754FEA06164FEA45
:10083000C30343EA52734FEAC2025FEA1C1CC0D1F1
:1008400011F4801F0BD141EA00014FF000004FF07E
:10085000004CB6E711F4801F04BF01430020B4F13F
:10086000FD0C88BFBCF5E06F3FF6AFAEB5EB030CF7
:1008700004BFB6EB020C5FEA500C50F1000041EBF4
:10088000045170BD0EF0004E4EEA113114EB5C04C1
:10089000C2BFD4EB0C0541EA045170BD41F4801194
:1008A0004FF0000E013C90E645EA060E8DE60CEA9C
:1008B000135594EA0C0F08BF95EA0C0F3FF43BAFB9
:1008C00094EA0C0F0AD150EA01347FF434AF95EA70
:1008D0000C0F7FF425AF104619462CE795EA0C0F54
:1008E00006D152EA03353FF4FDAE1046194622E721
:1008F00050EA410618BF52EA43067FF4C5AE50EAFB
:1009000041047FF40DAF52EA43057FF4EBAE12E7EA
:100910004FF0FF3C06E000BF4FF0010C02E000BFCB
:100920004FF0010C4DF804CD4FEA410C7FEA6C5CAE
:100930004FEA430C18BF7FEA6C5C1BD001B050EA51
:10094000410C0CBF52EA430C91EA030F02BF90EA3C
:10095000020F0020704710F1000F91EA030F58BFFB
:10096000994208BF90422CBFD8176FEAE37040F05D
:10097000010070474FEA410C7FEA6C5C02D150EAFB
:10098000013C07D14FEA430C7FEA6C5CD6D152EAB6
:10099000033CD3D05DF8040B704700BF844610467B
:1009A00062468C461946634600E000BF01B5FFF77A
:1009B000B7FF002848BF10F1000F01BD4DF808ED4A
:1009C000FFF7F4FF0CBF012000205DF808FB00BF1B
:1009D0004DF808EDFFF7EAFF34BF012000205DF875
:1009E00008FB00BF4DF808EDFFF7E0FF94BF0120C2
:1009F00000205DF808FB00BF4DF808EDFFF7CEFFC3
:100A000094BF012000205DF808FB00BF4DF808ED01
:100A1000FFF7C4FF34BF012000205DF808FB00BFD2
:100A20004FEA410C7FEA6C5C02D150EA013C0AD1EA
:100A30004FEA430C7FEA6C5C02D152EA033C02D1DC
:100A40004FF0000070474FF0010070474FEA41023D
:100A500012F5001215D211D56FF47873B3EB625210
:100A600012D94FEAC12343F0004343EA505311F037
:100A7000004F23FA02F018BF404270474FF00000C9
:100A8000704750EA013005D111F0004008BF6FF007
:100A9000004070474FF00000704700BF4A0011D27D
:100AA00012F5001211D20DD56FF47873B3EB6252C8
:100AB0000ED44FEAC12343F0004343EA505323FAD4
:100AC00002F070474FF00000704750EA013002D149
:100AD0004FF0FF3070474FF0000070474FEA41027F
:100AE000B2F1E04324BFB3F5001CDCF1FE5C0DD98C
:100AF00001F0004C4FEAC0024CEA5070B2F1004FD6
:100B000040EB830008BF20F00100704711F0804FD8
:100B100021D113F13872BCBF01F00040704741F49D
:100B200080114FEA5252C2F11802C2F1200C10FAA1
:100B30000CF320FA02F018BF40F001004FEAC12385
:100B40004FEAD32303FA0CFC40EA0C0023FA02F329
:100B50004FEA4303CCE77FEA625307D150EA0133FF
:100B60001EBF4FF0FE4040F44000704701F00040CF
:100B700040F0FE4040F40000704700BF80F00040AD
:100B800002E000BF81F0004142001FBF5FEA410365
:100B900092EA030F7FEA226C7FEA236C6AD04FEA65
:100BA0001262D2EB1363C1BFD218414048404140AA
:100BB000B8BF5B42192B88BF704710F0004F40F45C
:100BC000000020F07F4018BF404211F0004F41F478
:100BD000000121F07F4118BF494292EA030F3FD044
:100BE000A2F1010241FA03FC10EB0C00C3F1200357
:100BF00001FA03F100F0004302D5494260EB4000E6
:100C0000B0F5000F13D3B0F1807F06D340084FEA50
:100C1000310102F10102FE2A51D2B1F1004F40EB45
:100C2000C25008BF20F0010040EA030070474900AD
:100C300040EB000010F4000FA2F10102EDD1B0FA78
:100C400080FCACF1080CB2EB0C0200FA0CF0AABF6D
:100C500000EBC25052421843BCBFD040184370470B
:100C600092F0000F81F4000106BF80F40000013211
:100C7000013BB5E74FEA41037FEA226C18BF7FEAE8
:100C8000236C21D092EA030F04D092F0000F08BF2A
:100C90000846704790EA010F1CBF0020704712F011
:100CA0007F4F04D1400028BF40F00040704712F150
:100CB00000723CBF00F50000704700F0004343F0B5
:100CC000FE4040F4000070477FEA226216BF0846EB
:100CD0007FEA23630146420206BF5FEA412390EAAE
:100CE000010F40F4800070474FF0000304E000BFA4
:100CF00010F0004348BF40425FEA000C08BF704755
:100D000043F0964301464FF000001CE050EA010218
:100D100008BF70474FF000030AE000BF50EA01022D
:100D200008BF704711F0004302D5404261EB41011A
:100D30005FEA010C02BF84460146002043F0B6433F
:100D400008BFA3F18053A3F50003BCFA8CF2083A64
:100D5000A3EBC25310DB01FA02FC634400FA02FC6D
:100D6000C2F12002BCF1004F20FA02F243EB020074
:100D700008BF20F00100704702F1200201FA02FCD6
:100D8000C2F1200250EA4C0021FA02F243EB0200C9
:100D900008BF20EADC7070474FF0FF0C1CEAD0520D
:100DA0001EBF1CEAD15392EA0C0F93EA0C0F6FD0CE
:100DB0001A4480EA010C400218BF5FEA41211ED0AC
:100DC0004FF0006343EA501043EA5111A0FB013198
:100DD0000CF00040B1F5000F3EBF490041EAD3716D
:100DE0005B0040EA010062F17F02FD2A1DD8B3F1E9
:100DF000004F40EBC25008BF20F00100704790F058
:100E0000000F0CF0004C08BF49024CEA502040EAA9
:100E100051207F3AC2BFD2F1FF0340EAC25070476F
:100E200040F400004FF00003013A5DDC12F1190FAD
:100E3000DCBF00F000407047C2F10002410021FA1F
:100E400002F1C2F1200200FA02FC5FEA310040F137
:100E5000000053EA4C0308BF20EADC70704792F0B0
:100E6000000F00F0004C02BF400010F4000F013AE8
:100E7000F9D040EA0C0093F0000F01F0004C02BFE3
:100E8000490011F4000F013BF9D041EA0C018FE752
:100E90000CEAD15392EA0C0F18BF93EA0C0F0AD058
:100EA00030F0004C18BF31F0004CD8D180EA01007E
:100EB00000F00040704790F0000F17BF90F0004F17
:100EC000084691F0000F91F0004F14D092EA0C0FF9
:100ED00001D142020FD193EA0C0F03D14B0218BF8C
:100EE000084608D180EA010000F0004040F0FE40D2
:100EF00040F40000704740F0FE4040F4400070476E
:100F00004FF0FF0C1CEAD0521EBF1CEAD15392EAEC
:100F10000C0F93EA0C0F69D0A2EB030280EA010CDC
:100F200049024FEA402037D04FF0805343EA111175
:100F300043EA10130CF000408B4238BF5B0042F1D3
:100F40007D024FF4000C8B4224BF5B1A40EA0C0078
:100F5000B3EB510F24BFA3EB510340EA5C00B3EBAA
:100F6000910F24BFA3EB910340EA9C00B3EBD10F98
:100F700024BFA3EBD10340EADC001B0118BF5FEAEA
:100F80001C1CE0D1FD2A3FF650AF8B4240EBC25013
:100F900008BF20F0010070470CF0004C4CEA5020D4
:100FA0007F32C2BFD2F1FF0340EAC250704740F423
:100FB00000004FF00003013A37E792F0000F00F015
:100FC000004C02BF400010F4000F013AF9D040EA93
:100FD0000C0093F0000F01F0004C02BF490011F427
:100FE000000F013BF9D041EA0C0195E70CEAD1531F
:100FF00092EA0C0F08D142027FF47DAF93EA0C0F06
:101000007FF470AF084676E793EA0C0F04D14B02E9
:101010003FF44CAF08466EE730F0004C18BF31F09B
:10102000004CCAD130F000427FF45CAF31F0004395
:101030007FF43CAF5FE700BF4FF0FF3C06E000BF2E
:101040004FF0010C02E000BF4FF0010C4DF804CD51
:101050004FEA40024FEA41037FEA226C18BF7FEA61
:10106000236C11D001B052EA530C18BF90EA010F63
:1010700058BFB2EB030088BFC81738BF6FEAE170F2
:1010800018BF40F0010070477FEA226C02D15FEA8E
:10109000402C05D17FEA236CE4D15FEA412CE1D0FA
:1010A0005DF8040B704700BF844608466146FFE7C1
:1010B0000FB5FFF7C9FF002848BF10F1000F0FBDA3
:1010C0004DF808EDFFF7F4FF0CBF012000205DF89C
:1010D00008FB00BF4DF808EDFFF7EAFF34BF012021
:1010E00000205DF808FB00BF4DF808EDFFF7E0FFBA
:1010F00094BF012000205DF808FB00BF4DF808ED0B
:10110000FFF7D2FF94BF012000205DF808FB00BF6D
:101110004DF808EDFFF7C8FF34BF012000205DF84F
:1011200008FB00BF4FEA40024FEA41037FEA226C0E
:1011300002D15FEA402C08D17FEA236C02D15FEA3A
:10114000412C02D14FF0000070474FF00100704772
:101150004FEA4002B2F1FE4F0FD34FF09E03B3EBC4
:1011600012620DD94FEA002343F0004310F0004F04
:1011700023FA02F018BF404270474FF0000070475A
:1011800012F1610F01D1420205D110F0004008BFF9
:101190006FF0004070474FF00000704742000ED2E1
:1011A000B2F1FE4F0BD34FF09E03B3EB126209D4A2
:1011B0004FEA002343F0004323FA02F070474FF058
:1011C0000000704712F1610F01D1420202D14FF0CD
:1011D000FF3070474FF00000704700BF70470000BD
:1011E00038B50E4B054618784FF47A73B3FBF0F31D
:1011F0000B4A1068B0FBF3F000F0A2F8044658B9AF
:101200000F2D09D8024629464FF0FF3000F042F872
:101210002046044B1D6038BD0120FCE70000002083
:101220006002002004000020074A08B5136803206C
:1012300043F01003136000F01BF80F20FFF7D0FFFE
:10124000FFF7CCFF002008BD00200240034A044BFA
:1012500011681B780B441360704700BF540B0020CB
:1012600000000020014B1868704700BF540B00209D
:10127000074A0002D36800F4E06023F4E0631B0433
:101280001B0C43F0BF6343F400330343D360704748
:1012900000ED00E0174B70B5DC684FF0FF36C4F38B
:1012A0000224C4F10705042D04F1040328BF04251A
:1012B000062B98BF002406FA05F388BF033C21EAF9
:1012C0000303A34006FA04F422EA0404002843EAD4
:1012D0000403A8BF00F160404FEA0313B8BF064AF9
:1012E000DBB2ABBF00F5614000F00F0080F80033C7
:1012F000135470BD00ED00E014ED00E0002808DBA1
:101300000123420900F01F0003FA00F0014B43F8EB
:101310002200704700E100E000280DDB01224309B4
:1013200000F01F0002FA00F0044A203342F82300C4
:10133000BFF34F8FBFF36F8F704700BF00E100E036
:101340000138B0F1807F0AD2F021064B064A58607E
:1013500082F823100020072298601A60704701204D
:10136000704700BF10E000E000ED00E010B548B3AA
:1013700014220168144B0B44B3FBF2F39B0003648B
:10138000124BC363022380F82130D0E90134234398
:10139000C4680A682343046922F47F5223434469E2
:1013A00022F03002234384692343C4692343134357
:1013B0000B6001220023836380F8203080F8212015
:1013C000184610BD0120FCE7F8FFFDBF00000240F9
:1013D00010B508B30168114A0B680A4423F00103F1
:1013E0000B6000230B604B608B60CB601421B2FB61
:1013F000F1F2012192000A4C026401FA02F2C46384
:1014000062608363C0E90A33C0E90C3380F821309D
:1014100080F82030184610BD0120FCE7F8FFFDBF22
:1014200000000240F0B590F82040012C36D0012495
:1014300090F8215080F82040EDB2A5424FF0000610
:101440004FF0020428D180F82140046886632668A2
:1014500026F001062660D0E90F67BD407560636025
:1014600043680568102BC36A0BBFA260A160E160EE
:10147000E2604BB1236843F00E03002023602B6829
:1014800043F001032B60F0BD236823F004032360C5
:10149000236843F00A03F0E780F820600220F2E7B7
:1014A00090F82130022B06D004238363002380F8B8
:1014B0002030012070470368C16B1A6822F00E02C9
:1014C0001A601A6822F001021A600122036C02FA03
:1014D00003F34B60002380F8212080F82030184669
:1014E0007047000090F8213010B5022B03D0042380
:1014F0008363012010BD03681A6822F00E021A608F
:101500001A6822F001021A60184A93421FD014325E
:1015100093421ED0143293421DD0143293421DD0F8
:10152000143293421DD0143293420CBF4FF48013F7
:101530004FF080730E4A00245360012380F821305D
:10154000436B80F820407BB198472046D2E70123C7
:10155000F0E71023EEE74FF48073EBE74FF480538E
:10156000E8E74FF48033E5E71846C3E70800024098
:101570000000024070B40425C66B026C3468036836
:1015800095402542196832D04D0730D51A68960625
:101590005EBF1A6822F004021A603E4A934219D0D4
:1015A0001432934218D01432934217D0143293421B
:1015B00017D01432934217D0143293420CBF4FF419
:1015C00080034FF08063344A5360C36A002B5ED0BF
:1015D00070BC18470423F6E74023F4E74FF4806318
:1015E000F1E74FF48043EEE74FF48023EBE7022569
:1015F0009540254235D08D0733D51A68940606D418
:101600001A6822F00A021A60012280F82120214A79
:10161000934219D01432934218D01432934217D007
:101620001432934217D01432934217D0143293429B
:101630000CBF4FF400134FF00073174A53600023A0
:1016400080F82030836AC1E70223F6E72023F4E71D
:101650004FF40073F1E74FF40053EEE74FF400331B
:10166000EBE708259540254211D009070FD51968E9
:1016700021F00E011960012303FA02F27260836304
:1016800080F82130002380F82030036B9EE770BC87
:10169000704700BF08000240000002402DE9F74FEC
:1016A00000242646654BDFF8A4C1DFF8A4E10A68F0
:1016B00032FA06F502D103B0BDE8F08F4FF0010811
:1016C00008FA06F802EA080290457ED14D68122D0C
:1016D00000F0A98000F28280022D00F0A18076D86F
:1016E000002D00F08880012D00F098804FF00F0948
:1016F000FF2A93BF824606F18045083DD0F800B02E
:1017000092BFB500D0F804B0AD0009FA05F82BEA95
:10171000080804FA05F588BF00F1040A48EA05053F
:10172000CAF80050D1F804A01AF0805F4DD0444FA1
:1017300026F00308BD6908F1804845F00105BD6148
:10174000BD6908F5803805F00105019506F0030B29
:10175000019D4FEA8B0BD8F8085009FA0BF925EADE
:101760000909384DA84263D005F58065A84261D0CB
:1017700005F58065A8425FD005F58065A8420CBFDD
:101780000325042505FA0BF545EA0905C8F80850B4
:101790009D681AF4801F14BF154395439D60DD6852
:1017A0001AF4001F14BF15439543DD605D681AF4F9
:1017B000003F14BF154395435D601D681AF4803FD8
:1017C00014BF2A4325EA02021A6001366FE7032D8F
:1017D00022D0112D8AD1CC68043487E71A4FBD423C
:1017E00009D012D8DFF86C904D4504D009F5803946
:1017F0004D457FF47BAF8C68C4B1012C0CBFC0F8A1
:101800001080C0F81480082470E76545F3D0754552
:10181000F1D0DFF84490EBE7002467E7CC6865E798
:10182000CC68083462E7CC680C345FE704245DE7D9
:101830000025A7E70125A5E70225A3E7000401404D
:10184000001002400008014000002110000031108B
:101850000000321000001110000022102DE9F74F97
:101860004FF0040B00234FF0010A4FF00F0800EB7C
:101870000B020192314A31FA03F402D103B0BDE800
:10188000F08F0AFA03F70F404FD023F0030404F15E
:10189000804404F5803403F0030C294DA6684FEA18
:1018A0008C0C08FA0CF9A84209EA060E3FD005F59F
:1018B0008065A8423DD005F58065A8423BD005F57E
:1018C0008065A84214BF0425032505FA0CF575456B
:1018D0006FEA07060FD11568354015605568354029
:1018E0005560D5683540D560956835409560A568E8
:1018F00025EA0905A560FF2F93BF074603F1804441
:10190000083CD0F800C08ABFD0F804C09C00A400F6
:1019100008FA04F588BF019F0BFA04F42CEA0505C8
:1019200025433D60C4682640C6600133A3E7002517
:10193000CBE70125C9E70225C7E700BF0004014046
:10194000000801408368194214BF0120002070473D
:101950000AB1016170470904FBE7C36801EA0302A9
:1019600021EA030141EA02410161704770B5044672
:1019700018B34CF6CC42036841F23C361A6045F28B
:1019800055521A6042685A6082689A60FFF76AFC92
:1019900005462368D86810F0030003D14AF6AA224E
:1019A0001A6070BDFFF75EFC401BB042F1D923689E
:1019B000DB689B07EDD00320F3E70120F1E74AF64F
:1019C000AA22036800201A60704700002DE9F34145
:1019D000054608B901203CE00368DB0710D42B68FA
:1019E0009F075DD42B68190700F194802B685A0774
:1019F00000F1BE80E869002840F02C81002028E03A
:101A00008F4C636803F00C03042B07D0636803F06A
:101A10000C03082B09D16368DE0306D523689C03F9
:101A2000DDD56B68002BDAD1D4E76B68B3F5803F66
:101A300012D1236843F480332360FFF713FC06467A
:101A400023689803CBD4FFF70DFC801B6428F7D9DB
:101A5000032002B0BDE8F0819BB9236823F48033F2
:101A60002360236823F480232360FFF7FBFB0646F3
:101A700023689903B3D5FFF7F5FB801B6428F7D9DA
:101A8000E6E7B3F5A02F236803D143F48023236056
:101A9000CFE723F480332360236823F48023CBE74C
:101AA000674C636813F00C0F07D0636803F00C03F6
:101AB000082B10D16368DA030DD423689B0702D585
:101AC0002B69012B86D123686A6923F0F80343EA66
:101AD000C203236086E72A695A4B6AB101221A6061
:101AE000FFF7C0FB064623689F07ECD4FFF7BAFB5D
:101AF000801B0228F7D9ABE71A60FFF7B3FB064655
:101B0000236898077FF56EAFFFF7ACFB801B0228B8
:101B1000F6D99DE7AA694A4C4B4BDAB101221A600B
:101B2000FFF7A0FB0646636A9B070DD54FF4FA52F8
:101B3000464B1B68B3FBF2F3019300BF019B5A1E97
:101B40000192002BF9D151E7FFF78CFB801B022893
:101B5000E9D97DE71A60FFF785FB0646636A9F07B0
:101B60007FF544AFFFF77EFB801B0228F6D96FE7B5
:101B7000334CE369D80024D40127E36943F0805350
:101B8000E361E36903F080530093009B304E3368B8
:101B9000D90518D5EB68012B26D1236A43F0010340
:101BA0002362FFF75FFB41F288368046236A9B077A
:101BB0003FD5002F3FF41EAFE36923F08053E3616C
:101BC00018E70027E2E7336843F480733360FFF7D8
:101BD00049FB80463368DA05DCD4FFF743FBA0EB12
:101BE00008006428F6D933E7ABB9236A41F2883894
:101BF00023F001032362236A23F004032362FFF727
:101C000031FB0646236A9807D3D5FFF72BFB801BD1
:101C10004045F7D91CE7052B236A03D143F00403A1
:101C20002362BAE723F001032362236A23F004034B
:101C3000B6E7FFF717FBA0EB0800B042B6D907E7FD
:101C40000010024000004242800442426002002034
:101C5000007000402A4B5A681C4602F00C02082A09
:101C60003DD00023274E022833602BD1FFF7FAFA2C
:101C70000746236899011FD42B6AB3F5803F05D12D
:101C80006268A96822F400320A436260696A626885
:101C90000B4322F474121343636001233360FFF794
:101CA000E1FA054623689A013FF5A8AEFFF7DAFA94
:101CB000401B0228F6D9CBE6FFF7D4FAC01B022856
:101CC000D7D9C5E6FFF7CEFA054623689B017FF515
:101CD00095AEFFF7C7FA401B0228F6D9B8E60128EF
:101CE0003FF4B7AE58682B6A00F480329A427FF412
:101CF00071AE6B6A00F47010C01A18BF0120A8E61C
:101D000000100240600042420D494B6803F00C0293
:101D1000082A12D10B48C3F38342DB03825C09D546
:101D200009484B685043094AC3F34043D35CB0FBB6
:101D3000F3F070470648504370470348704700BFB0
:101D4000001002407895000800127A00889500087B
:101D500000093D002DE9F0410D46044610B901206F
:101D6000BDE8F081444A136803F007038B4228D38F
:101D700021688E0730D4CA0743D43F4A136803F062
:101D80000703AB4265D822683C4D12F0040F6CD1BA
:101D9000130706D56B68226923F4605343EAC20334
:101DA0006B60FFF7B1FF6B68354AC3F30313D35C75
:101DB000D840344B1860344B1868FFF711FA0020F4
:101DC000CEE7136823F007030B431360136803F097
:101DD00007038B42C3D1CBE7284B11F0040F1EBF82
:101DE0005A6842F4E0625A60080742BF5A6842F4F7
:101DF00060525A605A68A06822F0F00202435A60AA
:101E0000B9E762681D4E012A33681AD113F4003F06
:101E1000A5D0736841F2883823F00303134373603D
:101E2000FFF720FA07467368626803F00C03B3EB10
:101E3000820FA2D0FFF716FAC01B4045F3D903204A
:101E40008EE7022A02D113F0007FE1E713F0020FC0
:101E5000DEE7136823F007032B431360136803F0D6
:101E60000703AB427FF47BAF8DE76B68E16823F437
:101E7000E0630B436B608BE70020024000100240E0
:101E8000689C00086002002004000020044B054A02
:101E90005B68C3F30223D35C034A1068D8407047E1
:101EA00000100240789C000860020020044B054AA4
:101EB0005B68C3F3C223D35C034A1068D840704701
:101EC00000100240789C00086002002090F83D302D
:101ED000012B20D1022380F83D300368DA6842F0FC
:101EE0000102DA600D4A93420AD0B3F1804F07D065
:101EF000A2F59432934203D002F58062934204D15A
:101F00009A6802F00702062A03D01A6842F001021A
:101F10001A60002070470120704700BF002C01406C
:101F20007047704770477047036870B5DD681E6979
:101F30000446B1070DD5AA070BD56FF002021A614E
:101F400001229B6902779B0769D0FFF7EAFF002314
:101F50002377710710D56A070ED56FF00402236846
:101F600020461A6102229B69227713F4407F5CD0DD
:101F7000FFF7D7FF0023237733070FD528070DD5A9
:101F80006FF00802236820461A610422DB69227779
:101F9000990750D0FFF7C5FF00232377F20610D52D
:101FA000EB060ED56FF01002236820461A61082256
:101FB000DB69227713F4407F43D0FFF7B2FF0023A1
:101FC0002377F00708D5E90706D56FF001022368EB
:101FD00020461A6102F06EFA320608D52B0606D5A5
:101FE0006FF08002236820461A6100F09AF87006AC
:101FF00008D5690606D56FF04002236820461A61AD
:10200000FFF791FFB20622D5AB0620D56FF0200274
:1020100023682046BDE870401A6100F081B8FFF7E0
:102020007FFF2046FFF77EFF91E7FFF779FF20460D
:10203000FFF778FF9EE7FFF773FF2046FFF772FF79
:10204000AAE7FFF76DFF2046FFF76CFFB7E770BD0B
:102050001C4A036890420AD0B0F1804F07D0A2F525
:102060009432904203D002F58062904215D14A68C2
:1020700023F070031343134A90420AD0B0F1804F0B
:1020800007D0A2F59432904203D002F580629042CC
:1020900003D1CA6823F4407313434A6923F08003D1
:1020A00013438A68C2620A688262064A904204BF89
:1020B0000A690263026842F004020260012242617E
:1020C00003607047002C014010B5044630B390F80F
:1020D0003D3003F0FF021BB980F83C2002F09EF96E
:1020E0000223206884F83D30211DFFF7B1FF012352
:1020F000002084F8463084F83E3084F83F3084F87D
:10210000403084F8413084F8423084F8433084F819
:10211000443084F8453084F83D3010BD0120FCE7A0
:1021200070477047026802F10C0353E8003F23F444
:1021300090730C3242E8003102680029F2D102F1BA
:10214000140353E8003F23F0010302F1140C4CE8A0
:1021500000310029F3D1036B012B0BD102F10C03E9
:1021600053E8003F23F0100302F10C0C4CE800315F
:102170000029F3D1202380F8423000230363704705
:1021800010B504460368C1681A6922F440520A4334
:102190001A6182680069D9680243606921F4B0510C
:1021A00021F00C0102430A43DA605A69A16922F462
:1021B00040720A435A610E4A934215D1FFF776FEE8
:1021C00019235843636864229B00B0FBF3F0B0FB13
:1021D000F2F102FB11031B013233B3FBF2F324686B
:1021E00003EB0113A36010BDFFF750FEE8E700BF4B
:1021F0000038014010B5044648B390F8413003F070
:10220000FF021BB980F8402002F02CF92423226839
:1022100084F84130D368204623F40053D360FFF79D
:10222000AFFF236800201A6922F490421A615A69AC
:1022300022F02A025A61DA6842F40052DA6020235E
:10224000606484F8413084F84230606310BD01203E
:10225000FCE710B50446A0B12423026880F84130A1
:10226000D36823F40053D36002F00CF900206064BB
:1022700084F8400084F8410084F8420020636063E1
:1022800010BD0120FCE790F84130202B10D189B11E
:1022900082B1C284828400232122016201684364E6
:1022A00080F84120CA68184642F08002CA60704730
:1022B000022070470120704770B5044694F84150E1
:1022C0001346EDB2202D2ED1C9B1C2B1E284A28451
:1022D00021200022154E626484F84100A06B216227
:1022E0008662134EC662134EC0E90C622268043245
:1022F000FFF798F828B11023636484F84150012057
:1023000010E06FF0400223681A60226802F11403A3
:1023100053E8003F43F0800302F1140444E8003125
:102320000029F3D170BD0220FCE700BF392300086B
:102330008723000893230008026808B51268436ADF
:1023400012F020021AD1DA84196801F1140252E85D
:10235000002F22F08002143141E800201A68002882
:10236000F2D102F10C0353E8003F43F0400302F1C5
:102370000C0040E800310029F3D108BD184603F0F5
:1023800085F8FAE7704708B5406AFFF7FBFF08BD1C
:10239000704710B5446A23685A6994F8411021299E
:1023A00012D1120610D50022E28403F10C0252E889
:1023B000002F22F0C00203F10C0040E800210029A8
:1023C000F3D1202284F841205B6994F84220222A2C
:1023D00006D15B0604D500232046E385FFF7A2FE65
:1023E000636C204643F01003636403F099F810BD5A
:1023F00008B50023406AC38503F092F808BD704712
:1024000090F8423013B5222B53D18168836AB1F51D
:10241000805F02683ED1016900293ED15268C2F353
:10242000080223F8022BC48D8362013CA4B2C48548
:10243000002C2DD10368DA6822F02002DA60DA6815
:1024400022F48072DA605A6922F001025A61202374
:1024500080F842304463036B012B036826D1046388
:1024600003F10C0252E8002F22F0100203F10C04D9
:1024700044E800210029F3D11A68D20605D501915C
:102480001A6801925B680193019B818DFFF7B7FF8A
:1024900000200FE031B9016921B952681A70836ACE
:1024A0000133C0E7526802F07F02F7E703F010F84B
:1024B000EEE7022002B010BD036837B51A68044683
:1024C00012F00F0FD9685D6908D1950666D58D06A3
:1024D00064D503B0BDE83040FFF792BF15F00105A9
:1024E00002D111F4907F59D0D00705D5CB0542BF5A
:1024F000636C43F001036364500704D51DB1636C42
:1025000043F002036364930704D51DB1636C43F089
:1025100004036364100706D58B0600D41DB1636CF9
:1025200043F008036364636C002B31D0900604D53C
:10253000890602D52046FFF763FF236820465D69C0
:10254000626C120702D415F0400523D0FFF7EAFDB4
:10255000226853695B0618D502F1140353E8003F63
:1025600023F0400302F1140040E800310029F3D1C8
:10257000E06B50B1764B4363FEF7B4FF40B1E06BC4
:10258000436B03B0BDE830401847204602F0C8FF57
:1025900003B030BD02F0C4FF6564F9E7206B012889
:1025A00040F09980D50640F19680C80640F19380AE
:1025B000002201921A6801925A680192019A59699F
:1025C000A28D4D0654D5E06B0168496889B2002997
:1025D00046D0914244D28269E185202A36D003F167
:1025E0000C0252E8002F22F4807203F10C0040E844
:1025F00000210029F3D103F1140252E8002F22F048
:10260000010203F1140040E800210029F3D103F195
:10261000140252E8002F22F0400203F1140040E8B7
:1026200000210029F3D1202284F84220216303F104
:102630000C0252E8002F22F0100203F10C0040E8D7
:1026400000210029F3D1E06BFEF72AFF0223636328
:10265000E38DA18DC91A89B22046FFF7D0FE97E716
:10266000914295D18369202B92D102236363F3E7D2
:10267000E18DE08D89B280B2002889D0511A89B2EB
:10268000002985D003F10C0252E8002F22F4907249
:1026900003F10C0545E800200028F3D103F11402F2
:1026A00052E8002F22F0010203F1140545E8002052
:1026B0000028F3D1202284F84220206303F10C0289
:1026C00052E8002F22F0100203F10C0545E800202B
:1026D0000028F3D1C9E7100628D50D0626D594F8B1
:1026E0004120212A7FF454AFA168226AB1F5805FAE
:1026F00017D12169A9B932F8021BC1F30801596049
:102700002262E28C013A92B2E284002A7FF440AF66
:10271000DA6822F08002DA60DA6842F04002DA60B9
:1027200036E7511C216212785A60EAE750067FF5BD
:102730002FAF4A067FF52CAFDA68204622F0400220
:10274000DA60202384F8413002F0A0FE20E700BFC9
:10275000F123000808B50123406A4363036B012B92
:1027600004D1818D4908FFF74AFE08BDFFF710FE2E
:10277000FBE708B503461B68406A1B6813F020039B
:1027800037D1C385026802F10C0353E8003F23F4FC
:1027900080730C3242E8003103680029F2D103F162
:1027A000140252E8002F22F0010203F1140C4CE84D
:1027B00000210029F3D103F1140252E8002F22F086
:1027C000400203F1140C4CE800210029F3D120222F
:1027D00080F84220026B012A0BD103F10C0252E86F
:1027E000002F22F0100203F10C0C4CE8002100290C
:1027F000F3D100234363036B012B03D1818DFFF7DA
:10280000FEFD08BD02F064FEFBE70023C2854364C1
:1028100022238285026980F84230816203681AB1FE
:10282000DA6842F48072DA605A69002042F00102EC
:102830005A61DA6842F02002DA60704770B490F8AA
:102840004260202E06D141B13AB10024046370BC2D
:10285000FFF7DBBF022070BC70470120FBE70000E0
:1028600037B5044681621346A285002242642220C5
:10287000224D84F84200E06B8562214DC562214DF6
:10288000C0E90C5225680A46291DFEF7CBFD38B178
:10289000102363642023012084F8423003B030BD4C
:1028A000236801901A6801925A680192019A22697C
:1028B0005AB103F10C0252E8002F42F4807203F186
:1028C0000C0444E800210029F3D103F1140252E87A
:1028D000002F42F0010203F1140444E80021002912
:1028E000F3D103F1140252E8002F42F0400203F149
:1028F000140444E800210029F3D1CFE7732700082E
:10290000552700089323000870B490F84260202EE9
:1029100006D141B13AB10024046370BCFFF7A0BFF7
:10292000022070BC70470120FBE7401AB0F5803FE1
:1029300002DDA0F50030704710F5803FB8BF00F50C
:1029400000307047F8B5877811F0FB0F07F10107E9
:10295000FFB2044694468770017116D11646C378BB
:1029600000F10C050133C3700FCE0FC596E80300CC
:1029700085E8030094F8303023BB012284F830202E
:10298000DCF80420C4E90A3362620F2F19D9D4E9B4
:102990000A300025C01A2570FEF7AAF91049FEF783
:1029A000FBF94FF05C51FEF7F7F9E378A0600B2BD1
:1029B00006D94FF07C51FEF797FB451B18BF012548
:1029C0006570F8BDDCF80400616AFFF7AEFFA36A2A
:1029D0008342E36AC8BFA0628342B8BFE062D4E723
:1029E0000000B4430022034B1A700122024B1A70FC
:1029F000704700BF8C0200209902002008B5084BE8
:102A00001868431C09D0FEF76FF90649FEF7C4F9B0
:102A10004FF05C51FEF7C0F908BD0020FCE700BF95
:102A2000480000200000B4430023064A1360064A11
:102A300013600023054A1370054A1360054A13808A
:102A4000704700BFDC03002028040020E0030020C2
:102A500030040020E2030020044B187820B1044B1E
:102A60001878003018BF012001F0C8BE1000002007
:102A70004C00002008B5034801F07AFD0022024B0B
:102A80001A6008BD500000204403002038B5002221
:102A90000E4B06F0FBFA0022002304460D46FDF71C
:102AA00097FF38B1204629460022084BFDF768FB06
:102AB00004460D460022054B20462946FDF79CFFA3
:102AC00008B1002400252046294638BD0080764004
:102AD000384B2DE9F04107460D46186836499046B7
:102AE000FEF75AF900F10044064639462046FEF743
:102AF0000FFB30B931463846FEF70AFB00284ED1AD
:102B00003C462E4B00211F682D4E3846FEF700FB39
:102B100000284CD0B8F1000F1FD000212846FEF746
:102B2000D9FA08B105F1004529463846FEF734F9CF
:102B30000146FEF729F806F009FB1F49FEF72CF9BC
:102B400000F10048054621464046FEF7E1FA40BB49
:102B500021462846FEF7BEFA28BB17493846FEF73D
:102B60001BF91549FEF718F937680546394620461E
:102B7000FEF708F805F1004421468046FEF7AAFA60
:102B800028B929464046FEF7C3FA70B944462146A3
:102B90003846FDF7F9FF30603068BDE8F081344613
:102BA000AFE74446D9E72C46D7E72C46EFE7346039
:102BB000F2E700BF740000206F12833A0800002083
:102BC00044030020F8B500210446FEF779FA0027F7
:102BD000164D18B101F028FE2F60F8BD3946204689
:102BE000FEF778FAF8B104F10040114B1968FEF7CE
:102BF00087F91049FEF7D0F84FF07C51FDF7C4FF7C
:102C0000FEF7CCFA06460028E4D0002120464FF01B
:102C10000107FEF77DFA00B9074679B2304601F0A8
:102C20002BFE2C60D9E72046DFE700BFB002002072
:102C30000C00002000007A4410B5154B1A780ABB2E
:102C400001211970134B1B78E3B1134B1978C9B1EB
:102C5000124C1A7022781AB1114A136801331360AA
:102C6000104B1B787BB9FFF7C9FEFDF7E7FB0E4B56
:102C7000C3E900010D4BD3E900010D4BC3E900018D
:102C80000123237010BD0B4BD3E90001EFE700BF18
:102C90008C02002042030020990200204103002002
:102CA00090020020B4020020A0020020380300207F
:102CB000A8020020B802002008B502F069FC20B18B
:102CC000044A13680133136008BDBDE8084002F0F0
:102CD000C5BC00BF900200200FB400B5A3B024AB68
:102CE00053F8042B802102A8019304F0A9F9011ED6
:102CF00003DD89B202A8FFF7DFFF23B05DF804EB24
:102D000004B070472DE97F430446C5788678806813
:102D1000FDF794FB63788046894673B16069FDF7DF
:102D20008DFBCDE90089CDE90201324629460848EC
:102D3000FFF7D2FF04B0BDE870832379CDE90089A5
:102D40000293324629460348FFF7C6FFF2E700BF69
:102D50008A950008B095000808B50A4B1860FFF77F
:102D60004DFEFDF76BFB084BC3E90001074B5B7899
:102D70001BB100200021FFF789FE054BC3E90001CC
:102D800008BD00BF48000020B80200201400002049
:102D900038030020064AD36843F08073D3600022D2
:102DA000044B5A601A6842F001021A60704700BF73
:102DB000F0ED00E0001000E02DE9F04FDFB0FEF78D
:102DC00033FA2022002137A802F06EFD01271023DC
:102DD0000224CDE93A734FF4201336A836943D947B
:102DE0003F93FEF7F3FD0F230026CDE928344FF47F
:102DF0008063A84D394628A84FF400582A962C968F
:102E00002B93FEF7A7FFAB6936A943F00403AB6130
:102E1000AB69A14803F004032293229BAB69DFF85E
:102E2000D09243F00803AB61AB6903F0080323932E
:102E3000239BAB6943F01003AB61AB6903F0100354
:102E40002493249BAB693B43AB61AB69CDE93687E7
:102E50003B402593259B38963994FEF71FFC41464D
:102E60004FF400783A468C48FEF772FD36A98B483D
:102E7000CDE936873994FEF711FC32464146874842
:102E8000FEF766FD4FF48053DFF8688236A9834869
:102E9000CDE9363638942E46FEF700FC0524FFF7C0
:102EA00079FF474698F80030072B00F29180DFE861
:102EB00013F01E00A100B500CD00E80025018E0131
:102EC0000800774B774D5A78002A00F08F819C7E5E
:102ED0001869754B1A68013240F08681FFF73CFF94
:102EE0002B7813B1012001F089FC012380E002F06E
:102EF00057F8054600286DD1D6F824A08DF8D800E3
:102F00001AF0006F06D0694B694A302136A803F0E9
:102F100023F903251AF0806F0CD0644A654B36A85C
:102F2000002D08BF1346C5F130012844624A03F062
:102F300013F905441AF0805F0CD05C4A5D4B36A84B
:102F4000002D08BF1346C5F1300128445B4A03F049
:102F500003F905441AF0005F0CD0544A554B36A8CB
:102F6000002D08BF1346C5F130012844544A03F030
:102F7000F3F805441AF0804F0CD04C4A4D4B36A85C
:102F8000002D08BF1346C5F1300128444D4A03F017
:102F9000E3F80544BAF1000F0BDA444A454B36A872
:102FA000002D08BF1346C5F13001474A284403F0FD
:102FB000D3F89DF8D83013B92D23ADF8D8300125BA
:102FC000424B434A1D6036A94248FFF785FE3D70DB
:102FD00000230DE0404A13780133DBB2022B13705B
:102FE000F6D901223D4B2F491A7000233A700B701D
:102FF0001993A9E0DFF800C136ADBCE80F000FC59A
:103000009CE8030085E8030036A801F055FB344B2B
:103010005A68344B1A6002233B70D9E7DFF8C0A02E
:10302000304DDAF804302A689B1A4B45D0D91C4B36
:1030300034221846002102F037FC012202700522DA
:10304000DAF8043002712B600323E5E72449254AAE
:103050004B6810681B1A24488342B9D94B6836A8BC
:10306000136001F03DFB0E4D014636AA2846FFF7DE
:1030700069FC2B78002BABD12846FFF743FE0423D5
:10308000CAE701F09BFB014610B11848FFF724FE88
:103090000523C1E70010024000100140000C014070
:1030A000140000201000002048000020FF970008B6
:1030B000F2950008D6950008F8950008FE950008DE
:1030C000049600080B96000812960008E00442429D
:1030D00019960008239600083504002043030020B9
:1030E000001000E0A4030020FF76010037960008DE
:1030F000FF9E2400A2030020609500084FF0804E40
:1031000041F2BF238A4D4FF0000AC5E900E30923CD
:103110002846C5E902A3C5F810A0C5F818A0FEF717
:10312000D3FF524606211C20FEF7B4F81C20FEF700
:10313000E5F86FF001022B6828461A61FEF7C6FE1B
:103140000623CDF864A03B7002F088FA199B002B8F
:103150003FF4A8AEDFF83CB202F080FA9BF80030F2
:103160002BB9744B93F900300BB901F045FB4021AA
:1031700036A802F0FDFA002800F0848128A936A8BC
:1031800001F04EFC002800F07D819DF8A030013B4D
:10319000192B00F27781DFE813F02C004E00590064
:1031A0008E009700A000F8012002A900AF00B8002F
:1031B000BE00D3016F00390247025502D102F4026A
:1031C0000C0337033D03250358035C03600304230A
:1031D0005948DFF8C4C1C0E900C34FF49C73836051
:1031E000FEF7C4FB072317E7186079E61C792A70FD
:1031F00076E60122514B52491A7000230B70514957
:103200000A704C4A1370FFF727FCFFF733FC4E4B54
:103210001B7863B9FFF7F2FBFDF710F94B4BC3E9DD
:103220000001FFF7DFFB4A48FFF756FD2AE1494B53
:10323000D3E90001F2E70023404A13703D4A1370BE
:1032400001F0F2FAFFF708FC4348EDE70022394BA2
:103250002E981A70FDF7F2F8FFF718FC3B4DC5E900
:1032600000013E4801F084F9FFF7BCFBD5E90023DB
:103270003B48FFF731FD05E19DF8CF302D4D374834
:103280002B7000238BF8003001F072F92B492D4B85
:103290000A780AB11A7822B901220A701A70FFF767
:1032A000DBFB95F900302F48002BD4BF2D212B21BB
:1032B000FFF712FDE6E0294B29981860FDF7BEF8EC
:1032C00002460B462848D4E7244B2A985860FDF75D
:1032D000B5F802460B462548CBE7204B2B98986063
:1032E000FDF7ACF802460B462148C2E7BDF8BC101A
:1032F000204B21481980DBE70022204B9DF8BE10AF
:103300001F4819701F4B1A70D2E79DF8BF101E4B53
:103310001E481970CCE7329D00212846FDF7E4FED7
:1033200020B9BDF8CCA0BAF1000F37D118487BE71F
:10333000580300208D0200204C03002010000020C4
:10334000280300204C000020B40200203803002095
:103350004B960008B8020020539600085000002049
:103360005C96000868960008729600087F96000830
:103370008C9600084E000020999600084203002019
:10338000A49600084103002040030020AF960008E7
:10339000BD96000814030020003000403098FDF76F
:1033A0004DF89DF9CE80CDE91A01B8F1000F40F03B
:1033B000A6803198FDF742F8DDE91A23FCF7DEFE1E
:1033C000FFF764FBFDF78AFB00218146FDF78CFEC9
:1033D0000028ABD1DDE91A010027A94BA94E1F70C7
:1033E00001238BF80030FFF751FBFDF777FB00223C
:1033F0000021A54B3060C3F80090A44BC3E9001234
:10340000FDF71CF8A24BB845C3E90001A14BC3E985
:10341000000114BF414601219F4BA0481D60A04BF5
:10342000A3F800A09F4B1F809F4B19709F4B83F800
:10343000008001F09DF8FFF7D5FA9D4B9D483A4674
:103440004FF400711F70FEF783FA3068B8F1000F77
:1034500058D0FCF7F3FFB8F1000F064628460F4698
:10346000D4BF4FF02D084FF02B08CDF810A0FCF77B
:10347000E5FFCDF80080CDE9020132463B468E489B
:10348000FFF72AFC8D4F3B78002B00F0F78672B6D1
:103490008B4E28AD0FCE0FC596E80300894B8A4AA4
:1034A0001B7885E803001A93884B89491B680E78BE
:1034B000136000230B708749F6B20D780B70EDB2E4
:1034C0003B7062B6DFF82492002E00F0D9861A987D
:1034D0008149002840F0C3819DF868300B707F4B14
:1034E000146819687E4F4B1C40F0C08100227D4B50
:1034F00029983C601A70FFF72FFC199E52E24FF09A
:10350000000967E7FCF79AFF06460F464846FCF7B6
:1035100095FF32463B46FCF733FEFFF7B7FA80468D
:1035200028468946CDF810A0FCF788FFCDE9008930
:10353000CDE9020132463B466B48FFF7CDFBA1E7E0
:1035400000234F4A8BF800301370584A137001F073
:103550006BF9664B1B78A3B9FFF750FAFCF76EFFC7
:103560004C4BC3E90001FFF785FAFFF73BFA002255
:103570004F4B50484FF400711A70FEF7E9F95C4860
:1035800052E65C4BD3E90001EAE72C9D4FF07E51F7
:103590002846FDF79FFD20B957492846FDF7B8FD9D
:1035A00048B10022554B5648CDE900230022554B27
:1035B000FFF792FB66E7544B54491D602846FDF720
:1035C000EBFB364B986100F1004058612846FCF750
:1035D00035FF02460B464E484BE62D9D00212846FE
:1035E000FDF778FD20B94B492846FDF791FD20B144
:1035F00021A3D3E9002348483BE6484B28461D60F9
:10360000FCF71CFF02460B46454832E626A801F0AF
:10361000AFF9BDF89A10BDF8D00001F08FF900BBEA
:10362000BDF8D0103F4843E626A801F0A1F9BDF847
:10363000D210BDF8980001F081F990B9BDF8D21010
:10364000394835E6BDF8D210BDF8D00001F076F962
:1036500038B9BDF8D220BDF8D0103448FFF73CFB94
:1036600010E7461C01D13248DEE5023001D1314875
:10367000DAE53148D8E500BF00000000006AF840F4
:103680008D020020180300201003002020030020DA
:1036900000030020380300201C03002050000020FD
:1036A0000A03002008030020700000200C03002003
:1036B00031030020000C0140C896000834040020AB
:1036C000C003002078000020F8020020D80300206A
:1036D000BD030020BC030020980200204800002009
:1036E000A8030020B0030020E2960008B4020020E6
:1036F000FE960008B80200200000964400C09240E8
:10370000089700080000F03F740000206F12833A11
:10371000219700080050C3472D970008080000209B
:1037200045970008519700088F9700089D9700085B
:103730005E9700086E9700087C97000801F082F8F9
:1037400008B1774870E5BDF8D40001F001F980B9FF
:10375000BDF8D4502846FDF7C7FA7249FDF71CFBA7
:1037600001467148FDF7CCFB704B29461860704844
:103770009EE5451C3FF477AF02307FF47AAF6D4889
:1037800052E526A801F0F4F89DF89F109DF89E5090
:103790000191BDF89C10684800916849BDF89A30C5
:1037A000002D08BF0146BDF898206548FFF794FA40
:1037B00068E6644B93F90030002BC2D19BF80030CF
:1037C000002BBED101F03EF801460028B9D15E4B76
:1037D0003422184602F068F80122027005220271B4
:1037E0005A4821E59DF8D730594D2B7043B901F067
:1037F0001BF8FFF73FF9FFF72FF92978554857E5F0
:103800000122554B1A70F4E79DF8D610534B5448DB
:1038100019704DE5514B4FF4805152481D78FEF719
:1038200091F84FF4007106464E48FEF78BF84E4B68
:10383000421E1B68711E0093534253414A424A4143
:103840004A482946FFF748FA1CE6414B4848197890
:103850002EE5484B484819782AE54848E4E40B70BF
:103860001A9904293FF43BAE1E469BE0299E304640
:10387000FFF75BF84BF680333A680028A4EB0202AE
:10388000B2FBF3F2B8BF4042C1178AB1142A28BF75
:10389000142240F24443A2FB032382428B41384B63
:1038A00008DB3C6000221A70364B299A1A6024E625
:1038B0000122EEE71F78002F2ED0334B30461968D7
:1038C000FFF733F8314B00281A684BF68033A4EB2E
:1038D0000202B2FBF3F2B8BF4042C117D2B1142AC0
:1038E00028BF142240F24443A2FB032382428B41AF
:1038F000ACBF0137199F224BA8BFFFB21F70224BEC
:103900001E60224B1C601E4B1A78022A42D9204AA4
:103910001460C7E70122E5E701221A70EFE700BF54
:10392000AD970008000048430000B4430C0000209D
:10393000C9970008D7970008D8950008E1950008B6
:10394000009800088D020020C40200203098000872
:103950004C0000203A98000848030020290300206A
:1039600047980008000C01402C03002054980008E0
:103970003D98000842030020A796000871980008AF
:10398000B003002048000020AC030020B403002056
:10399000A8030020804A0026136801331360012227
:1039A0007E4B1A707E4C23784BB128AA1A99204678
:1039B000FEF7C8FF237813B92046FFF7A3F98DB1AE
:1039C000774C1822002136A801F06EFF23784BB106
:1039D00036AA05212046FEF7B5FF237813B9204605
:1039E000FFF790F9002E00F04F84002399F8002093
:1039F0006C49012A0B6003D189F80030FFF73AF8CF
:103A00004FF480516848FDF79DFF01280CBF012449
:103A10000024664A07D113782BB965490B68013336
:103A20000B60644B1870644B14701B78DFF8D4A1E2
:103A3000002B72D100F0F8FE0023CAF80030FEF728
:103A4000D1FF5E4D2B7843B12846FCF78BFB81B24A
:103A5000284601F09DFD00B92870574B1B783BB1FB
:103A6000574B1B7823B199F80030002B00F02A82C5
:103A7000FEF7DAFF9BF80030022B18D1504B1B7871
:103A8000ABB1504B1B8843B14F490A88013292B207
:103A900093428CBF002301230A804C4A1278012AEA
:103AA00000F0D282C0F00F83022A00F0078301F0F9
:103AB00035FEE0B9464B474C1B782078012B464A2F
:103AC00000F0AA83454B1988002900F0A583444BD8
:103AD0001B7813B1142938BF1421138801339BB20A
:103AE0008B4280F08C831380002840F08A833D4B0A
:103AF0003D4A1B78002B14BF64214FF4FA71136800
:103B000001338B4280F0B28313603848FDF757FFD2
:103B10001A9CFFF71FBB002672E7294B1B781BB9C5
:103B20000023CAF800308CE70023CAF80030304B7D
:103B300093F90040002C67D0FEF754FF2D4B2E491F
:103B40001868FDF729F905462046FDF7D1F801462A
:103B50002846FDF721F900220021FEF7B9FF0446AF
:103B6000FFF730F82046FCF769FC244F0446D7E9FC
:103B700000230D46FCF704FBFEF788FFC7E90001B0
:103B80001F4F2046D7E900232946FCF7F9FAFEF734
:103B90007DFFC7E9000154E7C00200209802002021
:103BA000C402002094020020000C014030030020D9
:103BB0002C0300203103002010000020E40300202B
:103BC0004C0000200A0300200803002029030020E5
:103BD0004203002041030020840200204E00002008
:103BE0004003002043030020880200204C030020F3
:103BF0008D020020740000206F12833AB80200206A
:103C000038030020B002002099F80030002B40F06B
:103C1000BC80002E00F0B180FEF7F0FE0446DFF815
:103C20009C82954DD8E90001FCF758FF2146FCF72E
:103C3000A9FF044629462046FDF76AFA002835D137
:103C40008E4D29462046FDF74FFA002834D18C4985
:103C50002046FDF75DFA8B4D20B98B492046FDF7D4
:103C600039FA78B300220127884B21461A70884818
:103C7000884A2F7000F083FC21463A46FEF728FF61
:103C80000446FEF79FFF9BF80030BB427FF4D9AE9D
:103C900000212046FDF714FA024600287FF4D1AE39
:103CA0004FF400717C48FDF753FECAE620467B497D
:103CB000FCF768FF0446BDE720467849FCF764FF3F
:103CC0000446BEE72F78002F36D075492046FDF711
:103CD0001FFA20B973492046FDF7FCF948B3724B2F
:103CE00020461968FDF70CF9FDF732FA074640B98E
:103CF00000212046FDF70CFA002814BF01274FF0E1
:103D0000FF379BF80020012A05D100224FF40071F3
:103D10006148FDF71DFE384600F0E2FD3846FCF72D
:103D2000E7FF614B37461968FDF736F8CAF800001F
:103D300000E0074600232B709BF80020012A11D1D8
:103D40004FF400715448FDF703FED8E90001574BCA
:103D5000574AC3E9000102238BF800300023138087
:103D6000544A137037B900F05FFD00F06BFD08B9DD
:103D7000FEF762FFFEF77EFE63E64F4B1B68132BD8
:103D80007FF65FAE00F050FD5BE6012B7FF459AE8D
:103D90004A4D4B4CD5E90001FCF7A0FE0746D4E99B
:103DA0000001FCF79BFE01463846FCF7EBFE80461F
:103DB000314F39464046FDF7ABF9002838D12F4F37
:103DC00039464046FDF790F9002837D12C49404646
:103DD000FDF79EF930B92C494046FDF77BF90746BF
:103DE000002831D00022294B41461A70404601225A
:103DF000FEF76EFE0546FEF7E5FE9BF80030012B50
:103E00000AD100212846FDF75BF9024620B94FF49C
:103E100000712148FDF79CFD2846FCF70FFBD4E913
:103E20000023FCF7ADF9FEF731FEC4E9000108E616
:103E300040461A49FCF7A6FE8046BAE740461749B5
:103E4000FCF7A2FE8046BBE7FEF7F6FE9BF80020DB
:103E5000012A97D14FF400710F48FDF779FDD5E99C
:103E60000001124BC3E9000102238BF80030104B14
:103E70001F80104B1F7085E700003443000034C3DF
:103E8000CDCC4C3D48030020CDCC4CBD8C02002055
:103E9000500000206F12833A000C01400000B44330
:103EA0000AD7A33C0AD7A3BC0C00002000030020C3
:103EB0000803002031030020940200203803002072
:103EC000B802002066B1A548A54B01781A68A54C38
:103ED000A54B002940F08E8001271A6007702160F1
:103EE000DAF8004000212046FDF7F4F808B104F1AB
:103EF000004400212046FDF70BF99C4F002800F0FC
:103F00009B80DFF8C8822146D8F80000FCF73CFE11
:103F10000023C8F800003B80954BDFF8B0821C6896
:103F2000D8F8007001341C6092493846FDF7E6F875
:103F300038B1914B91491868FDF7CCF808B1C72CFE
:103F400017D84FF07E513846FDF7C4F800287FF4AB
:103F500091AD4FF07A513846FCF71EFF864B196839
:103F6000FDF7C2F800287FF483ADB4F57A7FFFF443
:103F700081AD00270122824B8BF800701F70814BAE
:103F8000814C1A70814B1F70814B1F7000F04CFCEC
:103F9000384600F033FCFEF76DFDFEF72FFDFCF711
:103FA0004DFA3A46C4E900014FF400717948FDF733
:103FB000CFFCD4E90023CDE904236F4B1868FCF74C
:103FC0003DFACDE90201D8F80000FCF737FA724A51
:103FD000CDE900014021714802F0BEF86F48FCF7BE
:103FE000C1F881B26D4801F0D3FA00287FF440ADEA
:103FF00028703DE519681046FEF797FC21681A60A5
:1040000008442060FCF774FE6549FCF7C5FE4FF0DC
:104010005C51FCF7C1FE00210446FDF75BF808B1D6
:1040200004F10044544F21463868FDF753F8002846
:104030003FF456AF3C6053E73B8801339BB2632BA0
:104040003B807FF669AF13E5564B1B78002B3FF49E
:104050002EAD0022534B1A704D4B93F90040524B3A
:10406000D3F800804046FCF7E9F982468B4664B3FA
:104070002046FCF7D1F952465B46FCF737FA4B4B2A
:10408000D3E90023FCF77CF8FEF700FD3E4B01224C
:10409000C3E90001454BC3E900010021444B1A70FC
:1040A000444B1980FEF79EFC3A480A464FF40071D3
:1040B000FDF74EFC404800F05BFAF8E4394A12780C
:1040C000002A18BF0123DBB2C0E73C4C3C4F94F9F7
:1040D0000050D7E900232846CDE91E23FCF79CF9C0
:1040E00052465B46FCF702FADDE91E23FCF748F86E
:1040F00002460B46002DCDE92001CDE91C2367DDEA
:10410000304BD3F800904846FCF798F904460D462A
:1041100002460B46DDE92001FCF778FC98B1DDE9A9
:104120001E0122462B46FCF767FC20B1484641465B
:10413000FCF728FD81464846FCF780F9FF221F4B1B
:10414000CDE91C011A70DDE91C34C7E900341E4BAF
:104150001868FCF773F9DDE91C2393E7E0030020FE
:1041600048000020240400202C040020E20300204A
:104170003004002000007041280400200000A0400E
:104180001000002028030020380300208D020020AA
:104190000C030020000C01407F980008E40300207D
:1041A0000000B443310300201C0300200003002062
:1041B000140300200803002050000020700000209D
:1041C000200300201003002018030020DC0300203F
:1041D000B9D000220023FCF7FBFB0028B3D0DDE9B7
:1041E0001E0100220023FCF7FDFB18B94FF0000A66
:1041F0004FF0000B0123CDE91CAB2370A3E7002394
:10420000138000232370002857D16B4B1B782BB1F0
:104210006A4BD3E9008907E0002364E4FEF7EEFB74
:10422000FCF70CF980468946654B664CD3E900AB38
:104230004AE038466449FCF7A5FC074653E0384697
:104240006149FCF7A1FC074654E0604B1B78002B4A
:104250000CBF002507255CE0CDE90254CDE90089BB
:104260005B4AA02136A801F077FF9CE000234FF4C1
:10427000005158481360FDF770FB46E41A9447E478
:104280001A94002D7FF49CAB534A99F80060136890
:1042900001331360002E7FF43EACB3F5FA7FFFF4D8
:1042A000AFAB012389F80030FEF7A8FBFCF7C6F896
:1042B000424BC3E90001FFF7A3BB484B484CD3E98D
:1042C0000089484BD3E900AB59465046FCF706FC41
:1042D000494605464046FCF701FC01462846FCF7E6
:1042E00051FC0746404D29463846FCF711FF00288F
:1042F0009FD13E4D29463846FCF7F6FE00289ED158
:10430000002EA2D13A4B1B78002B1A9B14BF062516
:104310001D46384B1B78002B9ED0374B374E186804
:10432000FCF78CF802460B462349CDE91C2308789C
:1043300033491694002808BF0E463249324C0968AA
:10434000159132490968149131490868FCF776F8EB
:10435000CDE912012F490868FCF770F8CDE910018A
:10436000A068FCF76BF8CDE90E016068FCF766F811
:10437000CDE90C012068FCF761F8DDE91C23CDE9EB
:104380000A013846CDE90623CDE90865FCF756F861
:10439000CDE902ABCDE90401CDE900891E4AA02197
:1043A00036A801F0D9FE9F28A8BF9F2081B236A869
:1043B000FEF782FCFFF79BBBB4020020B80200208E
:1043C00038030020FF9700080000B44328030020B2
:1043D0000A9900080010014094020020A002002069
:1043E000E6950008A802002000003443000034C312
:1043F0009802002040030020B0020020EF95000842
:10440000EC9500089002002050000020C00200201F
:104410000800002074000020A7980008036882B0FC
:10442000B3F1804F0CD103F50433DA6942F0010295
:10443000DA61DB6903F001030093009B02B070476F
:10444000064A9342FAD1064BDA6942F00402DA6175
:10445000DB6903F004030193019BEFE700080040D0
:10446000001002400268064903468A4203D0A1F5C3
:1044700070418A4202D1184600F056BE00F08CBA54
:10448000003801400268064903468A4203D0A1F57C
:1044900070418A4202D1184600F046BF00F07DBA52
:1044A00000380140FCF7D2BE0148FDF73DBD00BF1A
:1044B00058030020036810B5B3F1804F3AD1214C66
:1044C00023785BB100F068F940B91F4A13780133D3
:1044D000DBB2042B137001D900F06EF9237893B18D
:1044E00000F05AF968B1194800F058F9184B1870E3
:1044F000184B1A68184B1A600122184B1A700023C7
:104500002370237893B9164B5A68124B1A6000F047
:10451000EDF800280CBF012300234FF000022370A8
:10452000094B1A701EBF01220E4B1A7001220E4B4E
:104530001A7010BD0D4A9342FBD1BDE8104000F047
:10454000FBB900BFA0030020A1030020C00300208E
:1045500078000020B8030020D8030020BD0300200D
:10456000001000E0BC0300203404002000080040DC
:1045700020B10023C36003610023037770472DE956
:10458000F0470D461746044600285FD0002110462C
:10459000FCF7AAFD002859D129463846FCF7FCFB58
:1045A000E1688146FCF7F0FA237F0646E060002BC5
:1045B00048D021692846FCF7E5FA3946FCF7A0FC0B
:1045C000074601232561237721682846FCF7E4FB91
:1045D000D4F80480054641463046FCF7DDFB014631
:1045E0002846FCF7D1FAA16805463846FCF7D4FB0B
:1045F00001462846FCF7C8FA676905460146384671
:10460000FCF786FD00BBD4F818A029465046FCF7FD
:1046100061FD00B1554600214046FCF751FD70B9DF
:1046200029463846FCF74CFD20B92946A069FCF71D
:1046300047FD20B149463046FCF7A4FAE060284621
:10464000BDE8F0870027BCE73D46E4E70025F6E734
:10465000144938B500220446D1E90001124BFCF799
:104660006FF800224FF08243FBF740FFFCF716FA89
:104670000E4B0025984228BF1846E560256165610C
:10468000C4E90000FBF7B8FE0022074BFBF72EFF42
:104690000022074BFBF72AFFFCF720FAA573A06066
:1046A00038BD00BF8000002000807640FFFF010081
:1046B0000000E03E0000000008B505A1D1E90001BE
:1046C000054BC3E900010548FFF7C2FF002008BD04
:1046D0000000000000C0424080000020480400208C
:1046E00008B5FFF7B5FF002008BD00002DE9F84F21
:1046F000234BDFF8A0A01B7833B3224E224BD6E920
:104700000001D3E90023FBF73BFDDAE90023FBF7C7
:1047100037FDB34604460D4600261C4F32463B4645
:1047200020462946FCF768F9C0B9002600274FF05B
:104730000008DFF8589032463B4620462946FCF7F1
:1047400047F9A0B9CBE90045002200231048CAE987
:104750000023FFF77DFF0020BDE8F88F20462946A3
:1047600032463B46FBF70AFD04460D46D6E7204697
:10477000294642464B46FBF703FD04460D46DAE761
:104780003604002080000020400400200080764095
:1047900048040020380400200120704730B504464A
:1047A000044D0FCD0FC495E8030084E803000020FA
:1047B00030BD00BF4804002070470000F0B5022360
:1047C0000024402601270A4D85B0694628460393F8
:1047D0000294CDE90067FCF761FF28463A4631466E
:1047E000FDF7B6F82046034B1C7005B0F0BD00BFC6
:1047F000000C01403604002070470000002814BF60
:104800000122002208B5064B4FF040011A700548FE
:104810000CBF01220022FDF79BF8002008BD00BF5D
:1048200036040020000C0140002200230349C1E9A6
:1048300000230349C1E90023704700BF4004002062
:10484000380400200A4908B5D1E9000100220023FC
:10485000FCF7B4F850B107490022D1E90001002368
:10486000FCF7ACF8B0FA80F0400908BD0120FCE785
:104870004004002038040020F8B5144B0546188881
:104880000C46FBF7B9FD0022114BFBF72FFE024649
:104890000B4600200F49FBF753FF064628460F46FC
:1048A000FBF7AAFD02460B4630463946FBF71EFED3
:1048B0000022094BFBF744FF0CB901F100410B4604
:1048C00002460649C1E90023F8BD00BF7C00002074
:1048D000000069400080764000408F404004002086
:1048E000F8B5114B05461888FBF786FD00220F4BE3
:1048F000FBF7FCFD02460B4600200D49FBF720FFAD
:10490000064628460F46FBF787FD0A4C02460B4633
:1049100030463946FBF7EAFDD4E90023FBF730FCCB
:10492000C4E90001F8BD00BF7C0000200000694020
:10493000008076403804002070470000024B188049
:10494000024B002019807047880000207A00002068
:10495000431E9BB2FF2B05D8034003D1034A1080AE
:10496000184670476FF00100704700BF7C000020C0
:10497000064B1B880380064B1B884380054B1B8816
:104980008380002383710123C37170478800002056
:104990007A0000207C0000207047704703461846CC
:1049A00013F8012B202AFAD0092AF8D0704700000A
:1049B0002DE9F34104468846006801A902F034FA63
:1049C000019E23680546B34211D020F000470949F3
:1049D0003846FCF7A7FB50B906493846FCF798FB68
:1049E00028B92660C8F8005002B0BDE8F0814FF049
:1049F000FF30F9E7FFFF7F7F37B504460D460A22F7
:104A000001A9006802F0DAFA2268019B9A4217BFF6
:104A100023604FF0FF302860002003B030BD00005D
:104A200070B50D4686B00646002800F005810029C5
:104A300000F0028103780022002B00F037824FF053
:104A400080730A70C1E90122C1E90322C1E905228C
:104A5000C1E90722C1E90922C1E90B224B63A6493A
:104A6000FBF776FB18B90120287006B070BDA3498A
:104A70003046FBF76DFB10B902232B701BE0A049F9
:104A80003046FBF765FB08B90D23F6E79D49304634
:104A9000FBF75EFB28B90E2301202B7085F82F0051
:104AA000E3E799493046FBF753FB30B90E232B70EF
:104AB000FF2385F82F300120D7E7022293493046A3
:104AC00001F07EFB68B9023605A904A80496FFF739
:104AD0006FFF002840F0B08003232B70059BAB6173
:104AE000E9E703228A49304601F06AFB58B90336E8
:104AF00006A840F8046D291DFFF75AFF002840F072
:104B00009B800423B9E703228249304601F058FB19
:104B100060B9033606A840F8046D05F10801FFF7F7
:104B200047FF002840F088800523A6E703227A4942
:104B3000304601F045FB58B9033606A840F8046D2D
:104B400005F10C01FFF734FF002875D1062394E727
:104B500002227249304601F033FB58B9023606A8EA
:104B600040F8046D05F11001FFF722FF002863D122
:104B7000072382E702226A49304601F021FB58B937
:104B8000023606A840F8046D05F11401FFF710FF86
:104B9000002851D1082370E703226249304601F012
:104BA0000FFB80B9033605A904A80496FFF724FF7C
:104BB000002841D1059BB3F5803FBFF456AF0922D1
:104BC000AB832A7077E703225749304601F0F8FAA1
:104BD00070B9033605A904A80496FFF70DFF58BB6A
:104BE000059B022B3FF641AF0A22AB772A7062E7A2
:104BF00006224E49304601F0E3FA044670B9063603
:104C000005A904A80496FFF7F7FEA8B9059B012B98
:104C10003FF62BAF0B22EB772A704CE70522444975
:104C2000304601F0CDFA00284FD1053602A901A87F
:104C30000196FFF7BDFE08B1002016E7019B5A1C44
:104C400001921A782C2AF7D1002205925A782B2A41
:104C500001D02D2A2BD199782C2928D12B2A0CBFB1
:104C600001244FF0FF340333019303A901A8FFF798
:104C70009FFE0028E0D1019B5A1C01921B782C2B2F
:104C8000DAD104A901A8FFF7B7FE0028D4D1049B0C
:104C9000B3F5803FD0D20C222A70029AAB852A62EB
:104CA000059A85F82E406A62039AAA6203E705A96D
:104CB00001A8FFF77DFE0028BED1019B5A1C01927E
:104CC0001B782C2BB8D10446CFE705221949304672
:104CD00001F076FA80BB053605A904A80496FFF713
:104CE0008BFE0028A8D1059B022BA5D8152285F89C
:104CF00036302A70DFE600BF1C9900081F990008B3
:104D000023990008289900082C9900083099000878
:104D100033990008379900083B9900083F9900082B
:104D20004299000845990008499900084D990008E2
:104D3000549900085A99000805225D49304601F04F
:104D40003FFA88B9053605A904A80496FFF754FE72
:104D500000287FF471AF059B012B3FF686AE17222A
:104D600085F837302A70A6E652493046FBF7F0F94D
:104D700008B9162381E650493046FBF7E9F908B92E
:104D800019237AE64D493046FBF7E2F908B91823B2
:104D900073E64B493046FBF7DBF908B913236CE6A1
:104DA00048493046FBF7D4F908B9142365E60522D3
:104DB0004549304601F004FAA0B9701DFFF7EEFD39
:104DC00005A9049004A8FFF717FE00287FF434AF6C
:104DD00040F6B832059B93423FF647AE0F222B8632
:104DE0002A7068E606223949304601F0E9F9A0B98F
:104DF000B01DFFF7D3FD05A9049004A8FFF7FCFD43
:104E000000287FF419AF40F6B832059B93423FF675
:104E10002CAE10222A706B864DE605222C493046B6
:104E200001F0CEF930BB701DFFF7B8FD04A9039067
:104E300003A8FFF7E1FD00287FF4FEAE40F6B8338B
:104E4000049A9A423FF6F8AE0398FFF7A7FD05A92A
:104E5000039003A8FFF7D0FD00287FF4EDAE40F6E5
:104E6000B832059B93423FF6E7AE11222A70049AAE
:104E70002A86D0E706221749304601F0A1F998B9F1
:104E8000B01DFFF78BFD05A9049004A8FFF7B4FD42
:104E900000287FF4D1AE059BB3F5803FBFF4CCAEC4
:104EA0001222AB862A7006E61A23E6E51846DCE5F0
:104EB00060990008669900086B9900086E990008CF
:104EC00073990008789900087D9900088399000873
:104ED0008A99000890990008074A084913880988A8
:104EE000013303F07F03994210B504D01188044CBC
:104EF00089B26054138010BD60040020E2040020D9
:104F000062040020C36C70B55D68B0F82441C5F13F
:104F10004005ADB2A4B2A54206460BD03319013408
:104F200093F8E40004F03F04FFF7D6FFA542F5D163
:104F3000A6F8245170BD10B5044694F8E230043050
:104F400073B100234022A4F8243104F1E401FDF7F9
:104F5000DBFC20B96268D36843F01003D36010BD56
:104F600004F1E3010122BDE81040FDF767BC43688E
:104F700010B5044613B10430FDF76BF90023A4F813
:104F80002431A4F8E230A4F82633A4F82833A4F896
:104F90002A3384F82C3384F82D3384F82E3310BD53
:104FA00000234FF400702DE9F0474FF4806A012789
:104FB0004FF4E1394FF00C08524A534C1380534AD6
:104FC00053491380534E544AA4F8D800201DA4F826
:104FD000243184F8E330A4F82633A4F81234A4F87A
:104FE00028332260A4F82A33C4F8D41084F82C3370
:104FF000C4F8DC1084F82D33A4F8E0A084F82E3334
:10500000A4F85434A4F85636A4F85836A4F85A36FE
:1050100084F85C3684F85D3684F85E363370A4F824
:105020002431A4F82633A4F82833A4F82A3384F8CA
:105030002C3384F82D3384F82E3384F8E2706260C8
:10504000C4E90293C4E90433C4E906832362FDF78B
:10505000D1F800283ED194F82E3303F0FF05CBBBE6
:10506000204684F82D73FFF766FF2C4A2C4BC4F8BA
:105070000424C4F80C244FF4006204F54D70A4F825
:105080005454C4F83033A4F85656A4F808A4A4F82D
:105090005856C4F81024A4F85A56C4F8343384F887
:1050A0005C56C4F8389384F85D56C4F83C5384F8D1
:1050B0005E56C4F84053C4F84453C4F84883C4F857
:1050C0004C53C4F85053FDF795F868B11548FFF7F5
:1050D0004EFF13E00C48FFF74AFF1248FFF747FF67
:1050E0004FF0FF30BDE8F08794F85E36002BEDD12D
:1050F00004F54C7084F85D76FFF71DFF0123002056
:105100003370EFE760040020E4040020E204002094
:1051100000080140440B002000380140000C014011
:1051200000480040140800202DE9F04F794D036835
:105130002A688DB093427FD0D5F83023934240F057
:1051400098804FF001084FF44C7606FB08F61022C9
:10515000002108A800F0A8FBAB596F49AA198B429F
:105160006DD16E4B9A6942F480429A619A6902F459
:1051700080420392039A9A6942F004029A619B6901
:1051800003F004030493049B4FF44C7707FB08F7E8
:10519000EC19B4F8D83008A9089302230993032323
:1051A000D4F8D4000B93FCF779FAB4F8E03000207F
:1051B0000893012308A9CDE90903D4F8DC00FCF722
:1051C0006DFA94F8E230002B00F08B80534B4FF4D3
:1051D0004C795A6909FB08F942F001025A615B698E
:1051E000EA5903F001030793079B4B4B06F14C0A66
:1051F0009A420ABF03F54843494B5833E364143BD2
:10520000C4F890308022002305EB0904C4E914336C
:10521000A2650192C4E9173320224FF48053AA44B7
:10522000C4E919235046FCF7A1F8019A074618B3C0
:10523000012384F82E331CE04FF0000883E739493E
:105240008B4213D1354BDA6942F48022DA61DA6994
:1052500002F480220592059A9A6942F008029A6146
:105260009B6903F008030693069B8DE7012382F8F0
:105270002E330DB0BDE8F08F102306F1040B9036ED
:10528000AB442E44C4E92530C4E92720C4E92900F1
:10529000C4F8AC00C4F840A0C4F870B03046FCF7C5
:1052A00065F820B15046FCF793F82764C0E755F83D
:1052B0000910194AE6639142C4F8B4B023D10246FA
:1052C000082101900E20FBF7E5FF0E20FCF716F8F1
:1052D000019B0F201A460821FBF7DCFF0F20FCF78B
:1052E0000DF84FF44C7303FB08F80B4B55F80820EE
:1052F0009A4208D1252000220821FBF7CBFF252068
:10530000FBF7FCFFB5E7272000220821FBF7C2FFCF
:105310002720F5E7E4040020003801400010024097
:10532000300002400048004070B5274C03682268F6
:10533000934205D0D4F83023934243D1012600E0B4
:1053400000264FF44C757543631993F8E2304BB166
:1053500005F14C002044FCF73BF805F19000204497
:10536000FCF736F84FF44C7575436619B6F8D8104B
:10537000D6F8D400FCF772FAB6F8E010D6F8DC00E4
:10538000FCF76CFA6359114A934210D102F5584266
:105390009369252023F480439361FBF7BDFF0E2022
:1053A000FBF7BAFF0F20BDE87040FBF7B5BF084A16
:1053B000934207D102F5E432D369272023F48023F6
:1053C000D361F0E770BD00BFE40400200038014065
:1053D0000048004007B50B4890F8E23063B14368DD
:1053E0001A68D20608D5002201921A6801925B68F9
:1053F0000193019BFFF786FD034803B05DF804EBC2
:10540000FDF75AB8E4040020E804002007B513486B
:1054100090F85D364BB9D0F834331A6800925B6867
:105420000093009B03B05DF804FB90F812347BB14D
:10543000D0F834331A68D2060AD5002201921A68CD
:1054400000F54C7001925B680193019BFFF75AFDD8
:10545000034803B05DF804EBFDF72EB8E404002028
:10546000180800200148FCF785B800BF740500202B
:1054700010B5054C04F14C00FCF77CF82046BDE863
:105480001040FFF73FBD00BFE40400200F4A9042E8
:10549000A2F1040217D002F54D73984212D10123F4
:1054A0004FF44C7101FB0323B3F82813B3F82A23FC
:1054B0000A44C2F30802A3F828230022A3F82A23EF
:1054C00083F82C2370470023EAE700BFE80400209C
:1054D00070B5124D0646A842A5F104051AD005F58F
:1054E0004D73984218D101214FF44C744C432B1941
:1054F00093F82D2382B193F8E2206AB993F8E30080
:10550000E334FFF7E9FC29193046BDE87040012279
:10551000FDF794B90021E7E770BD00BFE804002063
:1055200073B51A4D0646A842A5F1040505D005F548
:105530004D73984227D1012400E000244FF44C70B1
:1055400000FB045090F82D33EBB100230193336836
:105550001A6801925B680193019B96F84230202BF8
:1055600001D1FFF7E8FC96F84130202B0BD14FF426
:105570004C7303FB045494F82C3323B10023A4F898
:105580002A3384F82C3302B070BD00BFE804002039
:1055900030B5304B1B789BB12F4A92F82D33A3B115
:1055A000B2F82633B2F828439BB2A4B2A34209D37F
:1055B0001B1B9BB2C3F5FF7301339BB2994204D905
:1055C000012037E003F50073F2E792F85D368BB106
:1055D000B2F85636B2F858469BB2A4B2A34238BFCE
:1055E00003F500731B1B9BB2C3F5FF7301339BB222
:1055F0009942E5D892F82D339BB10446231A9BB209
:1056000099420ED9B2F8263314F8015B134483F89B
:105610002651B2F826330133C3F30803A2F8263328
:10562000ECE792F85D3623B10446231A9BB2994207
:1056300001D8002030BDB2F8563614F8015B13448F
:1056400083F85654B2F856360133C3F30803A2F870
:105650005636EAE7440B0020E4040020F8B52D4B51
:105660001B78002B50D02C4F00243D463E1D4FF49C
:105670004C7303FB047393F82D23002A43D093F853
:105680002C23002A3FD1B3F82623B3F8283392B253
:105690009BB29A4238BF02F50072D21A92B292B30C
:1056A0004FF44C7303FB0453B3F828130120114447
:1056B000B1F5007F4FF44C7101FB04F1C8BFB3F8A2
:1056C000282305EB0103C4BFC2F5007292B283F830
:1056D0002C03A3F82A2393F8E2C0B3F828337018F8
:1056E00001F5937119442944BCF1000F0FD0FCF768
:1056F000E3FD40B14FF44C73002203FB0453A3F8C5
:105700002A2383F82C2304B1F8BD0124AFE7FCF76A
:10571000BAFDEEE7440B0020E404002010B5124B64
:105720001B7803F0FF00D3B100214FF44C740F48F5
:1057300004FB010292F82D337BB192F82C338BB924
:10574000B2F82633B2F828239BB292B2934238BF04
:1057500003F500739B1A9BB223B909B1002010BD59
:105760000121E5E70120FAE7440B0020E4040020D2
:1057700007B5094B1A7802F0FF035AB1074B1A8894
:10578000CDE90001064B8021064800F00DF803B07A
:105790005DF804FB1846FAE7440B00206004002083
:1057A000E2040020620400202DE9F0478046BDF8A5
:1057B0002400089F80B34FF0000900F1FF3E1C88D1
:1057C000944229D025464FF0000C18F80500013509
:1057D00095FBF1F601FB16560D28B5B232D00A281A
:1057E0000BD10020AC4207EB000C17D11C808CF8C9
:1057F00000900028E3D0BDE8F0870CF1010CAA422C
:105800001FFA8CFCE1D14A1E944505DB013494FB60
:10581000F1F201FB124119800020ECE704F1010ACA
:1058200018F804609AFBF1F401FB14A40D2EA4B245
:10583000D8D00A2ED6D07045BEBF013080B28CF8C9
:105840000060CFE7AA42CCD018F806000A28C8D1D9
:10585000013696FBF1F501FB1566B5B2C1E7000014
:1058600070B500250C4E0D4CA41BA410A54209D107
:1058700003F06AFE00250A4E0A4CA41BA410A542A0
:1058800005D170BD56F8253098470135EEE756F83A
:10589000253098470135F2E7809C0008809C00087D
:1058A000809C0008849C000803460244934200D177
:1058B000704703F8011BF9E7002B2DE9F0471E465E
:1058C000BBBF03F100431E4600232D2388B0149F65
:1058D000DDE9121A27F02007462F1446109D0B70A1
:1058E00004D0452F00D10135022300E0032307AA8D
:1058F000049206AACDE902A2CDE90035224633463C
:1059000001F03AFC472F804602D1119BDB0726D5D8
:10591000462F08EB050911D198F80030302B0AD139
:105920000022002320463146FBF748F818B9C5F19C
:105930000105CAF80050DAF800309944002200232B
:1059400020463146FBF73AF838B93022079B4B45E1
:1059500005D2591C07911A70F8E7CDF81C90404603
:10596000079B159AA3EB0803136008B0BDE8F08706
:10597000F7B50029B4BF2D232B230446B8BF4942F5
:10598000092904F8022B437021DD0DF107031F469E
:105990000A2691FBF6F506FB1511092D01F13001E0
:1059A00003F8011C03F1FF32294609DC3031023BC8
:1059B00002F8011CBB42224604D3101A03B0F0BD0A
:1059C0001346E6E713F8012B04F8012BF2E7302326
:1059D00019448370021DC170EFE700002DE9F04FFC
:1059E00091B00C461A9F93461E46054602F0A6FC4F
:1059F000036818460993FAF7B5FB00230E933B683A
:105A00000A90073323F0070303F1080294F8188083
:105A1000D4F800A03A60D3E90023C4E91223D4E902
:105A2000127929F000430B934FF0FF32A64B384612
:105A30000B99FAF7F5FF68BB4FF0FF32A24B3846DF
:105A40000B99FAF7CFFF28BB0022002338464946BE
:105A5000FAF7BEFF10B12D2384F843309B4F9C4BC7
:105A6000B8F1470F98BF1F4603234FF00009236189
:105A70002AF00403236000965B460FAA21462846BD
:105A800000F0E2F9013040F090804FF0FF3011B0AB
:105A9000BDE8F08F3A464B4638464946FAF7C0FF14
:105AA00010B18C4F8C4BDBE763684AF48062591C61
:105AB0000DA80EA940D1062363604FF0000C0DF134
:105AC0003303CDE9012363682260CDE90308009325
:105AD0003A464B46CDE9051C2846FFF7EDFE08F097
:105AE000DF03472B074609D10D9BD81C02DB6268F8
:105AF000934247DDA8F102085FFA88F8B8F1650F14
:105B00000D9924D80139424604F150000D91FFF758
:105B10002FFF0E9A81461318012A236102DC2268A6
:105B2000D10701D5013323619DF83330002BA2D07A
:105B30002D2384F843309EE7B8F1670F00F06E81A3
:105B4000B8F1470FB9D1002BB7D10123B4E7B8F1B1
:105B5000660F19D1002963680CDD216113B9226831
:105B6000D20702D501330B4423610D9B4FF000098E
:105B7000A365D9E713B92268D00701D50233F3E74B
:105B80000123F1E74FF06708DDE90D32934205DBB1
:105B900022682361D107E8D50133E5E7002BCCBFAC
:105BA0000123C3F102031344DEE723685A0507D437
:105BB00023693A4659462846B047013029D164E75F
:105BC000B8F1650F40F2D780D4E91201002200231A
:105BD000FAF7F4FE88B30123404A59462846B047F5
:105BE00001303FF452AFDDE90D239A4202DB236816
:105BF000D8070ED5DDE9092359462846B0470130BC
:105C00003FF443AF002704F11A080E9B013BBB424F
:105C100009DC23689F0700F1FD80E0680F9B984234
:105C2000B8BF184633E70123424659462846B047D5
:105C300001303FF42AAF0137E7E70D9B002B2BDC47
:105C40000123264A59462846B04701303FF41DAF8C
:105C50000D9B23B90E9B13B92368D907D9D5DDE96C
:105C6000092359462846B04701303FF40EAF4FF0A4
:105C7000000804F11A090D9B5B42434501DC0E9BB1
:105C800097E701234A4659462846B04701303FF47A
:105C9000FCAE08F10108EEE70E9AA36D9A42A8BF88
:105CA0001A46002A904607DD134659463A462846CA
:105CB000B04701303FF4E9AE04F11A034FF0000A97
:105CC00028EAE8780B9315E0FFFFEF7F9B99000827
:105CD00097990008A39900089F990008A7990008C0
:105CE00001230B9A59462846B04701303FF4CDAE08
:105CF0000AF1010AD4F85890A9EB08035345EFDCE8
:105D0000DDE90D239A424F4414DB2368DA0711D4EE
:105D10000E9B0D99A3EB0902A3EB01099145A8BFC6
:105D20009146B9F1000F0DDC002729EAE97904F169
:105D30001A0818E0DDE9092359462846B047013022
:105D4000E6D1A2E64B463A4659462846B0470130CE
:105D5000EAD19AE60123424659462846B047013027
:105D60003FF493AE0137DDE90D239B1AA3EB090342
:105D7000BB42EFDC4DE70E9A012A01DCDB0738D588
:105D800001233A4659462846B04701303FF47DAEDC
:105D9000DDE9092359462846B047013007F10107DC
:105DA0003FF473AED4E912010E9B002203F1FF38D9
:105DB0000023FAF703FEC0B943463A46594628463F
:105DC000B04701300DD160E60123424659462846CE
:105DD000B04701303FF459AE01370E9B013BBB4247
:105DE000F2DC4B4604F15002E4E6002704F11A0805
:105DF000F3E70123E1E70123424659462846B0472D
:105E000001303FF442AE0137E3680F9A9B1ABB4260
:105E1000F1DC02E7002704F11908F5E7002B3FF455
:105E200094AE4FF0000CCDE9051C0DF1330122605A
:105E3000CDE90308CDE9012100933A464B462846B7
:105E4000FFF73AFD07464FE62DE9F04791461F461A
:105E50008A680B6906469342B8BF1346C9F80030FA
:105E600091F843200C46DDF8208012B10133C9F8C7
:105E700000302368990642BFD9F800300233C9F8D0
:105E80000030256815F0060507D104F1190AE3680A
:105E9000D9F800209B1AAB4229DC94F843302268E1
:105EA000003318BF012392062ED404F14302394671
:105EB0003046C047013021D02368E56803F006036F
:105EC000042B18BF0025D9F800204FF0000908BFA7
:105ED000AD1AA368226908BF25EAE5759342C4BFDD
:105EE0009B1AED181A344D451AD1002008E0012301
:105EF000524639463046C047013003D14FF0FF309B
:105F0000BDE8F0870135C2E73020E11881F8430091
:105F10005A1C94F845102244023382F84310C4E717
:105F20000123224639463046C0470130E6D009F108
:105F30000109D8E72DE9F04301F1430C0C46097E35
:105F400085B06E291746064698460C9A00F0B38035
:105F500022D8632936D00AD8002900F0B980582900
:105F600000F0838004F1420584F8421032E0642995
:105F700001D06929F6D120681368050603F10401F0
:105F80002AD51B681160002B03DA2D225B4284F8AE
:105F900043206F480A2239E0732900F09D8008D819
:105FA0006F2920D07029DDD1236843F020032360BE
:105FB00003E0752917D07829D4D17823654884F86F
:105FC000453055E0136804F14205191D1B68116046
:105FD00084F8423001238CE01B6810F0400F116000
:105FE00018BF1BB2CFE713682568181D106028067C
:105FF00001D51B6802E06806FBD51B886F2914BF1A
:106000000A2208225248002184F843106568002DB6
:10601000A560C0F29580216821F004012160002B69
:106020003DD1002D40F08E806546082A0BD12368B3
:10603000DB0708D5236962689A42DEBF302305F882
:10604000013C05F1FF35ACEB05032361CDF8008081
:106050003B4603AA21463046FFF7F6FE01304DD1FC
:106060004FF0FF3005B0BDE8F083394884F84510A3
:10607000136821681D1D1B6815600A060BD5CA0729
:1060800044BF41F0200121601BB9226822F02002A8
:1060900022601022B7E74D0648BF9BB2EFE7654686
:1060A000B3FBF2F102FB1133C35C05F8013D0B4673
:1060B0000029F5D1B9E713682568181D61691060DA
:1060C00028061B6801D5196002E06A06FBD5198015
:1060D000002365462361B9E71368191D11601D6827
:1060E00062680021284602F051F908B1401B606047
:1060F00063682361002384F84330A7E723692A46B5
:1061000039463046C0470130AAD023689B0713D4D4
:10611000E068039B9842B8BF1846A3E701234A46AC
:1061200039463046C04701309AD00135E368039ABA
:106130009B1AAB42F2DCEBE7002504F11909F5E705
:10614000002BACD1037804F1420584F842306CE7AF
:10615000A9990008BA9900080CB430B5174B0C1E69
:106160009DB01D6808DA8B234FF0FF302B601DB007
:10617000BDE8304002B070474FF40273ADF8143000
:106180000CBF234604F1FF33049307934FF6FF73CC
:1061900002900690ADF81630209A21AB02A928464D
:1061A000019302F013FE431CBCBF8B232B60002C19
:1061B000DDD00022029B1A70D9E700BF8C000020BE
:1061C00010B56AB10139841810F8013B11F8012F9C
:1061D000934203D1A04201D0002BF5D1981A10BDF3
:1061E0001046FCE72DE9F0410F46904602F0B2FB65
:1061F00004460D46B8F1000F11D0C7F30A53C3F19E
:106200006B03002B0BDD00241B0503F17F5505F507
:10621000401522462B46FAF769F904460D462046FA
:106220002946BDE8F08100002DE9F04F1F4600230C
:10623000A1B0834638460E4617921C9302F07BF8B5
:1062400080460068F9F78EFF4FF0000904464FF0D2
:10625000000A1B961B9B1A780D2A32D8092A36D2BF
:10626000002A3ED000230D931B9D2B78302B40F04D
:10627000AC806B78582B01D0782B67D10D9B02979F
:1062800001931CAB0093894A1DAB1BA9584601F032
:1062900077FD10F00704064605D0062C2BD100230D
:1062A00001351B950D93179B002B40F0A6850D9B88
:1062B000E3B14A460AF100431046194621B0BDE851
:1062C000F08F2B2A15D02D2A04D0202ACAD10133D1
:1062D0001B93BFE701220D925A1C1B925B78002B87
:1062E000C2D1179B1B96002B40F085854A4653462A
:1062F000E2E70022EFE71C9A3AB135211EA802F02E
:106300001CFC1C99584602F08EF8013C042C06D85F
:10631000DFE804F00A0314170A00DDE91E9A3107CA
:10632000C1D54AF0004ABEE71D9ADDE91E9302F28C
:10633000334223F4801343EA025AF0E7DFF870A1F6
:10634000EDE76FF0004A4FF0FF39E8E71B9B5A1C5E
:106350001B925B78302BF9D0002BA4D001230025B1
:106360000A2207931B9B0695089304951B980778B0
:10637000A7F13003D9B2092929D92246D8F800104B
:10638000FFF71EFF002831D000203B460246049C48
:106390000590652B01D0452B14D124B910B9079B6A
:1063A000002B9ED000241B9E731C1B9373782B2BF9
:1063B00078D02D2B70D04FF0000CA3F13007092FAF
:1063C0007CD91B964FF0000E9AE00023C7E7049992
:1063D00001300829D7BF069902FB053502FB0133BE
:1063E0000693049B1B9001330493BFE71B9B1A1970
:1063F0001B92049A1B5D002A37D00246049CA3F12D
:106400003001092913D901210591C2E71B9B0130F5
:106410005A1C1B925B78302BF8D0A3F13102082A6A
:1064200000F2F0841B9A0892024600200446B3F161
:10643000300E00F1010112D00A440A27214600EB78
:10644000040C8C4513D12118082904F101040444DB
:1064500019DC0A21069B01FB03E3069300211B9B29
:10646000581C1B905B780846C9E70498D3E70829B5
:1064700001F1010103DC069B7B430693E1E7102950
:10648000D8BF7D43DDE7102CDCBF0A2101FB05E509
:10649000E4E70123059381E74FF0010CB31C1B9344
:1064A000B3788AE74FF0000CF8E700BFCC990008FA
:1064B0000000F07F1B9B5F1C1B975B78302BF9D093
:1064C000A3F13107082F3FF67DAFA3F1300E1B9BE0
:1064D00009931B9B5F1C1B975B78A3F13008B8F1F5
:1064E000090F37D909997F1A082F44F61F6737DC3F
:1064F000BE45A8BFBE46BCF1000F01D0CEF1000ED4
:10650000002C51D100287FF4CEAE079A002A7FF4E8
:10651000CAAE059A002A7FF4E4AE4E2B27D021DCC8
:10652000492B7FF4DEAEA4491BA801F05DFE0028D4
:106530003FF4D7AE1B9BA149013B1BA81B9301F065
:1065400053FE10B91B9B01331B93DFF884A24FF05D
:106550000009A8E60A2101FB0E3EAEF1300EB8E7B5
:10656000BE46C8E7692BDED06E2B7FF4BAAE9449E5
:106570001BA801F039FE00283FF4B3AE1B9B1B782B
:10658000282B0ED11EAA8F491BA801F041FE052819
:1065900007D11F9BDDF8789043F0FF4A4AF4E00AE8
:1065A00081E6DFF834A2D2E7AEEB02030793049B47
:1065B0000698002B08BF2346102C0493A046A8BFC2
:1065C0004FF01008F9F718FF092C81468A4613DCB2
:1065D000079B002B3FF467AE079B7EDD162B65DC27
:1065E000794A02EBC30E4A46DEE900015346F9F749
:1065F0007DFF81468A4656E6734B03EBC80353E999
:106600001223F9F773FF064628460F46F9F7F4FE02
:1066100002460B4630463946F9F7B2FD0F2C81464B
:106620008A46D5DD079BA4EB08089844B8F1000F13
:1066300040F39A8018F00F030AD063494A4601EBF1
:10664000C301D1E900015346F9F750FF81468A465C
:1066500038F00F0877D0B8F59A7F4BDD4FF000087F
:10666000CDF81080CDF82080CDF8188022234FF08F
:106670000009DFF85CA1CBF80030089B002B3FF449
:1066800012AE1C99584601F0CEFE0699584601F00C
:10669000CAFE0499584601F0C6FE0899584601F012
:1066A000C2FE4146584601F0BEFEFCE5079AC4F121
:1066B00025039342B6DB444DC4F10F0405EBC4013E
:1066C0004A46D1E900015346F9F710FF079B1C1B0E
:1066D00005EBC405D5E9002389E713F1160FA1DB0B
:1066E000394A4846A2EBC302D2E900235146FAF7E1
:1066F00027F87EE70023484651461D46334E4FEAB1
:106700002818B8F1010F21DC0BB181468A462F4BC6
:10671000AAF1547A03EBC5054A46D5E90001534670
:10672000F9F7E4FE2A4B0A460B402A4981468B4280
:1067300094D8A1F580118B4286BF4FF0FF39DFF866
:106740009CA002F1547A002305937BE018F0010F1E
:1067500006D006EBC503D3E90023F9F7C7FE0123F2
:1067600001354FEA6808CCE7EDD0C8F1000818F011
:106770000F020AD0144B484603EBC2035146D3E93B
:106780000023F9F7DDFF81468A465FEA2818DAD050
:10679000B8F11F0F24DD4FF00008CDF81080CDF8C0
:1067A0002080CDF8188022234FF000094FF0000A16
:1067B000CBF8003061E700BF9C990008239A0008DD
:1067C000A4990008E0990008609A0008389A000827
:1067D0000000F07F0000A07C0000F8FFFFFFEF7FCB
:1067E00018F0100318BF6A2348460593514600234A
:1067F000A14DB8F1000F00F313810BB181468A4619
:10680000059BBBB1CAF30A53C3F16B03002B51467E
:1068100010DD1F2B40F31081342BD8BF4FF0FF3217
:106820004FF00009CFBF4FF05C7A203B02FA03F330
:1068300003EA010A0022002348465146FAF7BEF84F
:106840000028A8D1069B049A00930899234658462D
:1068500001F03BFE089000283FF400AF079A079B29
:10686000002AC3F10003A8BF00234FF000080E93D5
:1068700022EAE2731693CDF81080089B58465968B7
:1068800001F09DFD069000283FF4F0AE089B0C300F
:106890001A6903F10C010232920001F085FD1EAB72
:1068A00001931DAB00934A4653465846CDE90A9AD8
:1068B00002F0C6F81C9000283FF4D8AE01215846DB
:1068C00001F08FFE0490034600283FF4CFAE1D9DDB
:1068D0001E9A002DABBF0E9B169BEE185C1B059BF2
:1068E000A8BF169CA5EB03051544644B05F1FF35C5
:1068F000B8BF0E9E9D42C2F1360280F2AF805B1B94
:106900001F2BA2EB03024FF0010700F39C80002530
:1069100007FA03F30F93B718059BBE4214441C44B7
:106920003346A8BF3B46A342A8BF2346002BC2BFA5
:10693000FF1AE41AF61A0E9BBBB11A460499584680
:1069400001F0EEFE049000283FF490AE01461C9A40
:10695000584601F04FFE099000283FF487AE1C997D
:10696000584601F060FD099B1C93002F7ADC079BC1
:10697000002B08DD169A0699584601F0D1FE0690C4
:1069800000283FF473AE002C08DD224606995846D5
:1069900001F014FF069000283FF468AE002E08DDD9
:1069A00032460499584601F009FF049000283FF44C
:1069B0005DAE069A1C99584601F06EFF804600288D
:1069C0003FF454AE0024C3680499C4600C9301F0F2
:1069D00049FFA04254DA0C9BF3B9B9F1000F1BD167
:1069E000CAF31303C3B92AF000431B0D1B05B3F10F
:1069F000D66F11D9D8F814301BB9D8F81030012B44
:106A00000ADD41460122584601F0D8FE049980462D
:106A100001F028FF002868DC059B002B72D130E6CE
:106A200018F0010F04D0D5E90023F9F75FFD012329
:106A30004FEA68080835DCE64FF0FF3202FA03F34C
:106A400003EA0909F6E6C5F17F4505F57F0505F579
:106A50007B45E23507FA05F50F975CE70123002532
:106A60000F9358E73A461C99584601F0A7FE1C9030
:106A700000287FF47CAFF9E5F899000802FCFFFFDD
:106A8000CDF824A040F089800C9ACAF3130342B3D6
:106A9000AF4A934256D1059B4846EBB15346AD4AA7
:106AA0004FF0FF311A40B2F1D46F18D8120DC2F175
:106AB0006B0301FA03F3984244D1A74B099A9A4217
:106AC00002D101303FF4D2ADA24B099A4FF0000938
:106AD0001A4002F5801A9FE74FF0FF33EBE70B46B1
:106AE000E9E77BBBB9F1000F2CD105995346994AD0
:106AF000F1B102EA0A01B1F1D66F19DCB1F15C7FA4
:106B00007FF751AE0023954A4846CDE914325146ED
:106B1000DDE91423F9F7EAFC81468A4600297FF46F
:106B2000B0AD00287FF4ADAD2223CBF80030A8E54E
:106B30001340A3F580136FEA135A4FF0FF396FEA41
:106B40000A5A69E79DB1099B1D423FF465AF0C9B52
:106B5000059A4846514673B1FFF744FB02460B467F
:106B6000DDE90A01F9F70CFB81468A4654E70F9BE1
:106B700013EA090FE9E7FFF735FB02460B46DDE9AB
:106B80000A01F9F7FBFA0022002381468A46F9F749
:106B900015FF00287FF407AE3EE70499404601F058
:106BA0009EFF00224FF0804306460F46F9F71AFF7A
:106BB000002875D00C9B002B47D00026684F684DED
:106BC000099B23F000431B0D1B050F930F9A654B88
:106BD0009A4240F0CF80DDE90A23CDE91423099BD6
:106BE0004846A3F1547A514601F0B4FE02460B46E2
:106BF00030463946F9F77AFC4A465346F9F7C0FA67
:106C00000B465449584A1940914281465ED90B9B24
:106C100002F15472934203D10A9B01333FF426AD33
:106C20004FF0FF39DFF830A11C99584601F0FBFB0B
:106C30000699584601F0F7FB0499584601F0F3FB1A
:106C40004146584601F0EFFB17E6B9F1000F19D1A4
:106C5000099BC3F31303E3B90022414B3046394685
:106C6000F9F7B6FEC8B90022404B30463946F9F76D
:106C70003DFC04460D4605F1004318941993DDE9E7
:106C800018679DE7B9F1010F03D1099B002B3FF471
:106C90008AAD0026364F002491E70C9C334DEAE77D
:106CA000324B002230463946F9F720FC0C9B044653
:106CB0000D4633B901F1004310901193DDE91067DF
:106CC0007EE702460B46CDE91023F7E703F1547A3D
:106CD000059B002BA8D12AF000431B0D0F9A1B0522
:106CE0009A425646A0D129462046F9F7AFFEF9F759
:106CF00093FB0B46024629462046F9F73FFA0C9BC8
:106D000004460D4633B9B9F1000F03D1CAF3130697
:106D1000002E6AD00AA3D3E9002320462946F9F7BA
:106D200057FE00287FF4ADAC07A3D3E9002320462B
:106D30002946F9F76BFE00283FF476AFA1E400BFC7
:106D40009535A094FFFFDF3F35E5AF350000E03F0C
:106D5000FFFF0F000000F07FFFFFEF7F00005039C2
:106D60000000F03F0000E07FFFFF9F7C0000E03F5D
:106D70000000F0BF059B13B30F9BB3F1D46F1ED877
:106D800025A3D3E9002320462946F9F72BFE90B12D
:106D900029462046F9F782FE002808BF0120F9F7AE
:106DA0002BFB0C9B04460D46D3B901F10043129016
:106DB0001393DDE912670F9A07F1D6639F1ADDE995
:106DC0000A0101F0C7FD02460B4630463946F9F785
:106DD0008DFBDDE90A23F9F7D3F981468A4677E787
:106DE00002460B46CDE91223E3E70DA3D3E90023C6
:106DF000F9F7EEFD9FE700230D931B9B179A136095
:106E0000FFF755BA652B4FF000023FF442AB01216A
:106E100014460591FFF7BFBA0000C0FFFFFFDF4136
:106E20009535A094FFFFCF3F2DE9F041214E224A36
:106E30003468236A002B08BF13460A4601462046E1
:106E4000FFF7F2F905460C4602460B462846214656
:106E5000F9F7E6FD20B10020BDE8F04102F0BCB832
:106E600021462846F9F73AFE20F000480746134924
:106E70004046FAF757F9C8B910494046FAF734F9CD
:106E8000A0B924F000444FF0FF320D4B28462146B4
:106E9000F9F7C6FD38B94FF0FF32094B28462146B5
:106EA000F9F7A0FD10B1222233681A603846BDE818
:106EB000F08100BF8C000020F0000020FFFF7F7FEA
:106EC000FFFFEF7F2DE9F0478046894692461E4638
:106ED0000F463D46089815F8014B01F029FA204469
:106EE000437813F0080332D12D2C32D101227C7863
:106EF000BD1C002E5DD0102E09D1302C07D12B786F
:106F000003F0DF03582B4FD110266C780235002A8E
:106F100014BF4FF000416FF000410027B1FBF6FCB9
:106F2000384606FB1C1EA4F13003092B17D81C465B
:106F3000A64223DD7B1C07D084451CD301D1A64586
:106F400019DB012700FB064015F8014BEBE72F4644
:106F5000BFE72B2C04BFBD1C7C781A46C9E7A4F1FF
:106F60004103192B01D8373CE2E7A4F16103192B47
:106F700004D8573CDCE74FF0FF37E5E77B1C08D12E
:106F800022230846C8F80030BAF1000F07D1BDE847
:106F9000F08702B14042BAF1000FF8D00FB105F10D
:106FA000FF39CAF80090F2E73024002EAFD108264E
:106FB000ADE7302CA3D00A26A9E70000084B37B56F
:106FC0001C68084D236A002B08BF2B46009313460C
:106FD0000A4601462046FFF775FF03B030BD00BFEB
:106FE0008C000020F000002030B5141E05469BB038
:106FF000184605DA8B234FF0FF302B601BB030BDF5
:107000004FF40273ADF80C300CBF234604F1FF338C
:10701000029305934FF6FF7300910491ADF80E3083
:1070200002461E9B6946284601F0D0FE431CBCBFA9
:107030008B232B60002CE1D00022009B1A70DDE72F
:1070400007B5009313460A46014603480068FFF758
:10705000CBFF03B05DF804FB8C0000202DE9F74F57
:1070600003690C698046A342C0F28480013C01F1AF
:10707000140700F1140657F8245056F8240001357F
:10708000B0FBF5F54FEA840C06EB0C0307EB0C099B
:1070900001939DB34FF0000A3846B646D34650F8E8
:1070A000042B93B205FB03A3120C4FEA134A05FB12
:1070B00002A29BB2ABEB0303DEF800B04FEA124A28
:1070C0001FFA8BFB5B441FFA82FBDEF80020814530
:1070D000CBEB124202EB23429BB243EA02434FEA5C
:1070E000224B4EF8043BDAD256F80C3033B9019BF0
:1070F000043B9E421A4631D3C8F81040404601F086
:10710000B1FB002826DB30464FF0000C013557F864
:10711000041BD0F800E08BB2ACEB03031FFA8EF235
:1071200013440A0CC2EB1E4202EB23429BB243EA19
:107130000243B9454FEA224C40F8043BE7D256F8E7
:10714000242006EB84032AB9043B9E421A460BD343
:10715000C8F81040284603B0BDE8F08F1268043B21
:10716000002AC9D1013CC4E71268043B002AEFD1D0
:10717000013CEAE70020EEE72DE9F04F16461F46F6
:10718000456A95B00446DDF88480CDE902673DB9D3
:10719000102001F0E1F86062C0E901550560C560AA
:1071A000636A196851B15A68012393404A608B6041
:1071B000204601F038F90022636A1A603B1EAFBF17
:1071C0000023012223F000430393ACBFC8F8003032
:1071D000C8F80020AE4BDDF80C8033EA08031BD161
:1071E00042F20F73209A1360029B23B9C8F3130075
:1071F000002800F04585229B53B9A64B21E0A64B01
:1072000006930833229A1360069815B0BDE8F08FF4
:10721000A04B06930333F5E7DDE902670022002364
:1072200030463946F9F7CAFB824660B10123209AFD
:107230001360229B002B00F02085984B229A13604C
:10724000013B0693E0E712AB019313AB0093324688
:107250003B46204601F0F4FBC8F30A558346002D57
:107260007DD0B046C7F3130343F07F5949F440196A
:10727000A5F2FF35CDF840A00022894B4046494693
:10728000F8F77CFF7CA3D3E90023F9F72FF97CA35F
:10729000D3E90023F8F774FF064628460F46F9F7AE
:1072A000BBF879A3D3E90023F9F720F902460B468E
:1072B00030463946F8F764FF06460F46F9F7C6FB35
:1072C00000228246002330463946F9F781FB48B157
:1072D0005046F9F7A1F832463B46F9F76FFB08B97B
:1072E0000AF1FF3ABAF1160F5AD8DDE902236D49C7
:1072F00001EBCA01D1E90001F9F788FB002851D060
:1073000000230AF1FF3A0D93129B5D1B6B1E07933E
:1073100043BF0023C5F1010907934FF00009BAF1FB
:10732000000F41DB079BCDF830A0534407930023A7
:1073300008931E9B092B00F28F80052BC4BF043BD2
:107340001E931E9BC8BF0025A3F10203D8BF0125D1
:10735000032B00F28D80DFE803F07B7D2F6FDDE9EA
:1073600012531D4405F23240202813DDC0F14000C5
:10737000029B08FA00F805F2124023FA00F048EAEE
:107380000000F9F739F801238046A1F1F879013DB1
:10739000109371E7029BC0F1200003FA00F0F0E7C0
:1073A0000123B0E70D90AFE7CAF100030893002373
:1073B000A9EB0A090C93BCE7012309931F9B002B3F
:1073C00074DD984604930022666A7260042202F11A
:1073D0001400984271686ED9204600F0F0FF636A8D
:1073E00030601B68B8F10E0F069300F2ED80002D9F
:1073F00000F0EA80DDE90223BAF1000FCDE90E23A7
:1074000077DD284A0AF00F034FEA2A1602EBC3037E
:10741000F006D3E90023CDE90A2368D5DDE90E01A2
:10742000214B0325D3E90823F9F78AF9CDE90201B5
:1074300006F00F061C4F4FE0012309931F9B534496
:1074400003F1010804934346012BB8BF0123BAE7B7
:107450000023B2E70023F0E70125002309951E93DE
:107460004FF0FF3300220493984612231F92AAE79D
:1074700001230993F4E700BF61436F63A787D23FFD
:10748000B3C8608B288AC63FFB799F501344D33F13
:107490000000F07F299A0008209A0008A8990008A7
:1074A0000000F83F609A0008389A0008012304930E
:1074B00098461A46DAE701317160520087E7F10712
:1074C00008D5DDE90A01D7E90023F9F70FF8CDE97E
:1074D0000A01013576100837002EF0D1DDE90A23C4
:1074E000DDE90201F9F72CF9CDE902011BE00225E3
:1074F000A0E700F0A480DDE90E01CAF10006A04B70
:1075000006F00F0203EBC203D3E90023F8F7EEFF06
:1075100002250023CDE902019A4F3611002E40F0DA
:107520008380002BE0D10D9B002B00F08A80DDE9E9
:107530000223CDE90A23DDE90A010022924BF9F783
:1075400047FA00287DD0B8F1000F7AD0049B002BB9
:1075500036DDDDE90A0100228C4BF8F7C7FFCDE9E3
:107560000201049E0AF1FF3701352846F8F754FF5F
:10757000DDE90223F8F7BAFF0022854BF8F700FE99
:10758000A1F15075CDE90A010B95002E5CD1DDE922
:10759000020100227F4BF8F7F1FD0A9A2B46CDE954
:1075A0000201F9F733FA002840F08182DDE9020197
:1075B0000A9A05F10043F9F70BFA002840F07582AA
:1075C000DDE90E23CDE90223139B002BC0F24B8192
:1075D000BAF10E0F00F34781694B03EBCA03D3E9FD
:1075E0000023CDE904231F9B002B80F2D780B8F144
:1075F000000F00F3D38040F05782DDE90401002240
:10760000644BF8F773FFDDE90223F9F7F5F9464615
:107610004746002840F02D82069B069A5D1C3123C8
:107620000AF1010A137028E2F20705D5D7E9002311
:10763000F8F75CFF01230135761008376EE7022565
:1076400071E75746464690E74D4B03EBC60353E9B7
:107650000201099B002B48D002460B4600204E49F0
:10766000F9F76EF8DDE90A23F8F788FDCDE90A019C
:10767000069DDDE90201F9F7E9F91190F8F7CCFE72
:1076800002460B46DDE90201F8F778FD119BCDE9D2
:107690000201303305F8013BDDE90A23F9F798F9D7
:1076A000002863D1DDE9022300203749F8F766FDA1
:1076B000DDE90A23F9F78CF9002840F0B580069B34
:1076C000EB1A9E427FF77CAFDDE90A0100222F4BC7
:1076D000F8F70CFF0022CDE90A01DDE902012B4B8E
:1076E000F8F704FFCDE90201C3E7DDE90A23F8F763
:1076F000FDFE069BCDE90A019D191E46DDE902014A
:10770000F9F7A4F91190F8F787FE02460B46DDE978
:107710000201F8F733FD119BCDE90201303306F881
:10772000013BAE424FF0000224D1DDE90A011A4BC1
:10773000F8F726FD02460B46DDE90201F9F766F986
:10774000002871D1DDE90A2300201349F8F716FD5E
:1077500002460B46DDE90201F9F73AF900283FF449
:107760002FAF15F8013C6A1E302B01D0BA464AE013
:107770001546F6E7054BF8F7B9FECDE90201BDE77E
:10778000609A0008389A00080000F03F000024408A
:1077900000001C40000014400000E03F069DDDE9B1
:1077A0000267DDE9042330463946F8F7C9FFF9F7E7
:1077B0004DF98146F8F730FEDDE90423F8F796FE2F
:1077C00002460B4630463946F8F7D8FC09F1300638
:1077D00005F8016B069E0246AE1BB0450B4635D13F
:1077E000F8F7CEFCDDE9042306460F46F9F70EF95B
:1077F000C8B9DDE9042330463946F9F7DFF810B19E
:1078000019F0010F0FD15946204600F00CFE00235D
:10781000209A2B700AF101031360229B002B3FF486
:10782000F3AC1D60F0E4574615F8012C6B1E392AA5
:1078300006D1069A9A4207D13023137013460137B6
:107840001A7801321A7091E71D46EDE70022994B34
:10785000F8F74CFE0022002306460F46F9F7AEF873
:1078600000289ED0CFE7099A002A00F088801E9A4F
:10787000012A6DDC109A002A66D003F233434D468C
:10788000089E079A01211A4420469944079200F065
:10789000A8FE0746002D0BDD079B002B08DDAB4241
:1078A000A8BF2B46079AA9EB0309ED1AD31A079331
:1078B000089BEBB1099B002B65D08EB1394632464F
:1078C000204600F02DFF5A4601460746204600F0AC
:1078D00091FE59460A90204600F0A5FD0A9B9B4662
:1078E000089B9A1B04D05946204600F019FF834696
:1078F0000121204600F075FE0C9B0646002B00F08F
:10790000C6811A460146204600F00AFF1E9B064625
:10791000012B3EDC029B002B37D1039BC3F31303E7
:10792000002B34D1039B23F000431B0D1B052BB10F
:10793000079B09F1010901330793012308930C9B6D
:10794000002B28D101202EE0129BC3F1360396E7CD
:10795000089B08F1FF36B342B7BF089B9E1BF21A83
:107960000C9BBFBF08969B180C930026B8F1000F24
:10797000B9BFA9EB080500234D46434681E7089EA1
:107980004D46099F86E7089AADE70023D6E7029B9C
:10799000D4E700230893336906EB8303186900F0EA
:1079A000D2FDC0F12000079B184410F01F0047D003
:1079B000C0F12003042B3BDD079BC0F11C00814478
:1079C000054403440793B9F1000F05DD59464A46C3
:1079D000204600F0F3FE8346079B002B05DD314671
:1079E0001A46204600F0EAFE06460D9B53B3314688
:1079F000584600F037FF002824DA002359460A22AF
:107A0000204600F027FD099B0AF1FF3A8346002B30
:107A100000F04481002339460A22204600F01AFD76
:107A2000049B0746002B4DDC1E9B022B4ADD11E018
:107A3000C9D0079A1C331A4499441D441346C1E720
:107A40000346F6E7B8F1000F36DC1E9B022B33DD50
:107A5000CDF81080049B63B931460522204600F022
:107A6000F9FC01460646584600F0FCFE00283FF7A8
:107A7000D3AD1F9B069D6FEA030A4FF00009314604
:107A8000204600F0D0FC002F3FF4BDAEB9F1000F4E
:107A900005D0B94503D04946204600F0C4FC39461C
:107AA000204600F0C0FCAEE600263746E1E7BA46C5
:107AB0003746B1E500002440099BCDF81080002B2B
:107AC00000F0F380002D05DD39462A46204600F0FF
:107AD00075FE0746089B002B4CD07968204600F0C5
:107AE0006EFC05463A6907F10C01023292000C3037
:107AF00000F05AFC01222946204600F05FFEB946FC
:107B00000746069B0793029B03F001030893314647
:107B10005846FFF7A3FA4946054600F13008584693
:107B200000F0A0FE3A4602903146204600F0B4FE36
:107B3000C368024603BB01460990584600F092FE16
:107B40000346099A11462046099300F06CFC099BF4
:107B5000A3B91E9A92B9089A82B9B8F1390F29D0FF
:107B6000029B002B01DD05F13108079B5D1C83F8AA
:107B7000008084E73846C2E70123E3E7029A002A3F
:107B800004DB23D11E9A0ABB089AFAB9002BECDD5C
:107B900059460122204600F011FE3146834600F08E
:107BA00061FE002803DCE0D118F0010FDDD0B8F150
:107BB000390FD8D1079B079A5D1C3923137015F82C
:107BC000013C6A1E392B4DD0013352E0079A002B3D
:107BD00002F1010506DDB8F1390FEBD008F101081B
:107BE000079BC4E7069B049AEB1A934205F8018CA5
:107BF00021D0594600230A22204600F02BFCB9452B
:107C000083464FF000034FF00A024946204605D153
:107C100000F020FC81460746079578E700F01AFC43
:107C20003946814600230A22204600F013FC07460D
:107C3000F2E74FF0000959460122204600F0BEFD50
:107C40003146834600F00EFE0028B8DC02D118F061
:107C5000010FB4D115F8013C6A1E302B7FF40FAF31
:107C60001546F7E7069B934205D13123069A0AF1A0
:107C7000010A137003E71546A1E7174BFFF7E1BAB6
:107C8000229B002B7FF4BBAA144BFFF7DABA1E9B92
:107C9000012B7FF73FAE0C9B089353E6049B002B10
:107CA00003DC1E9B022B3FF7D5AE069D314658469E
:107CB000FFF7D4F9069B00F1300805F8018B049A10
:107CC000EB1A9A42B5DD594600230A22204600F0FD
:107CD000C1FB8346EAE700BFA7990008209A000885
:107CE000F0B506694B119E4200F1140431DD11F02C
:107CF0001F0104EB860604EB830208D12146B24241
:107D00000B4611D252F8043B41F8043BF7E754F814
:107D100023502346C1F1200CCD400432B242174615
:107D20000DD31D6005B10433A342A3EB040208BFC9
:107D300000234FEAA202026108BF4361F0BD3F6821
:107D400007FA0CF73D4343F8045B52F8045BCD405F
:107D5000E4E72346E8E7A0F13003092B02D82038F6
:107D6000C0B27047A0F16103052B01D84738F7E78F
:107D7000A0F14103052B01D82738F1E70020704717
:107D80002DE9F04F8BB0029016988A4690460693E4
:107D900000F0D1FA03684FF0000B18460393F8F790
:107DA000E1F9039B0190034413F8013C0793DAF8CF
:107DB000003002331F4613F8010B30286CD0FFF758
:107DC000CAFF044600286AD1019A03993846FEF793
:107DD000F7F9002866D1019BF85CFE18FFF7BBFF9E
:107DE000002862D0334618781F46302803F101037B
:107DF000F9D0FFF7B0FFB0FA80F534464FF0010B31
:107E00006D093A46164630780132FFF7A4FF002884
:107E1000F8D1019A03993046FEF7D2F950B954B916
:107E2000019BF4182246164630780132FFF793FF83
:107E30000028F8D10CB1A41BA4003378502B01D03A
:107E4000702B40D173782B2B31D02D2B33D04FF0AA
:107E50000009711C0878FFF77EFF431EDBB2182B68
:107E600031D8A0F1100211F8010FFFF774FF431E83
:107E7000DBB2182B22D9B9F1000F00D052421444C2
:107E8000CAF800100DB3BBF1000F0CBF0627002786
:107E900038460BB0BDE8F08F0BF1010B8AE70025E7
:107EA0002C46AEE73E460125C7E70446FBE74FF008
:107EB0000009B11CCEE74FF00109FAE70A2303FBE2
:107EC0000202103ACFE73146DAE72946F31B013BBD
:107ED000072B49DC029800F072FA4FF0000B0546C0
:107EE000DA46019B00F11409C3F10103CDF81090AB
:107EF0000893B7423BD3049840F804ABA0EB0900C9
:107F0000801028614701504600F01DFBD8F8006042
:107F10003F1AB74264DDBF1B3946284600F027FEF2
:107F2000824678B14FF0010A7B1E591103F01F02FF
:107F300059F821100AFA02F20A4203D0534546DCEE
:107F40004FF0020A39462846FFF7CAFE3C44D8F8EB
:107F50000830A34252DA2946029800F064FA00235E
:107F6000149AA327136093E701315B10B0E7731EE7
:107F70000593079A16F8013C934218D0BBF1200FE5
:107F800007D1049BC3F800A04FF0000AD346043386
:107F9000049316F8010CFFF7DEFE00F00F0000FA64
:107FA0000BF04AEA000A0BF1040B059B0DE0059B60
:107FB000089A1344BB42E1D31846019A03990993E6
:107FC000FEF7FEF8099B0028D8D11E4691E7B91E9E
:107FD000284600F0CCFD0028B2D04FF0030AB1E7EC
:107FE00009DAF71B29463A46029800F0E7FB0546F6
:107FF000E41B00F114094FF0000AA8E7D8F80400C8
:10800000A0426BDD041BA6422EDCD8F80C30022BFC
:1080100022D0032B24D0012B15D1A64213D1012E3F
:108020000BDCD8F80430069A6227136001232B6119
:10803000C9F80030149B1D602AE7711E284600F025
:1080400096FD0028EDD12946029800F0ECF90023B6
:10805000149A502713601BE7159B002BE1D0F2E721
:10806000159B002BDDD1EEE7671EBAF1000F32D170
:1080700027B13946284600F07AFD824601237A115D
:1080800007F01F0703FA07F759F8223021461F426D
:108090004FF00207284618BF4AF0020A361BFFF7C6
:1080A0001FFED8F80440BAF1000F48D0D8F80C30C1
:1080B000022B15D0032B17D0012B09D11AF0020F78
:1080C00006D0D9F800304AEA030A1AF0010F0ED19F
:1080D00047F0100733E04FF0010ACFE70127E2E74E
:1080E000159BC3F101031593159B002BF0D04FF0A6
:1080F000000CD5F8109005F114034FEA890A03EB40
:108100000A01184653F8042BB2F1FF3F1CD001328C
:108110000260022F05F1140338D1D8F80020013A8B
:10812000B2420AD10122711153F8213006F01F0624
:1081300002FA06F61E4218BF174647F02007149BA6
:108140001D60069B1C60A3E6994243F804CCD8D876
:10815000AB68994512DB69680298013100F02FF98C
:1081600083462A6905F10C01023292000C3000F0BE
:108170001BF92946029800F056F95D462B695A1CF6
:108180002A61012205EB83035A61C2E72A694A4545
:108190000BDD01212846FFF7A3FDD8F80830013494
:1081A000A342FFF6D8AE0127C7E716F01F06FAD0A4
:1081B0009A445AF8040C00F0C6F9C6F12006B04201
:1081C000E7DBF0E7C2F10802920070B5C2F12006C9
:1081D0004368046803FA06F52C43D340046040F872
:1081E000043F8842F4D370BD30B50368013311F801
:1081F000014B14B90360012030BD13F8012BA2F12B
:108200004105192D98BF2032A242F0D00020F3E79B
:108210002DE9F04F00250B6882465F1102EB8707BE
:1082200013F01F0318BF04373E1F9046B146344673
:10823000AB4687B00168019347F8045C02954A7821
:108240004B1C039342B3104605910492FFF783FD44
:10825000002843D1049A0599202A18D8029B9B45EF
:1082600013DD4C4506D2072D04DC2A46494620463C
:10827000FFF7A8FF444544D90023A4F1040944F8BA
:10828000043C1D464C46CDF808B00399D7E7292A8F
:108290004AD10231CAF80010BBF1000F44D04C455E
:1082A00006D2072D04DC2A4649462046FFF78AFFFE
:1082B000444528D9434654F8042BA64243F8042BDE
:1082C000F9D2002243F8042B9E42FBD233681BB93B
:1082D000464527D101233360052026E00135082DCE
:1082E0000BF1010B06DD4445CFD90023012544F8ED
:1082F000043C043C226800F00F0040EA02102060B9
:10830000C3E70825C1E7019B002BDFD04FF0FF3208
:10831000C3F1200322FA03F357F8042C1A4047F85C
:10832000042CD3E7043ED1E7042007B0BDE8F08F6A
:10833000D0F8EC007047F03070470000044B1B6829
:10834000186A044B002808BF1846F030704700BF79
:108350008C000020F0000020024B0146186800F05D
:1083600081BC00BF8C00002082B001B901A942B1DC
:108370004BB113780B601278101C18BF012002B0AB
:1083800070471046FBE76FF00100F8E710B5C9B27F
:1083900002449042034601D1002303E01C780130DF
:1083A0008C42F6D1184610BD10B5431E0A449142C6
:1083B00000D110BD11F8014B03F8014FF7E770B57C
:1083C000456A04460E463DB91020FFF7C5FF6062BE
:1083D000C0E901550560C560656AEB6883B1636AF1
:1083E000DB6853F82600B8B9012101FA06F56A1DC9
:1083F0009200204600F0DCFB60B1C0E901650EE0B0
:1084000021220421204600F0D3FB636AE860DB6888
:10841000002BE4D1002070BD026843F82620002321
:10842000C0E90333F7E770B5446A06460D463CB928
:108430001020FFF791FF7062C0E901440460C4603E
:108440003DB1736A6A68DB6853F82210296043F80B
:10845000225070BD2DE9F0411F4606460C46002310
:108460000D6901F1140CDCF80000013381B202FB4C
:108470000171000C0F0C02FB007089B201EB00418E
:108480009D424FEA10474CF8041BECDCD7B1A368BF
:10849000AB4212DC616830460131FFF790FF804645
:1084A000226904F10C01023292000C30FFF77CFFCC
:1084B00021463046FFF7B7FF444604EB85030135FC
:1084C0005F6125612046BDE8F0812DE9F84315463E
:1084D00009221F4608330C4693FBF2F3064601229D
:1084E00000219A4220DB3046FFF769FF089B092DE7
:1084F00043614FF00103036119DD04F10908C1462E
:108500002C4419F8013B0146303B0A223046FFF764
:10851000A1FFA145F5D108EB0504083C2D1B63190B
:10852000BB4207DBBDE8F88352000131D9E70A34CA
:108530000925F3E714F8013B0146303B0A22304697
:10854000FFF788FFEBE7020C12040346B2B90304FD
:10855000102013F07F4F04BF1B02083013F0704F40
:1085600004BF1B01043013F0404F04BF9B000230D6
:10857000002B06DB5B0003D5013070470020E8E7E5
:10858000202070470368014613F007020BD0DA077A
:1085900023D4980749BF5B089B0801200B605CBF90
:1085A0000B600220704798B2A8B910201B0C13F082
:1085B000FF0F04BF1B0A08301A0704BF1B09043051
:1085C0009A0704BF9B080230DA0702D45B0806D082
:1085D00001300B6070471046E9E70020704720200B
:1085E000704710B50C460121FFF7E9FE01224461F6
:1085F000026110BD2DE9F74F14460A6923698846C8
:108600009A42BEBF0B46A0461C46D8F81070D4F85C
:108610001090D8F80830D8F8041007EB0906B342D8
:10862000B8BF0131FFF7CBFE00F114052B46002245
:1086300005EB860E734516D304F1140208F11401FC
:1086400002EB890301EB87070093009B01929342A1
:108650000CD8002E03DD5EF8043D002B5DD00661D2
:1086600003B0BDE8F08F43F8042BE3E7B2F800B0A5
:10867000BBF1000F23D08946AC464FF0000859F8F3
:10868000044BDCF800A0A3B21FFA8AFA0BFB03A389
:108690004FEA144ADCF8004043444FEA14480BFB0D
:1086A0000A84E24604EB13449BB243EA04434F4579
:1086B0004FEA14484AF8043B2BD8CCF80480019BBD
:1086C0000432B3F802A0BAF1000F20D08946A846C0
:1086D0004FF0000B2B68B9F800C0B8F802409BB20D
:1086E0000AFB0C44C4465C4443EA04434CF8043B94
:1086F00059F8043BB8F804B01B0C0AFB03B34F4510
:1087000003EB14434FEA134B05D8C8F80430043583
:108710009BE7D446B3E7E046DDE7013E99E700007A
:108720002DE9F843154612F0030206460F4607D01E
:10873000214C013A002354F82220FFF78BFE074614
:10874000AD1035D0746A3CB91020FFF705FE706299
:10875000C0E901440460C460D6F82480D8F8084019
:108760004CB940F271213046FFF73BFF002304462D
:10877000C8F8080003604FF00008EB070AD5394637
:1087800022463046FFF736FF814639463046FFF72E
:108790004AFE4F466D100BD0206838B9224621465C
:1087A0003046FFF727FF2060C0F800800446E4E76A
:1087B0003846BDE8F88300BF289B00082DE9F04744
:1087C0000C460746164623694FEA621A0AEB03096C
:1087D0004968A36809F10105AB4232DB3846FFF76F
:1087E000EEFD002380461A4600F1140153452BDBB1
:1087F00020692AEAEA7A04F1140316F01F0201EB59
:108800008A0103EB800C25D00020C2F1200E8A469D
:108810001E68964030434AF8040B53F8040B9C45FD
:1088200020FA0EF014D8486008B109F10205013DA4
:108830003846C8F810502146FFF7F5FD4046BDE820
:10884000F08701315B00C7E741F823200133CDE712
:108850005146DCE7043953F8042B9C4541F8042FBA
:10886000F9D8E4E703690A6930B59B1A0CD1920084
:10887000143014318418114454F8045D51F8042D57
:10888000954203D005D30123184630BDA042F3D34F
:10889000FAE74FF0FF33F7E72DE9F0470D460746BB
:1088A000114628461446FFF7DDFF061E08D1314663
:1088B0003846FFF784FD0123C0E90436BDE8F087A0
:1088C000A4BF23462C4638466168A6BF1D46002635
:1088D0000126FFF774FD4FF0000EC6602B69266974
:1088E00004F1140205F1140902EB860709EB830871
:1088F00000F1140152F804AB59F8045B1FFA8AF333
:108900007344ACB21B1B2C0CC4EB1A4404EB234481
:108910009BB24FEA244EC84543EA0444944641F8CA
:10892000044BE7D8BC4504D351F8043D83B106613C
:10893000C4E75CF8044BA2B27244131403EB144373
:1089400092B242EA03424FEA234E41F8042BE9E790
:10895000013EE9E7104B0B40A3F15073002B02DD01
:108960000020194670475B421B15132B4FF0000087
:108970004FF0000104DC4FF4002242FA03F170478B
:108980000122143B1E2BCEBF1346C3F11F0302FA74
:1089900003F31846704700BF0000F07F2DE9F8434D
:1089A000076900F1140909EB870757F8046CA7F170
:1089B00004083046FFF7C7FDC0F120030A280B600A
:1089C0001E4917DCC14528BF0022C0F10B0C26FA56
:1089D0000CF338BF57F8082C43EA010500F11503E2
:1089E00006FA03F322FA0CF243EA0204204629466F
:1089F000BDE8F883C1453ABFA7F1080857F8082C2D
:108A00000022B0F10B0315D09E40C3F1200746F0C1
:108A10007F5622FA07F1C84546F4401646EA01059A
:108A200094BF002158F8041C02FA03F0F94040EA10
:108A30000104DBE746EA01051446D7E70000F03FF2
:108A40002DE9F3411C46DDE9086501219046FFF759
:108A5000B6FCC4F31302C4F30A54074634BB0192B4
:108A6000B8F1000227D002A840F8082DFFF78AFDD0
:108A70000099F0B1019AC0F1200302FA03F30B430D
:108A8000C2407B610192019B002B14BF0221012196
:108A9000BB613961C4B1A4F2334404443460C0F111
:108AA00035002860384602B0BDE8F08142F48012FB
:108AB000D5E77961E7E701A8FFF764FD0121019B94
:108AC00039617B612030E5E7A0F2324007EB81039A
:108AD00030601869FFF737FDC0EB4110E1E72DE981
:108AE000F74F884669468146FFF758FF8B46064692
:108AF0000F46404601A9FFF751FFD9F81030D8F8CA
:108B000010200D46A3EB020CDDE900329B1A03EBAB
:108B10004C13002BD5BF0A463A46C3EB033302EB96
:108B2000035BD8BF02EB03552B460246594630463D
:108B3000F7F706FE03B0BDE8F08F013910B5491113
:108B40001469013102F1140300EB810103EB840489
:108B5000A342024603D300238A4205D310BD53F833
:108B6000042B40F8042BF3E742F8043BF4E700F150
:108B7000140200694B11984210B511DB0ADD11F0A7
:108B80001F0107D052F8234024FA01F000FA01F146
:108B90008C420BD102EB8303934203D8002010BD1B
:108BA0000346F7E753F8041D0029F5D00120F6E746
:108BB00038B502FB01F4214600F054F8054618B11F
:108BC00022460021FCF770FE284638BD38B5054620
:108BD000002943D051F8043C0C1F002BB8BFE41807
:108BE00000F024FA1E4A1368104633B9636014601B
:108BF0002846BDE8384000F01ABAA3420BD92168D4
:108C00006218934201BF1A685B6852182260636061
:108C10000460EDE713465A680AB1A242FAD919680E
:108C20005818A0420BD1206801445818824219609C
:108C3000DED110685268014419605A60D8E702D941
:108C40000C232B60D4E7206821188A4201BF1168E9
:108C500052680918216062605C60C9E738BD00BFD6
:108C6000480B002070B5CD1C25F0030508350C2DF0
:108C700038BF0C25002D064601DBA94203D90C2381
:108C80003360002070BD00F0D1F9214A14682146FC
:108C900091B9204C23681BB9304600F08DF9206053
:108CA0002946304600F088F9431C24D10C23304675
:108CB000336000F0BCF9E4E70B685B1B18D40B2BA6
:108CC0000FD90B60CC18CD50304600F0B0F904F14C
:108CD0000B00231D20F00700C31AD3D05A42E250E4
:108CE000D0E74B688C4216BF636013600C46EBE71D
:108CF0000C464968CCE7C41C24F00304A04205D00C
:108D0000211A304600F058F90130CFD02560DBE75A
:108D1000480B00204C0B00202DE9F0478E6882465E
:108D20009E420C469046994637D88A8912F4906F35
:108D300031D00223256809696F1A656905EB45057D
:108D400095FBF3F509F101033B449D4238BF1D46F5
:108D5000530530D52946FFF785FF064650B90C2349
:108D60004FF0FF30CAF80030A38943F04003A381DD
:108D7000BDE8F0873A462169FFF716FBA38923F483
:108D8000906343F08003A38126613E4426604E46F3
:108D90006561ED1BA5604E4500D94E463246414601
:108DA000206800F02AF9A36800209B1BA3602368B9
:108DB0001E442660DCE72A4600F03AF90646002801
:108DC000E2D121695046FFF701FFC8E72DE9F04FD6
:108DD0009DB003938B8980461D060C4616460FD521
:108DE0000B696BB94021FFF73DFF2060206128B976
:108DF0000C23C8F800304FF0FF30C7E04023636118
:108E00000023099320238DF8293030234FF0010BE4
:108E10008DF82A3037463D4615F8013B0BB1252B1E
:108E20003ED1B7EB060A0BD05346324621464046A8
:108E3000FFF772FF013000F0A480099B53440993AF
:108E40003B78002B00F09D8000234FF0FF32CDE9EE
:108E50000523049307938DF853301A932F46052268
:108E600017F8011B4F48FFF791FA049BD0B9D906B8
:108E700044BF20228DF853201A0744BF2B228DF8BF
:108E800053202A782A2A15D02F4600200A25079A2F
:108E9000394611F8013B303B092B4DD9B8B10FE0F1
:108EA0002F46B8E73F4A3D46801A0BFA00F01843B8
:108EB0000490D3E7039A111D12680391002A01DB85
:108EC000079204E0524243F00203079204933B7876
:108ED0002E2B0CD17B782A2B33D1039B02371A1D02
:108EE0001B680392002BB8BF4FF0FF3305932E4D44
:108EF000032239782846FFF749FA38B14023401B4E
:108F000003FA00F0049B01370343049339780622E7
:108F100026487E1C8DF82810FFF738FA002838D034
:108F2000234B13BB039B073323F00703083303933F
:108F3000099B4B4409936DE705FB023201200F4664
:108F4000A6E700230A25194601370593384610F88D
:108F5000012B303A092A03D9002BC8D00591C6E766
:108F600005FB012101230746F0E703AB00932246EE
:108F7000104B04A94046FCF731FDB0F1FF3F81469C
:108F8000D6D1A3895B063FF536AF09981DB0BDE881
:108F9000F08F03AB00932246064B04A94046FCF732
:108FA000C9FFEAE7349B00083A9B00083E9B000893
:108FB000DD590008198D000838B50023054C054619
:108FC0000846236000F086FA431C02D1236803B1EF
:108FD0002B6038BD580B0020004870470000C07F50
:108FE00049B1FF2A8BBF8A230A700360012088BF22
:108FF0004FF0FF30704708467047884210B501EBCC
:10900000020307D8421E99420AD011F8014B02F818
:10901000014FF8E78342F5D98118D21AD34200D123
:1090200010BD13F8014D01F8014DF7E77047704787
:10903000F8B5074614460E4621B9BDE8F84011467A
:10904000FFF710BE22B9FFF7C1FD25462846F8BD3F
:1090500000F014F8A0420FD221463846FFF702FE76
:1090600005460028F2D031462246FFF79DF93146E9
:109070003846FFF7ABFDE9E73546E7E751F8043C32
:10908000181F002BBCBF0B58C01870472DE9F04FBC
:109090008BB01D4606460F46144600F0A7F8294B34
:1090A000804693F900A08946BAF1FF3F35D02246A9
:1090B0002B4620462946F7F7B3FC70BB32463B46A9
:1090C00030463946F7F7ACFC834630BB002200231C
:1090D00020462946F7F772FCF8B101221A4BCDE978
:1090E0000267CDE90445CDF820B0CDE90023BAF1FF
:1090F000000F17D00022002310461946F7F720FB77
:10910000BAF1020FCDE906010ED100F017FA2123C2
:109110000360089B83B9DDE90689404649460BB0E8
:10912000BDE8F08FCDE90667684600F0D1F9002868
:10913000EBD0089B002BEED000F000FA089B0360F8
:10914000E9E700BF5C020020489C0008F0B58BB046
:10915000044600F069F9234B064693F900506B1C56
:109160000AD021462046F7F7DDFF074620B9002147
:109170002046F7F7AFFF10B930460BB0F0BD012223
:10918000194B2046CDE900230897F7F757F900223D
:10919000CDE90401CDE902010023ADB11046194625
:1091A000F7F7CEFA022DCDE906010FD100F0C6F98E
:1091B00021230360089B7BB9DDE90601F7F78EFCEC
:1091C000064630460BB0F0BDCDE90623684600F0F8
:1091D0007FF90028EED1E9E700F0B0F9089B0360C1
:1091E000EAE700BF5C020020509C00082DE9F04730
:1091F00023F0004E5EEA020721D0844F21F00048A0
:10920000B84589461BDC57421743DFF818C24EEABF
:10921000D7776745144612D8F0451D461646824654
:1092200001F00047844616DC13DB904211D312D1C3
:10923000774BFF0F03EBC703D3E9004106E0F7F7D5
:1092400055F902460B46F7F77BFA04462046BDE87F
:10925000F0870446FAE7B8F5801F3EDB4FEA285353
:10926000A3F2FF33BEF5801F80F29480BEF1000FA1
:1092700040F0A380002C2246664904DD5200002AFB
:1092800001F1FF31FADC644A934273DBC9F3130244
:1092900042F48012604881425EDBC5F3130444F45B
:1092A0008014581A08E053EA050224D0EA0F02EBB2
:1092B00043024FEA450C0138131BACEB060508B31B
:1092C000B44538BF03F1FF33002BECDA4FEADC730F
:1092D00003EB42024FEA4C0CEDE7B8F1000F5ED110
:1092E000BAF1000F52464B4BBCDD5200002A03F18D
:1092F000FF33FADCB6E7464BFF0F03EBC707D7E9AE
:109300000041A3E7B44538BF03F1FF33002BBCBFD6
:109310006546134653EA0502EDD04048834208DC17
:10932000EA0F02EB4303834201F1FF314FEA4505A7
:10933000F6DD394A914250DA521A142A57DC01F20A
:109340001E41D54003FA01F143FA02F2174341EA04
:10935000050339461C4679E7401A1F2828DC01F22C
:109360001E450EFA00FE24FA05F504FA00F645EA59
:109370000E0496E7A2EB030CBCF11F0F26DC03F2F0
:109380001E4208FA0CF82AFA02F20AFA0CFC42EA27
:1093900008027FE74FEA2E51A1F2FF3173E71E4B1F
:1093A0004FEAC8225200002A03F1FF33FADC59E7E2
:1093B0001B4D00266D1AAC4073E717494FEACE22C9
:1093C0005200002A01F1FF31FADC5CE7144A4FF049
:1093D000000CD21A0AFA02F25CE7A3F5801301F23C
:1093E000FF311F4347EA01592C4649462EE71F2A01
:1093F00007DC01F21E4103FA01F125FA02F30B43E7
:10940000A7E7074A511A0B41A3E700BFFFFFEF7F11
:10941000589C0008EDFBFFFF02FCFFFFFFFF0F0061
:10942000E2FBFFFF0000F07F20F00042B2F1FF4FAF
:10943000F8B504463AD2C2B3002803463DDBB2F584
:10944000000F4FEAE0500AD214F4000201D03BE0D2
:109450000A465B001C0202F10101F9D5801A0026C0
:10946000C3F316037F3843F40002C1074FEA4203F7
:109470004FF0190448BF930031464FF080724710F7
:109480008D189D4202DC5B1BA9181644013C4FEA73
:1094900043034FEA5202F3D113B1013626F001061D
:1094A000701000F17C5000EBC750F8BD0146F7F793
:1094B00073FC2146F7F768FBF8BD0146F7F762FB3E
:1094C0000146F7F71DFDF8BD4FF0FF32C6E700BFBC
:1094D00000207047044A05491368002B08BF0B465B
:1094E0001844106018467047500B0020600B002095
:1094F00000F023F80B480C490C4A002302E0D45832
:10950000C4500433C4188C42F9D3094A094C0023CF
:1095100001E013600432A242FBD3FCF7A1F9F9F792
:109520004BFC70470000002064020020889C00086B
:10953000680200205C0B0020FEE77047014B1868B2
:10954000704700BF8C000020F8B500BFF8BC08BC15
:109550009E467047F8B500BFF8BC08BC9E467047F1
:109560000030014011000000000C0140010000002B
:10957000000C014002000000020304050607080970
:109580000A0B0C0D0E0F10100102656E633A6F6B23
:10959000206E3D25752F2575207370726561643DC1
:1095A000252E336620706F733D252E32660D0A001E
:1095B0006572723A656E63206E3D25752F257520A4
:1095C0007370726561643D252E3366206C6173741F
:1095D0003D25750D0A002C00535445505F444952F7
:1095E0000055415254002C65763A3100636C006F8F
:1095F0006C002573706F7200257370696E0025739F
:1096000073667400257369776467002573777764E0
:10961000670025736C70777200312E302E302D73F9
:10962000696D00626F6F743A7273743D25732066C2
:10963000773D25730D0A006572723A6D6F746F7213
:109640005F696E69743D25640D0A006F6B3A656E43
:109650000D0A006F6B3A6469730D0A006F6B3A7400
:109660003D252E32660D0A006F6B3A743D25630D61
:109670000A006F6B3A6B703D252E34660D0A006F41
:109680006B3A6B693D252E34660D0A006F6B3A6BA1
:10969000643D252E34660D0A006F6B3A6F703D25D0
:1096A000750D0A006F6B3A6F6D3D25750D0A006FE1
:1096B0006B3A64656275673D25750D0A00657272C7
:1096C0003A7363616E0D0A006F6B3A7363616E3DAE
:1096D000252E32662C25632C252E32662C25750D01
:1096E0000A006F6B3A7363616E3D252E32662C253E
:1096F0002E32662C252E32662C25750D0A006F6BD6
:109700003A73746F700D0A006572723A6261642078
:109710006172672028763D25672E2E2567290D0A60
:10972000006F6B3A763D252E31660D0A0065727228
:109730003A626164206172672028613D302E2E25D7
:1097400067290D0A006F6B3A613D252E31660D0ABF
:10975000006F6B3A6972756E3D25750D0A00657272
:10976000723A6E6F742072656164790D0A006572D9
:10977000723A626164206172670D0A006572723A22
:109780006170706C79206661696C65640D0A006FA8
:109790006B3A69686F6C643D25750D0A006F6B3A12
:1097A000696375723D25752C25750D0A0065727209
:1097B0003A627573792073746F70206D6F746F7275
:1097C0002066697273740D0A006F6B3A6D7374656D
:1097D000703D25750D0A006572723A626164206100
:1097E00072672028312F322F342F382F31362F3304
:1097F000322F36342F3132382F323536290D0A00C8
:109800006D6F64653D25732072756E3D257520680A
:109810006F6C643D2575206D6963726F737465703C
:10982000733D25752072656164793D25750D0A00CB
:109830006F6B3A646961670D0A006F6B3A686F6C11
:10984000643D25750D0A006F6B3A73796E633D2593
:10985000750D0A0073796E633D257520696E3D258F
:1098600075206F75743D2575206E3D256C750D0A4C
:10987000006572723A756E6B6E6F776E0D0A0065D9
:1098800072723A7374616C6C20636D643D252E3185
:1098900066206D6561733D252E326620706F733DC5
:1098A000252E32660D0A0063703A252E32662C741E
:1098B000703A252E32662C70653A252E32662C754C
:1098C0003A252E34662C6D3A25732C65633A25753E
:1098D0002C6B703A252E34662C6B693A252E346633
:1098E0002C6B643A252E34662C763A252E31662C64
:1098F000613A252E31662C6F663A256C752C6472A0
:10990000703A256C7525730D0A0063703A252E3266
:10991000662C65633A257525730D0A00656E006433
:1099200069730073746F7000743D2B00743D2D00DB
:10993000743D006B703D006B693D006B643D0076CB
:109940003D00613D006F703D006F6D3D00646562DC
:1099500075673D007363616E3D0073796E633D0012
:10996000686F6C643D0073796E63006F6D00686FA3
:109970006C64006D63666700646961670069727595
:109980006E200069686F6C64200069637572200046
:109990006D737465702000494E4600696E66004E16
:1099A000414E006E616E0030003031323334353656
:1099B000373839414243444546003031323334353B
:1099C000363738396162636465660000350000002F
:1099D000CEFBFFFFCB0300000100000000000000F1
:1099E00034000000CEFBFFFFCB03000001000000AD
:1099F0000000000000000000BC89D897B2D29C3C57
:109A000033A7A8D523F649393DA7F444FD0FA53265
:109A10009D978CCF08BA5B25436FAC64280668110C
:109A2000496E66696E697479004E614E004300505C
:109A30004F534958002E00000080E03779C341435E
:109A4000176E05B5B5B89346F5F93FE9034F384DA4
:109A5000321D30F94877825A3CBF737FDD4F157550
:109A6000000000000000F03F000000000000244063
:109A700000000000000059400000000000408F403E
:109A8000000000000088C34000000000006AF840A9
:109A90000000000080842E4100000000D0126341CD
:109AA0000000000084D797410000000065CDCD4143
:109AB000000000205FA00242000000E87648374224
:109AC000000000A2941A6D42000040E59C30A242C2
:109AD0000000901EC4BCD64200003426F56B0C4337
:109AE0000080E03779C3414300A0D88557347643DE
:109AF00000C84E676DC1AB43003D9160E458E1433F
:109B0000408CB5781DAF154450EFE2D6E41A4B44B3
:109B100092D54D06CFF08044F64AE1C7022DB544F8
:109B2000B49DD9794378EA4405000000190000008B
:109B30007D000000232D302B2000686C4C006566F2
:109B40006745464700002020202020202020202894
:109B500028282828202020202020202020202020E5
:109B6000202020202020881010101010101010101D
:109B7000101010101010040404040404040404045D
:109B800010101010101010414141414141010101DC
:109B900001010101010101010101010101010101B5
:109BA00001101010101010424242424242020202C2
:109BB0000202020202020202020202020202020285
:109BC0000210101010200000000000000000000033
:109BD0000000000000000000000000000000000085
:109BE0000000000000000000000000000000000075
:109BF0000000000000000000000000000000000065
:109C00000000000000000000000000000000000054
:109C10000000000000000000000000000000000044
:109C20000000000000000000000000000000000034
:109C30000000000000000000000000000000000024
:109C40000000000000000000666D6F64000000006E
:109C500073717274660000000000000000000000D4
:109C60000000000000000080000000000000000074
:109C700001020304060708090000000001020304B2
:049C800035010008A2
:049C840011010008C2
:109C880001000000100000000000FA446666E63B90
:109C980001000000000000000500000000000000B6
:109CA80000000000000000000000000000000000AC
:109CB800000000000000000000000000000000009C
:109CC8000000000000000000FFFFFFFF010004008B
:109CD800CDCCCC3C000000000000000000000000DB
:109CE800000000009A9999BF9A99993F00000000D6
:109CF800010000000000964405002C01000100004E
:109D08000000000000C042405802000090000020FF
:109D1800000000000000000000000000000000003B
:109D2800000000000000000000000000000000002B
:109D3800000000000000000000000000000000001B
:109D4800000000000000000000000000000000000B
:109D580000000000000000000000000000000000FB
:109D680000000000000000000000000000000000EB
:109D78004300000000000000000000000000000098
:109D880000000000000000000000000000000000CB
:109D98004300000000000000000000000000000078
:109DA80000000000000000000000000000000000AB
:109DB8004300000000000000000000000000000058
:109DC800000000000000000000000000000000008B
:109DD8004300000000000000000000000000000038
:109DE800000000000000000000000000000000006B
:109DF8004300000000000000000000000000000018
:109E0800000000000000000000000000000000004A
:109E180043000000000000000000000000000000F7
:109E2800000000000000000000000000000000002A
:109E380043000000000000000000000000000000D7
:109E4800000000000000000000000000000000000A
:109E5800E18F00086983000800000000459B0008A6
:109E6800359A0008FF970008FF970008FF97000839
:109E7800FF970008FF970008FF970008FF97000862
:109E8800FF970008FF970008FFFFFFFFFFFFFFFF96
:109E9800FFFFFFFFFFFF0000010041534349490056
:109EA80000000000000000000000000000000000AA
:109EB8000000000000000000000041534349490031
:109EC800000000000000000000000000000000008A
:109ED8000000000000000000000000000100000079
:049EE80000127A00EA
:04000005080094F16A
:00000001FF
