:020000040800F2
:1000000000500020D9B2000821B3000821B3000835
:1000100021B3000821B3000821B30008000000004C
:1000200000000000000000000000000021B30008F4
:1000300021B300080000000021B30008B5540008F7
:1000400021B3000821B3000821B3000821B3000840
:1000500021B3000821B3000821B3000821B3000830
:1000600021B3000821B3000821B3000821B3000820
:10007000113600081D3600082961000835610008A6
:1000800021B3000821B3000821B3000821B3000800
:1000900021B3000821B3000821B3000821B30008F0
:1000A00021B3000821B3000821B3000821B30008E0
:1000B000B954000821B300089D67000821B3000867
:1000C00021B3000821B3000821B3000821B30008C0
:1000D00021B300089960000821B30008D16000082E
:1000E00021B3000821B3000821B30008000000007C
:1000F0000000000000000000000000000000000000
:0C01000000000000000000005FF808F1A3
:1001100010B5054C237833B9044B13B10448AFF341
:1001200000800123237010BD580200200000000051
:1001300030B3000808B5034B1BB103490348AFF3C4
:10014000008008BD000000005C02002030B3000801
:1001500010F8012B11F8013B012A28BF9A42F7D071
:10016000D01A7047034613F8012B002AFBD1181A46
:100170000138704781F0004102E000BF83F0004386
:1001800030B54FEA41044FEA430594EA050F08BF32
:1001900090EA020F1FBF54EA000C55EA020C7FEAF6
:1001A000645C7FEA655C00F0E2804FEA5454D4EB73
:1001B0005555B8BF6D420CDD2C4480EA020281EA3D
:1001C000030382EA000083EA010180EA020281EA75
:1001D0000303362D88BF30BD11F0004F4FEA0131C7
:1001E0004FF4801C4CEA113102D0404261EB4101D6
:1001F00013F0004F4FEA03334CEA133302D052425C
:1002000063EB430394EA050F00F0A780A4F1010417
:10021000D5F1200E0DDB02FA0EFC22FA05F2801851
:1002200041F1000103FA0EF2801843FA05F3594137
:100230000EE0A5F120050EF1200E012A03FA0EFCB6
:1002400028BF4CF0020C43FA05F3C01851EBE371E0
:1002500001F0004507D54FF0000EDCF1000C7EEBFD
:1002600000006EEB0101B1F5801F1BD3B1F5001F3B
:100270000CD349085FEA30004FEA3C0C04F101045A
:100280004FEA445212F5800F80F09A80BCF1004F83
:1002900008BF5FEA500C50F1000041EB045141EA05
:1002A000050130BD5FEA4C0C404141EB010111F406
:1002B000801FA4F10104E9D191F0000F04BF0146B1
:1002C0000020B1FA81F308BF2033A3F10B03B3F18F
:1002D00020020CDA0C3208DD02F1140CC2F10C021F
:1002E00001FA0CF021FA02F10CE002F11402D8BF7D
:1002F000C2F1200C01FA02F120FA0CFCDCBF41EA49
:100300000C019040E41AA2BF01EB0451294330BD17
:100310006FEA04041F3C1CDA0C340EDC04F11404F4
:10032000C4F1200220FA04F001FA02F340EA0300CB
:1003300021FA04F345EA030130BDC4F10C04C4F111
:10034000200220FA02F001FA04F340EA03002946F1
:1003500030BD21FA04F0294630BD94F0000F83F43B
:10036000801306BF81F480110134013D4EE77FEA1E
:10037000645C18BF7FEA655C29D094EA050F08BF6A
:1003800090EA020F05D054EA000C04BF194610464B
:1003900030BD91EA030F1EBF0021002030BD5FEA8F
:1003A000545C05D14000494128BF41F0004130BDB7
:1003B00014F580043CBF01F5801130BD01F000450B
:1003C00045F0FE4141F470014FF0000030BD7FEA7E
:1003D000645C1ABF194610467FEA655C1CBF0B4679
:1003E000024650EA013406BF52EA033591EA030F90
:1003F00041F4002130BD00BF90F0000F04BF002188
:10040000704730B54FF4806404F132044FF00005BA
:100410004FF0000150E700BF90F0000F04BF002133
:10042000704730B54FF4806404F1320410F0004599
:1004300048BF40424FF000013EE700BF42004FEA94
:10044000E2014FEA31014FEA02701FBF12F07F4311
:1004500093F07F4F81F06051704732F07F4208BFC8
:10046000704793F07F4F04BF41F40021704730B5CF
:100470004FF4607401F0004521F000411CE700BF1B
:1004800050EA010208BF704730B54FF000050AE09E
:1004900050EA010208BF704730B511F0004502D59F
:1004A000404261EB41014FF4806404F132045FEAA1
:1004B000915C3FF4D8AE4FF003025FEADC0C18BF4A
:1004C00003325FEADC0C18BF033202EBDC02C2F13C
:1004D000200300FA03FC20FA02F001FA03FE40EACE
:1004E0000E0021FA02F11444BDE600BF70B54FF0D2
:1004F000FF0C4CF4E06C1CEA11541DBF1CEA1355B0
:1005000094EA0C0F95EA0C0F00F0DEF82C4481EA17
:10051000030621EA4C5123EA4C5350EA013518BF37
:1005200052EA033541F4801143F4801338D0A0FB24
:1005300002CE4FF00005E1FB02E506F00042E0FBD1
:1005400003E54FF00006E1FB03569CF0000F18BFD7
:100550004EF0010EA4F1FF04B6F5007F64F540747F
:1005600004D25FEA4E0E6D4146EB060642EAC62112
:1005700041EA55514FEAC52040EA5E504FEACE2E7F
:10058000B4F1FD0C88BFBCF5E06F1ED8BEF1004F82
:1005900008BF5FEA500E50F1000041EB045170BDFE
:1005A00006F0004646EA010140EA020081EA030142
:1005B000B4EB5C04C2BFD4EB0C0541EA045170BD3E
:1005C00041F480114FF0000E013C00F3AB8014F1B8
:1005D000360FDEBF002001F0004170BDC4F1000401
:1005E000203C35DA0C341BDC04F11404C4F1200582
:1005F00000FA05F320FA04F001FA05F240EA0200DD
:1006000001F0004221F0004110EBD37021FA04F612
:1006100042EB06015EEA430E08BF20EAD37070BDCC
:10062000C4F10C04C4F1200500FA04F320FA05F02B
:1006300001FA04F240EA020001F0004110EBD3702D
:1006400041F100015EEA430E08BF20EAD37070BD9D
:10065000C4F1200500FA05F24EEA020E20FA04F376
:1006600001FA05F243EA020321FA04F001F0004125
:1006700021FA04F220EA020000EBD3705EEA430E96
:1006800008BF20EAD37070BD94F0000F0FD101F0C5
:100690000046400041EB010111F4801F08BF013CFE
:1006A000F7D041EA060195F0000F18BF704703F03C
:1006B0000046520043EB030313F4801F08BF013DC3
:1006C000F7D043EA0603704794EA0C0F0CEA13557F
:1006D00018BF95EA0C0F0CD050EA410618BF52EA39
:1006E0004306D1D181EA030101F000414FF000003F
:1006F00070BD50EA410606BF1046194652EA43064D
:1007000019D094EA0C0F02D150EA013613D195EAC0
:100710000C0F05D152EA03361CBF104619460AD108
:1007200081EA030101F0004141F0FE4141F4700112
:100730004FF0000070BD41F0FE4141F4780170BD02
:1007400070B54FF0FF0C4CF4E06C1CEA11541DBF67
:100750001CEA135594EA0C0F95EA0C0F00F0A7F869
:10076000A4EB050481EA030E52EA03354FEA013196
:1007700000F088804FEA03334FF0805545EA1313A9
:1007800043EA12634FEA022245EA111545EA106571
:100790004FEA00260EF000419D4208BF964244F108
:1007A000FD0404F5407402D25B084FEA3202B61A27
:1007B00065EB03055B084FEA32024FF480104FF4FB
:1007C000002CB6EB020E75EB030E22BFB61A75466F
:1007D00040EA0C005B084FEA3202B6EB020E75EB02
:1007E000030E22BFB61A754640EA5C005B084FEA6A
:1007F0003202B6EB020E75EB030E22BFB61A754637
:1008000040EA9C005B084FEA3202B6EB020E75EB41
:10081000030E22BFB61A754640EADC0055EA060E02
:1008200018D04FEA051545EA16754FEA06164FEA45
:10083000C30343EA52734FEAC2025FEA1C1CC0D1F1
:1008400011F4801F0BD141EA00014FF000004FF07E
:10085000004CB6E711F4801F04BF01430020B4F13F
:10086000FD0C88BFBCF5E06F3FF6AFAEB5EB030CF7
:1008700004BFB6EB020C5FEA500C50F1000041EBF4
:10088000045170BD0EF0004E4EEA113114EB5C04C1
:10089000C2BFD4EB0C0541EA045170BD41F4801194
:1008A0004FF0000E013C90E645EA060E8DE60CEA9C
:1008B000135594EA0C0F08BF95EA0C0F3FF43BAFB9
:1008C00094EA0C0F0AD150EA01347FF434AF95EA70
:1008D0000C0F7FF425AF104619462CE795EA0C0F54
:1008E00006D152EA03353FF4FDAE1046194622E721
:1008F00050EA410618BF52EA43067FF4C5AE50EAFB
:1009000041047FF40DAF52EA43057FF4EBAE12E7EA
:100910004FF0FF3C06E000BF4FF0010C02E000BFCB
:100920004FF0010C4DF804CD4FEA410C7FEA6C5CAE
:100930004FEA430C18BF7FEA6C5C1BD001B050EA51
:10094000410C0CBF52EA430C91EA030F02BF90EA3C
:10095000020F0020704710F1000F91EA030F58BFFB
:10096000994208BF90422CBFD8176FEAE37040F05D
:10097000010070474FEA410C7FEA6C5C02D150EAFB
:10098000013C07D14FEA430C7FEA6C5CD6D152EAB6
:10099000033CD3D05DF8040B704700BF844610467B
:1009A00062468C461946634600E000BF01B5FFF77A
:1009B000B7FF002848BF10F1000F01BD4DF808ED4A
:1009C000FFF7F4FF0CBF012000205DF808FB00BF1B
:1009D0004DF808EDFFF7EAFF34BF012000205DF875
:1009E00008FB00BF4DF808EDFFF7E0FF94BF0120C2
:1009F00000205DF808FB00BF4DF808EDFFF7CEFFC3
:100A000094BF012000205DF808FB00BF4DF808ED01
:100A1000FFF7C4FF34BF012000205DF808FB00BFD2
:100A20004FEA410C7FEA6C5C02D150EA013C0AD1EA
:100A30004FEA430C7FEA6C5C02D152EA033C02D1DC
:100A40004FF0000070474FF0010070474FEA41023D
:100A500012F5001215D211D56FF47873B3EB625210
:100A600012D94FEAC12343F0004343EA505311F037
:100A7000004F23FA02F018BF404270474FF00000C9
:100A8000704750EA013005D111F0004008BF6FF007
:100A9000004070474FF00000704700BF4A0011D27D
:100AA00012F5001211D20DD56FF47873B3EB6252C8
:100AB0000ED44FEAC12343F0004343EA505323FAD4
:100AC00002F070474FF00000704750EA013002D149
:100AD0004FF0FF3070474FF0000070474FEA41027F
:100AE000B2F1E04324BFB3F5001CDCF1FE5C0DD98C
:100AF00001F0004C4FEAC0024CEA5070B2F1004FD6
:100B000040EB830008BF20F00100704711F0804FD8
:100B100021D113F13872BCBF01F00040704741F49D
:100B200080114FEA5252C2F11802C2F1200C10FAA1
:100B30000CF320FA02F018BF40F001004FEAC12385
:100B40004FEAD32303FA0CFC40EA0C0023FA02F329
:100B50004FEA4303CCE77FEA625307D150EA0133FF
:100B60001EBF4FF0FE4040F44000704701F00040CF
:100B700040F0FE4040F40000704700BF80F00040AD
:100B800002E000BF81F0004142001FBF5FEA410365
:100B900092EA030F7FEA226C7FEA236C6AD04FEA65
:100BA0001262D2EB1363C1BFD218414048404140AA
:100BB000B8BF5B42192B88BF704710F0004F40F45C
:100BC000000020F07F4018BF404211F0004F41F478
:100BD000000121F07F4118BF494292EA030F3FD044
:100BE000A2F1010241FA03FC10EB0C00C3F1200357
:100BF00001FA03F100F0004302D5494260EB4000E6
:100C0000B0F5000F13D3B0F1807F06D340084FEA50
:100C1000310102F10102FE2A51D2B1F1004F40EB45
:100C2000C25008BF20F0010040EA030070474900AD
:100C300040EB000010F4000FA2F10102EDD1B0FA78
:100C400080FCACF1080CB2EB0C0200FA0CF0AABF6D
:100C500000EBC25052421843BCBFD040184370470B
:100C600092F0000F81F4000106BF80F40000013211
:100C7000013BB5E74FEA41037FEA226C18BF7FEAE8
:100C8000236C21D092EA030F04D092F0000F08BF2A
:100C90000846704790EA010F1CBF0020704712F011
:100CA0007F4F04D1400028BF40F00040704712F150
:100CB00000723CBF00F50000704700F0004343F0B5
:100CC000FE4040F4000070477FEA226216BF0846EB
:100CD0007FEA23630146420206BF5FEA412390EAAE
:100CE000010F40F4800070474FF0000304E000BFA4
:100CF00010F0004348BF40425FEA000C08BF704755
:100D000043F0964301464FF000001CE050EA010218
:100D100008BF70474FF000030AE000BF50EA01022D
:100D200008BF704711F0004302D5404261EB41011A
:100D30005FEA010C02BF84460146002043F0B6433F
:100D400008BFA3F18053A3F50003BCFA8CF2083A64
:100D5000A3EBC25310DB01FA02FC634400FA02FC6D
:100D6000C2F12002BCF1004F20FA02F243EB020074
:100D700008BF20F00100704702F1200201FA02FCD6
:100D8000C2F1200250EA4C0021FA02F243EB0200C9
:100D900008BF20EADC7070474FF0FF0C1CEAD0520D
:100DA0001EBF1CEAD15392EA0C0F93EA0C0F6FD0CE
:100DB0001A4480EA010C400218BF5FEA41211ED0AC
:100DC0004FF0006343EA501043EA5111A0FB013198
:100DD0000CF00040B1F5000F3EBF490041EAD3716D
:100DE0005B0040EA010062F17F02FD2A1DD8B3F1E9
:100DF000004F40EBC25008BF20F00100704790F058
:100E0000000F0CF0004C08BF49024CEA502040EAA9
:100E100051207F3AC2BFD2F1FF0340EAC25070476F
:100E200040F400004FF00003013A5DDC12F1190FAD
:100E3000DCBF00F000407047C2F10002410021FA1F
:100E400002F1C2F1200200FA02FC5FEA310040F137
:100E5000000053EA4C0308BF20EADC70704792F0B0
:100E6000000F00F0004C02BF400010F4000F013AE8
:100E7000F9D040EA0C0093F0000F01F0004C02BFE3
:100E8000490011F4000F013BF9D041EA0C018FE752
:100E90000CEAD15392EA0C0F18BF93EA0C0F0AD058
:100EA00030F0004C18BF31F0004CD8D180EA01007E
:100EB00000F00040704790F0000F17BF90F0004F17
:100EC000084691F0000F91F0004F14D092EA0C0FF9
:100ED00001D142020FD193EA0C0F03D14B0218BF8C
:100EE000084608D180EA010000F0004040F0FE40D2
:100EF00040F40000704740F0FE4040F4400070476E
:100F00004FF0FF0C1CEAD0521EBF1CEAD15392EAEC
:100F10000C0F93EA0C0F69D0A2EB030280EA010CDC
:100F200049024FEA402037D04FF0805343EA111175
:100F300043EA10130CF000408B4238BF5B0042F1D3
:100F40007D024FF4000C8B4224BF5B1A40EA0C0078
:100F5000B3EB510F24BFA3EB510340EA5C00B3EBAA
:100F6000910F24BFA3EB910340EA9C00B3EBD10F98
:100F700024BFA3EBD10340EADC001B0118BF5FEAEA
:100F80001C1CE0D1FD2A3FF650AF8B4240EBC25013
:100F900008BF20F0010070470CF0004C4CEA5020D4
:100FA0007F32C2BFD2F1FF0340EAC250704740F423
:100FB00000004FF00003013A37E792F0000F00F015
:100FC000004C02BF400010F4000F013AF9D040EA93
:100FD0000C0093F0000F01F0004C02BF490011F427
:100FE000000F013BF9D041EA0C0195E70CEAD1531F
:100FF00092EA0C0F08D142027FF47DAF93EA0C0F06
:101000007FF470AF084676E793EA0C0F04D14B02E9
:101010003FF44CAF08466EE730F0004C18BF31F09B
:10102000004CCAD130F000427FF45CAF31F0004395
:101030007FF43CAF5FE700BF4FF0FF3C06E000BF2E
:101040004FF0010C02E000BF4FF0010C4DF804CD51
:101050004FEA40024FEA41037FEA226C18BF7FEA61
:10106000236C11D001B052EA530C18BF90EA010F63
:1010700058BFB2EB030088BFC81738BF6FEAE170F2
:1010800018BF40F0010070477FEA226C02D15FEA8E
:10109000402C05D17FEA236CE4D15FEA412CE1D0FA
:1010A0005DF8040B704700BF844608466146FFE7C1
:1010B0000FB5FFF7C9FF002848BF10F1000F0FBDA3
:1010C0004DF808EDFFF7F4FF0CBF012000205DF89C
:1010D00008FB00BF4DF808EDFFF7EAFF34BF012021
:1010E00000205DF808FB00BF4DF808EDFFF7E0FFBA
:1010F00094BF012000205DF808FB00BF4DF808ED0B
:10110000FFF7D2FF94BF012000205DF808FB00BF6D
:101110004DF808EDFFF7C8FF34BF012000205DF84F
:1011200008FB00BF4FEA40024FEA41037FEA226C0E
:1011300002D15FEA402C08D17FEA236C02D15FEA3A
:10114000412C02D14FF0000070474FF00100704772
:101150004FEA4002B2F1FE4F0FD34FF09E03B3EBC4
:1011600012620DD94FEA002343F0004310F0004F04
:1011700023FA02F018BF404270474FF0000070475A
:1011800012F1610F01D1420205D110F0004008BFF9
:101190006FF0004070474FF00000704742000ED2E1
:1011A000B2F1FE4F0BD34FF09E03B3EB126209D4A2
:1011B0004FEA002343F0004323FA02F070474FF058
:1011C0000000704712F1610F01D1420202D14FF0CD
:1011D000FF3070474FF00000704700BF70470000BD
:1011E00038B50E4B054618784FF47A73B3FBF0F31D
:1011F0000B4A1068B0FBF3F000F0A2F8044658B9AF
:101200000F2D09D8024629464FF0FF3000F042F872
:101210002046044B1D6038BD0120FCE70000002083
:101220005402002004000020074A08B51368032078
:1012300043F01003136000F01BF80F20FFF7D0FFFE
:10124000FFF7CCFF002008BD00200240034A044BFA
:1012500011681B780B441360704700BF0C0E002010
:1012600000000020014B1868704700BF0C0E0020E2
:10127000074A0002D36800F4E06023F4E0631B0433
:101280001B0C43F0BF6343F400330343D360704748
:1012900000ED00E0174B70B5DC684FF0FF36C4F38B
:1012A0000224C4F10705042D04F1040328BF04251A
:1012B000062B98BF002406FA05F388BF033C21EAF9
:1012C0000303A34006FA04F422EA0404002843EAD4
:1012D0000403A8BF00F160404FEA0313B8BF064AF9
:1012E000DBB2ABBF00F5614000F00F0080F80033C7
:1012F000135470BD00ED00E014ED00E0002808DBA1
:101300000123420900F01F0003FA00F0014B43F8EB
:101310002200704700E100E000280DDB01224309B4
:1013200000F01F0002FA00F0044A203342F82300C4
:10133000BFF34F8FBFF36F8F704700BF00E100E036
:101340000138B0F1807F0AD2F021064B064A58607E
:1013500082F823100020072298601A60704701204D
:10136000704700BF10E000E000ED00E010B548B3AA
:1013700014220168144B0B44B3FBF2F39B0003648B
:10138000124BC363022380F82130D0E90134234398
:10139000C4680A682343046922F47F5223434469E2
:1013A00022F03002234384692343C4692343134357
:1013B0000B6001220023836380F8203080F8212015
:1013C000184610BD0120FCE7F8FFFDBF00000240F9
:1013D00010B508B30168114A0B680A4423F00103F1
:1013E0000B6000230B604B608B60CB601421B2FB61
:1013F000F1F2012192000A4C026401FA02F2C46384
:1014000062608363C0E90A33C0E90C3380F821309D
:1014100080F82030184610BD0120FCE7F8FFFDBF22
:1014200000000240F0B590F82040012C36D0012495
:1014300090F8215080F82040EDB2A5424FF0000610
:101440004FF0020428D180F82140046886632668A2
:1014500026F001062660D0E90F67BD407560636025
:1014600043680568102BC36A0BBFA260A160E160EE
:10147000E2604BB1236843F00E03002023602B6829
:1014800043F001032B60F0BD236823F004032360C5
:10149000236843F00A03F0E780F820600220F2E7B7
:1014A00090F82130022B06D004238363002380F8B8
:1014B0002030012070470368C16B1A6822F00E02C9
:1014C0001A601A6822F001021A600122036C02FA03
:1014D00003F34B60002380F8212080F82030184669
:1014E0007047000090F8213010B5022B03D0042380
:1014F0008363012010BD03681A6822F00E021A608F
:101500001A6822F001021A60184A93421FD014325E
:1015100093421ED0143293421DD0143293421DD0F8
:10152000143293421DD0143293420CBF4FF48013F7
:101530004FF080730E4A00245360012380F821305D
:10154000436B80F820407BB198472046D2E70123C7
:10155000F0E71023EEE74FF48073EBE74FF480538E
:10156000E8E74FF48033E5E71846C3E70800024098
:101570000000024070B40425C66B026C3468036836
:1015800095402542196832D04D0730D51A68960625
:101590005EBF1A6822F004021A603E4A934219D0D4
:1015A0001432934218D01432934217D0143293421B
:1015B00017D01432934217D0143293420CBF4FF419
:1015C00080034FF08063344A5360C36A002B5ED0BF
:1015D00070BC18470423F6E74023F4E74FF4806318
:1015E000F1E74FF48043EEE74FF48023EBE7022569
:1015F0009540254235D08D0733D51A68940606D418
:101600001A6822F00A021A60012280F82120214A79
:10161000934219D01432934218D01432934217D007
:101620001432934217D01432934217D0143293429B
:101630000CBF4FF400134FF00073174A53600023A0
:1016400080F82030836AC1E70223F6E72023F4E71D
:101650004FF40073F1E74FF40053EEE74FF400331B
:10166000EBE708259540254211D009070FD51968E9
:1016700021F00E011960012303FA02F27260836304
:1016800080F82130002380F82030036B9EE770BC87
:10169000704700BF08000240000002402DE9F74FEC
:1016A00000242646654BDFF8A4C1DFF8A4E10A68F0
:1016B00032FA06F502D103B0BDE8F08F4FF0010811
:1016C00008FA06F802EA080290457ED14D68122D0C
:1016D00000F0A98000F28280022D00F0A18076D86F
:1016E000002D00F08880012D00F098804FF00F0948
:1016F000FF2A93BF824606F18045083DD0F800B02E
:1017000092BFB500D0F804B0AD0009FA05F82BEA95
:10171000080804FA05F588BF00F1040A48EA05053F
:10172000CAF80050D1F804A01AF0805F4DD0444FA1
:1017300026F00308BD6908F1804845F00105BD6148
:10174000BD6908F5803805F00105019506F0030B29
:10175000019D4FEA8B0BD8F8085009FA0BF925EADE
:101760000909384DA84263D005F58065A84261D0CB
:1017700005F58065A8425FD005F58065A8420CBFDD
:101780000325042505FA0BF545EA0905C8F80850B4
:101790009D681AF4801F14BF154395439D60DD6852
:1017A0001AF4001F14BF15439543DD605D681AF4F9
:1017B000003F14BF154395435D601D681AF4803FD8
:1017C00014BF2A4325EA02021A6001366FE7032D8F
:1017D00022D0112D8AD1CC68043487E71A4FBD423C
:1017E00009D012D8DFF86C904D4504D009F5803946
:1017F0004D457FF47BAF8C68C4B1012C0CBFC0F8A1
:101800001080C0F81480082470E76545F3D0754552
:10181000F1D0DFF84490EBE7002467E7CC6865E798
:10182000CC68083462E7CC680C345FE704245DE7D9
:101830000025A7E70125A5E70225A3E7000401404D
:10184000001002400008014000002110000031108B
:101850000000321000001110000022102DE9F74F97
:101860004FF0040B00234FF0010A4FF00F0800EB7C
:101870000B020192314A31FA03F402D103B0BDE800
:10188000F08F0AFA03F70F404FD023F0030404F15E
:10189000804404F5803403F0030C294DA6684FEA18
:1018A0008C0C08FA0CF9A84209EA060E3FD005F59F
:1018B0008065A8423DD005F58065A8423BD005F57E
:1018C0008065A84214BF0425032505FA0CF575456B
:1018D0006FEA07060FD11568354015605568354029
:1018E0005560D5683540D560956835409560A568E8
:1018F00025EA0905A560FF2F93BF074603F1804441
:10190000083CD0F800C08ABFD0F804C09C00A400F6
:1019100008FA04F588BF019F0BFA04F42CEA0505C8
:1019200025433D60C4682640C6600133A3E7002517
:10193000CBE70125C9E70225C7E700BF0004014046
:10194000000801408368194214BF0120002070473D
:101950000AB1016170470904FBE7C36801EA0302A9
:1019600021EA030141EA02410161704770B5044672
:1019700018B34CF6CC42036841F23C361A6045F28B
:1019800055521A6042685A6082689A60FFF76AFC92
:1019900005462368D86810F0030003D14AF6AA224E
:1019A0001A6070BDFFF75EFC401BB042F1D923689E
:1019B000DB689B07EDD00320F3E70120F1E74AF64F
:1019C000AA22036800201A60704700002DE9F34145
:1019D000054608B901203CE00368DB0710D42B68FA
:1019E0009F075DD42B68190700F194802B685A0774
:1019F00000F1BE80E869002840F02C81002028E03A
:101A00008F4C636803F00C03042B07D0636803F06A
:101A10000C03082B09D16368DE0306D523689C03F9
:101A2000DDD56B68002BDAD1D4E76B68B3F5803F66
:101A300012D1236843F480332360FFF713FC06467A
:101A400023689803CBD4FFF70DFC801B6428F7D9DB
:101A5000032002B0BDE8F0819BB9236823F48033F2
:101A60002360236823F480232360FFF7FBFB0646F3
:101A700023689903B3D5FFF7F5FB801B6428F7D9DA
:101A8000E6E7B3F5A02F236803D143F48023236056
:101A9000CFE723F480332360236823F48023CBE74C
:101AA000674C636813F00C0F07D0636803F00C03F6
:101AB000082B10D16368DA030DD423689B0702D585
:101AC0002B69012B86D123686A6923F0F80343EA66
:101AD000C203236086E72A695A4B6AB101221A6061
:101AE000FFF7C0FB064623689F07ECD4FFF7BAFB5D
:101AF000801B0228F7D9ABE71A60FFF7B3FB064655
:101B0000236898077FF56EAFFFF7ACFB801B0228B8
:101B1000F6D99DE7AA694A4C4B4BDAB101221A600B
:101B2000FFF7A0FB0646636A9B070DD54FF4FA52F8
:101B3000464B1B68B3FBF2F3019300BF019B5A1E97
:101B40000192002BF9D151E7FFF78CFB801B022893
:101B5000E9D97DE71A60FFF785FB0646636A9F07B0
:101B60007FF544AFFFF77EFB801B0228F6D96FE7B5
:101B7000334CE369D80024D40127E36943F0805350
:101B8000E361E36903F080530093009B304E3368B8
:101B9000D90518D5EB68012B26D1236A43F0010340
:101BA0002362FFF75FFB41F288368046236A9B077A
:101BB0003FD5002F3FF41EAFE36923F08053E3616C
:101BC00018E70027E2E7336843F480733360FFF7D8
:101BD00049FB80463368DA05DCD4FFF743FBA0EB12
:101BE00008006428F6D933E7ABB9236A41F2883894
:101BF00023F001032362236A23F004032362FFF727
:101C000031FB0646236A9807D3D5FFF72BFB801BD1
:101C10004045F7D91CE7052B236A03D143F00403A1
:101C20002362BAE723F001032362236A23F004034B
:101C3000B6E7FFF717FBA0EB0800B042B6D907E7FD
:101C40000010024000004242800442425402002040
:101C5000007000402A4B5A681C4602F00C02082A09
:101C60003DD00023274E022833602BD1FFF7FAFA2C
:101C70000746236899011FD42B6AB3F5803F05D12D
:101C80006268A96822F400320A436260696A626885
:101C90000B4322F474121343636001233360FFF794
:101CA000E1FA054623689A013FF5A8AEFFF7DAFA94
:101CB000401B0228F6D9CBE6FFF7D4FAC01B022856
:101CC000D7D9C5E6FFF7CEFA054623689B017FF515
:101CD00095AEFFF7C7FA401B0228F6D9B8E60128EF
:101CE0003FF4B7AE58682B6A00F480329A427FF412
:101CF00071AE6B6A00F47010C01A18BF0120A8E61C
:101D000000100240600042420D494B6803F00C0293
:101D1000082A12D10B48C3F38342DB03825C09D546
:101D200009484B685043094AC3F34043D35CB0FBB6
:101D3000F3F070470648504370470348704700BFB0
:101D40000010024080B3000800127A0090B300082F
:101D500000093D002DE9F0410D46044610B901206F
:101D6000BDE8F081444A136803F007038B4228D38F
:101D700021688E0730D4CA0743D43F4A136803F062
:101D80000703AB4265D822683C4D12F0040F6CD1BA
:101D9000130706D56B68226923F4605343EAC20334
:101DA0006B60FFF7B1FF6B68354AC3F30313D35C75
:101DB000D840344B1860344B1868FFF711FA0020F4
:101DC000CEE7136823F007030B431360136803F097
:101DD00007038B42C3D1CBE7284B11F0040F1EBF82
:101DE0005A6842F4E0625A60080742BF5A6842F4F7
:101DF00060525A605A68A06822F0F00202435A60AA
:101E0000B9E762681D4E012A33681AD113F4003F06
:101E1000A5D0736841F2883823F00303134373603D
:101E2000FFF720FA07467368626803F00C03B3EB10
:101E3000820FA2D0FFF716FAC01B4045F3D903204A
:101E40008EE7022A02D113F0007FE1E713F0020FC0
:101E5000DEE7136823F007032B431360136803F0D6
:101E60000703AB427FF47BAF8DE76B68E16823F437
:101E7000E0630B436B608BE70020024000100240E0
:101E800040BC00085402002004000020044B054A16
:101E90005B68C3F30223D35C034A1068D8407047E1
:101EA0000010024050BC000854020020044B054AB8
:101EB0005B68C3F3C223D35C034A1068D840704701
:101EC0000010024050BC0008540200202DE9F743E6
:101ED0001E46884617460546FFF7C4F90A9C344457
:101EE000241AFFF7BFF98146244B1B68C3F3CB3399
:101EF00063432A680193936838EA03030CBF012304
:101F00000023BB4201D100202EE0731CF3D0FFF769
:101F1000A9F9A0EB0900A04229D32B685A6822F046
:101F2000E0025A606A68B2F5827F0AD1AA68B2F507
:101F3000004F02D0B2F5806F03D11A6822F0400240
:101F40001A60AA6AB2F5005F07D11A6822F400523B
:101F50001A601A6842F400521A60012385F8513061
:101F60000023032085F8503003B0BDE8F083019BC7
:101F7000002B019B08BF0024013BBAE7540200205C
:101F800073B50B4600920D46164602210122044607
:101F9000FFF79CFF024628B1636D032043F0200346
:101FA000636507E000962B4680212046FFF78EFFF1
:101FB0000028F1D102B070BD37B50B464168044628
:101FC000B1F5827F18D18068B0F5004F02D0B0F52E
:101FD000806F11D12168B0F5806F0D6825F0400544
:101FE0000D6009D10092012100222046FFF76EFF0B
:101FF00030B9002003B030BD009280210022F4E708
:10200000636D032043F020036365F3E710B50446D6
:10201000002851D0436A002B4AD14268B2F5827F32
:1020200000D0C3610023A36294F8513003F0FF0293
:1020300023B984F85020204601F058FB022322687F
:1020400084F851301368A06823F04003136063687C
:1020500000F4044003F482730343E068A16900F4D0
:1020600000600343206900F002000343606900F050
:102070000100034301F400700343E069090C00F020
:1020800038000343206A01F0040100F0800003439C
:10209000A06A00F40050034313605160D36900202C
:1020A00023F40063D3610123606584F8513010BDCF
:1020B0000023C0E90433B5E70120F8E72DE9F74331
:1020C00004460D461E4691460A9FFFF7CBF894F84A
:1020D00051308046DBB2012B61680AD0B1F5827FB6
:1020E00040F0E280A068002840F0DE80042B40F041
:1020F000DB80002D4AD0B9F1000F47D0002E45D02B
:1021000094F85030012B00F0CF80012384F8503038
:1021100094F85130C4F83890042B1CBF052384F880
:10212000513000236365C4E910332368E687E686EF
:102130001A68A687500658BF1A68256358BF42F030
:102140004002A68658BF1A60E268B2F5006F53D10C
:1021500009B1012E07D135F8022BDA60E38E256331
:10216000013B9BB2E3860125E38E9BB283B9E38FEB
:102170009BB26BB9424639462046FFF701FF002863
:102180007ED020236365002384F85030012030E0A6
:102190002268936899070DD5E38E9BB253B14DB178
:1021A0000025236B33F8021BD1602363E38E013BD0
:1021B0009BB2E3869368DB070CD5E38F9BB24BB1F0
:1021C0000125D268A36B23F8022BA363E38F013BA5
:1021D0009BB2E387FFF746F8A0EB0800B842C3D3F1
:1021E0007E1CC1D0012384F851300023032084F8E1
:1021F000503003B0BDE8F08309B1012E08D12A7830
:102200001A73236B01332363E38E013B9BB2E38696
:1022100001252CE02268936898070ED5E38E9BB2C7
:102220005BB155B10025236B1B781373236B01330E
:102230002363E38E013B9BB2E38622689368D90750
:102240000DD5E38F9BB253B10125D268A36B1A70F1
:10225000A36B0133A363E38F013B9BB2E387FFF7DB
:1022600001F8A0EB0800B84201D37B1CBAD1E38E81
:102270009BB2002BCED1E38F9BB2002BCAD179E762
:10228000A36833B901932368DA6801929B680193CC
:10229000019B012384F851300023606D84F8503095
:1022A000C01A18BF0120A4E70220A2E770B50446B7
:1022B00090F85100C0B2012808D06568B5F5827F5A
:1022C0006DD1A568002D6AD1042868D1002939D0C4
:1022D000002A37D0002B35D094F8500001285ED06A
:1022E000012084F8500094F85100002604281CBFF7
:1022F000052084F8510000206065E386E387A3860B
:10230000A38794F85130C4E91000042BE06C0CBF93
:10231000244B254B2163A2630BBFC362C362234BD3
:10232000234B21688362234B466303630C31E38FA5
:10233000FFF778F8054638B1636D84F8506043F0D4
:1023400010036365012029E02268A06C5368216BAB
:1023500043F001035360E38EC0E90A55C0E90C5510
:102360000C32FFF75FF830B1636D84F8505043F0E2
:1023700010036365E6E723681A6852065EBF1A68B1
:1023800042F040021A60002284F850205A6842F05D
:1023900020025A605A6842F002025A6070BD022060
:1023A000FCE700BFBD230008C9230008F52300088F
:1023B0005B240008D32300087047704708B5406AC3
:1023C000FFF7FBFF08BD704708B5406AFFF7FBFF4A
:1023D00008BD406A08B50268536823F003035360E0
:1023E000436D43F010034365012380F8513001F041
:1023F000FFF808BD38B50546446AFEF733FF2B6881
:1024000002461B689B0624D42368596821F02001EA
:102410005960A168C9B96168B1F5827F15D1596861
:1024200021F00301596020466421FFF7C5FD08B182
:10243000202363650023E387012384F85130636D13
:102440003BB1204601F0D4F838BD596821F00101B4
:10245000E8E72046FFF7B0FFF6E738B50546446ADF
:10246000FEF700FF2B6802461B689B061ED42168FE
:1024700020464B6823F020034B606421FFF780FD6A
:1024800018B1636D43F0200363652268536823F03D
:10249000030353600023E386E387012384F851306C
:1024A000636D1BB1204601F0A3F838BD204601F052
:1024B00093F8FAE7036A026A70B522F00102026239
:1024C000446882690D6822F073022A438D6823F004
:1024D00002032B430B4DA8420DD1056A23F00803DC
:1024E00025F004050562CD6824F440742B43D1E93E
:1024F000055635432C43446082614A684263036257
:1025000070BD00BF002C0140036A026A70B522F45E
:10251000807202624468C2690D6822F073022A4325
:102520008D6823F4007343EA05230C4DA8420FD1B4
:10253000056A23F4006325F480650562CD6824F400
:10254000405443EA0523D1E90556354344EA0514CE
:102550004460C2614A68C263036270BD002C0140DE
:10256000036A026A30B522F4805202624468C2698A
:102570000D6822F4E64242EA05228D6823F40053F6
:1025800043EA0533064DA84202BF4D6924F4804456
:1025900044EA85144460C2614A680264036230BD43
:1025A000002C014090F83D30012B20D1022380F80F
:1025B0003D300368DA6842F00102DA600D4A934266
:1025C0000AD0B3F1804F07D0A2F59432934203D0E2
:1025D00002F58062934204D19A6802F00702062A4B
:1025E00003D01A6842F001021A60002070470120EF
:1025F000704700BF002C014070477047704770471C
:10260000036870B5DD681E690446B1070DD5AA07D9
:102610000BD56FF002021A6101229B6902779B07BA
:1026200069D0FFF7EAFF00232377710710D56A0707
:102630000ED56FF00402236820461A6102229B69BE
:10264000227713F4407F5CD0FFF7D7FF0023237776
:1026500033070FD528070DD56FF0080223682046F1
:102660001A610422DB692277990750D0FFF7C5FF72
:1026700000232377F20610D5EB060ED56FF010027B
:10268000236820461A610822DB69227713F4407F11
:1026900043D0FFF7B2FF00232377F00708D5E907FF
:1026A00006D56FF00102236820461A6102F00AFF86
:1026B000320608D52B0606D56FF080022368204627
:1026C0001A6100F0F0F9700608D5690606D56FF0BA
:1026D0004002236820461A61FFF791FFB20622D517
:1026E000AB0620D56FF0200223682046BDE870407D
:1026F0001A6100F0D7B9FFF77FFF2046FFF77EFF92
:1027000091E7FFF779FF2046FFF778FF9EE7FFF795
:1027100073FF2046FFF772FFAAE7FFF76DFF204621
:10272000FFF76CFFB7E770BD1C4A036890420AD000
:10273000B0F1804F07D0A2F59432904203D002F559
:102740008062904215D14A6823F070031343134A04
:1027500090420AD0B0F1804F07D0A2F59432904257
:1027600003D002F58062904203D1CA6823F440731B
:1027700013434A6923F0800313438A68C2620A68DC
:102780008262064A904204BF0A690263026842F00C
:10279000040202600122426103607047002C014084
:1027A00010B5044630B390F83D3003F0FF021BB97A
:1027B00080F83C2002F03AFE0223206884F83D3085
:1027C000211DFFF7B1FF0123002084F8463084F873
:1027D0003E3084F83F3084F8403084F8413084F84B
:1027E000423084F8433084F8443084F8453084F82B
:1027F0003D3010BD0120FCE710B5044630B390F821
:102800003D3003F0FF021BB980F83C2002F0FAFDD6
:102810000223206884F83D30211DFFF785FF012346
:10282000002084F8463084F83E3084F83F3084F845
:10283000403084F8413084F8423084F8433084F8E2
:10284000443084F8453084F83D3010BD0120FCE769
:10285000036A026A70B522F010020262446882695B
:102860000D6822F4E64242EA05228D6823F0200337
:1028700043EA05130C4DA8420FD1056A23F08003EB
:1028800025F040050562CD6824F4406443EA051351
:10289000D1E90556354344EA8504446082614A68BB
:1028A0008263036270BD00BF002C014038B590F810
:1028B0003C300446012B57D0012380F83C300C2AD1
:1028C00050D8DFE802F0074F4F4F1C4F4F4F2D4FAE
:1028D0004F4F3E000068FFF7EDFD236809699A69D4
:1028E00042F008029A619A6922F004029A619A6998
:1028F0000A439A610020002384F83C3038BD006808
:10290000FFF7A6FF236809699A6942F400629A6199
:102910009A6922F480629A619A6942EA0122E8E7A0
:102920000068FFF7F1FD23680969DA6942F00802DF
:10293000DA61DA6922F00402DA61DA690A43DA61FB
:10294000D8E70068FFF70CFE23680969DA6942F4EA
:102950000062DA61DA6922F48062DA61DA6942EAF5
:102960000122ECE70120C6E70220C7E710B50124E9
:10297000036A01F01F018C4023EA04030362036A27
:102980008A401A43026210BD10B5044629B990F876
:102990003E30012B1DD0012010BD042907D190F835
:1029A0003F30012BF7D1022380F83F3014E0082993
:1029B00007D190F84030012BEDD1022380F8403050
:1029C0000AE090F84130012BE5D1022380F8413034
:1029D00002E0022380F83E3001222068FFF7C6FFA4
:1029E00023680E4A93420AD15A6C42F400425A6458
:1029F0009A6802F00702062A0BD10020CCE7B3F157
:102A0000804FF5D0064A9342F2D002F5806293429D
:102A1000EED01A6842F001021A60EEE7002C014085
:102A200000040040FFF7B0BF38B50446002200683C
:102A30000D46FFF79BFF2368184A93420DD141F2E0
:102A40001112196A114208D140F24442196A114226
:102A500002BF5A6C22F400425A6441F21112196A00
:102A6000114208D140F24442196A114202BF1A6869
:102A700022F001021A6001231DB984F83E300020C3
:102A800038BD042D02D184F83F30F8E7082D0CBF83
:102A900084F8403084F84130F1E700BF002C014059
:102AA000FFF7C2BF70477047026802F10C0353E89A
:102AB000003F23F490730C3242E800310268002991
:102AC000F2D102F1140353E8003F23F0010302F1B5
:102AD000140C4CE800310029F3D1036B012B0BD10E
:102AE00002F10C0353E8003F23F0100302F10C0C39
:102AF0004CE800310029F3D1202380F84230002334
:102B00000363704710B504460368C1681A6922F46C
:102B100040520A431A6182680069D96802436069B9
:102B200021F4B05121F00C0102430A43DA605A69E2
:102B3000A16922F440720A435A610E4A934215D1A8
:102B4000FFF7B4F919235843636864229B00B0FB74
:102B5000F3F0B0FBF2F102FB11031B013233B3FBC4
:102B6000F2F3246803EB0113A36010BDFFF78EF9A5
:102B7000E8E700BF00380140F7B504460D461746A8
:102B80001E4621680B6835EA030301D1002021E0CD
:102B9000701CF7D0FEF766FBC01B86421CD3DEB16B
:102BA0002068C3685A07ECD5802DEAD0402DE8D0C4
:102BB00003681B07E5D50025019503680193436869
:102BC00020460193019BFFF76FFF082301206364F8
:102BD00084F8405003B0F0BD0320FBE710B5044675
:102BE00048B390F8413003F0FF021BB980F8402051
:102BF00002F040FC2423226884F84130D368204648
:102C000023F40053D360FFF77DFF236800201A6987
:102C100022F490421A615A6922F02A025A61DA6853
:102C200042F40052DA602023606484F8413084F872
:102C30004230606310BD0120FCE710B50446A0B12E
:102C40002423026880F84130D36823F40053D36012
:102C500002F020FC0020606484F8400084F8410009
:102C600084F842002063606310BD0120FCE72DE979
:102C7000F843984690F841300446202B0E46914682
:102C800041D1002941D0002A3FD0212300254564AD
:102C900080F84130FEF7E6FAA3680746B3F5805F97
:102CA000A4F82490A4F8269003D123690BB93546E3
:102CB0001E46E38C9BB25BB943463A464021204610
:102CC000FFF75AFF202384F8413058B9BDE8F88354
:102CD00043463A4680212046FFF74EFF20B120238D
:102CE00084F841300320F1E722684EB935F8023B01
:102CF000C3F308035360E38C013B9BB2E384D8E742
:102D000016F8013BF6E70220E0E70120DEE72DE9B7
:102D1000F843984690F842300446202B0E469146E0
:102D200047D1002947D0002A45D0222300254564F9
:102D300080F842300563FEF795FAA3680746B3F5BD
:102D4000805FA4F82C90A4F82E9003D123690BB9CE
:102D500035461E46E08D80B218B9202384F84230F3
:102D60000AE043463A4620212046FFF705FF28B1F6
:102D70002023032084F84230BDE8F88323684EB94D
:102D80005B68C3F3080325F8023BE38D013B9BB26C
:102D9000E385DFE7A268B2F5805F02D02AB9226935
:102DA0001AB95B6833700136EFE75B6803F07F03A5
:102DB000F8E70220E0E70120DEE790F84130202B21
:102DC00010D189B182B1C2848284002321220162A0
:102DD0000168436480F84120CA68184642F08002C6
:102DE000CA607047022070470120704770B50446E2
:102DF00094F841501346EDB2202D2ED1C9B1C2B185
:102E0000E284A28421200022154E626484F84100ED
:102E1000A06B21628662134EC662134EC0E90C623B
:102E200022680432FEF7FEFA28B11023636484F8A6
:102E30004150012010E06FF0400223681A602268C0
:102E400002F1140353E8003F43F0800302F114043D
:102E500044E800310029F3D170BD0220FCE700BF37
:102E60006D2E0008BB2E0008C72E0008026808B5AA
:102E70001268436A12F020021AD1DA84196801F14B
:102E8000140252E8002F22F08002143141E80020A1
:102E90001A680028F2D102F10C0353E8003F43F016
:102EA000400302F10C0040E800310029F3D108BDD5
:102EB000184603F04DF9FAE7704708B5406AFFF786
:102EC000FBFF08BD704710B5446A23685A6994F83F
:102ED0004110212912D1120610D50022E28403F1FB
:102EE0000C0252E8002F22F0C00203F10C0040E86F
:102EF00000210029F3D1202284F841205B6994F855
:102F00004220222A06D15B0604D500232046E38511
:102F1000FFF7CAFD636C204643F01003636403F0BF
:102F200061F910BD08B50023406AC38503F05AF962
:102F300008BD704790F8423013B5222B53D18168F9
:102F4000836AB1F5805F02683ED1016900293ED1F4
:102F50005268C2F3080223F8022BC48D8362013C3D
:102F6000A4B2C485002C2DD10368DA6822F02002B7
:102F7000DA60DA6822F48072DA605A6922F00102BB
:102F80005A61202380F842304463036B012B0368AD
:102F900026D1046303F10C0252E8002F22F0100244
:102FA00003F10C0444E800210029F3D11A68D20689
:102FB00005D501911A6801925B680193019B818D8F
:102FC000FFF7B7FF00200FE031B9016921B952685E
:102FD0001A70836A0133C0E7526802F07F02F7E794
:102FE00003F0D8F8EEE7022002B010BD036837B551
:102FF0001A68044612F00F0FD9685D6908D195066A
:1030000066D58D0664D503B0BDE83040FFF792BFAA
:1030100015F0010502D111F4907F59D0D00705D5E4
:10302000CB0542BF636C43F001036364500704D5D2
:103030001DB1636C43F002036364930704D51DB1B3
:10304000636C43F004036364100706D58B0600D459
:103050001DB1636C43F008036364636C002B31D0D3
:10306000900604D5890602D52046FFF763FF236842
:1030700020465D69626C120702D415F0400523D02A
:10308000FFF712FD226853695B0618D502F114039D
:1030900053E8003F23F0400302F1140040E8003100
:1030A0000029F3D1E06B50B1764B4363FEF71AFA77
:1030B00040B1E06B436B03B0BDE830401847204699
:1030C00003F090F803B030BD03F08CF86564F9E7C5
:1030D000206B012840F09980D50640F19680C80603
:1030E00040F19380002201921A6801925A6801927D
:1030F000019A5969A28D4D0654D5E06B0168496863
:1031000089B2002946D0914244D28269E185202AC1
:1031100036D003F10C0252E8002F22F4807203F142
:103120000C0040E800210029F3D103F1140252E819
:10313000002F22F0010203F1140040E800210029D1
:10314000F3D103F1140252E8002F22F0400203F100
:10315000140040E800210029F3D1202284F8422005
:10316000216303F10C0252E8002F22F0100203F158
:103170000C0040E800210029F3D1E06BFEF790F944
:1031800002236363E38DA18DC91A89B22046FFF73C
:10319000D0FE97E7914295D18369202B92D10223EB
:1031A0006363F3E7E18DE08D89B280B2002889D0B6
:1031B000511A89B2002985D003F10C0252E8002F80
:1031C00022F4907203F10C0545E800200028F3D1A9
:1031D00003F1140252E8002F22F0010203F114055A
:1031E00045E800200028F3D1202284F84220206303
:1031F00003F10C0252E8002F22F0100203F10C053B
:1032000045E800200028F3D1C9E7100628D50D06AF
:1032100026D594F84120212A7FF454AFA168226A70
:10322000B1F5805F17D12169A9B932F8021BC1F34A
:10323000080159602262E28C013A92B2E284002ACB
:103240007FF440AFDA6822F08002DA60DA6842F098
:103250004002DA6036E7511C216212785A60EAE7D0
:1032600050067FF52FAF4A067FF52CAFDA6820466F
:1032700022F04002DA60202384F8413002F068FF37
:1032800020E700BF252F000808B50123406A4363EB
:10329000036B012B04D1818D4908FFF74AFE08BD5D
:1032A000FFF710FEFBE708B503461B68406A1B6882
:1032B00013F0200337D1C385026802F10C0353E8F1
:1032C000003F23F480730C3242E800310368002988
:1032D000F2D103F1140252E8002F22F0010203F1AF
:1032E000140C4CE800210029F3D103F1140252E838
:1032F000002F22F0400203F1140C4CE800210029B9
:10330000F3D1202280F84220026B012A0BD103F175
:103310000C0252E8002F22F0100203F10C0C4CE8D2
:1033200000210029F3D100234363036B012B03D158
:10333000818DFFF7FEFD08BD02F02CFFFBE790F842
:103340004030012B11D02423026880F84130D3682B
:1033500023F00C0343F00803D360202380F84130AE
:10336000002380F84030184670470220704790F8DC
:103370004030012B11D02423026880F84130D368FB
:1033800023F00C0343F00403D360202380F8413082
:10339000002380F840301846704702207047002311
:1033A000C285436422238285026980F842308162AB
:1033B00003681AB1DA6842F48072DA605A69002050
:1033C00042F001025A61DA6842F02002DA60704786
:1033D00070B490F84260202E06D141B13AB1002479
:1033E000046370BCFFF7DBBF022070BC7047012094
:1033F000FBE7000037B5044681621346A285002230
:1034000042642220224D84F84200E06B8562214D07
:10341000C562214DC0E90C5225680A46291DFEF7F8
:1034200001F838B1102363642023012084F842306E
:1034300003B030BD236801901A6801925A68019266
:10344000019A22695AB103F10C0252E8002F42F4AA
:10345000807203F10C0444E800210029F3D103F148
:10346000140252E8002F42F0010203F1140444E870
:1034700000210029F3D103F1140252E8002F42F099
:10348000400203F1140444E800210029F3D1CFE7FE
:10349000A732000889320008C72E000870B490F8DF
:1034A0004260202E06D141B13AB10024046370BCC1
:1034B000FFF7A0BF022070BC70470120FBE70000AF
:1034C0002DE9F84F03680D46C1F80F308388A1F845
:1034D00013300023D943DA10825C01F007010A415E
:1034E000D1075FD4D943DA10825C01F007010A41A9
:1034F000D2075DD50E2B58DC00210A469F1CC3F174
:10350000FF2303F57F03FD337C18E4105E1A045D8E
:1035100006F007063441013104F00104202944EA91
:103520004202F1D119230026100AC2F38018C2F317
:10353000C01902F03F0748EA800242EA490222FA33
:1035400003F1740901F0010176008C4206F03E0699
:1035500018BF86F0030613F1FF33F0D21C4B28602E
:1035600093F800A00124CAF11803D8406860FDF761
:10357000BBFB834604FA0AF0FDF7B6FB014658464A
:10358000FDF7BEFC1349FDF707FC86F03F06B74286
:10359000A86085F80C9085F80D800DD02046AC739E
:1035A000BDE8F88F0133302B94D10220A873F7E7E0
:1035B0000133302B96D1F8E7B9F1000F01D1032088
:1035C000F4E7B8F1000F01D10420EFE70020EDE7A8
:1035D000840200200000B4430268034B9A4202BFF9
:1035E0000122024B1A707047003001407C0200201B
:1035F0000268044B9A4204D10123034A1370034A20
:1036000013707047003001407D0200207C020020D2
:103610000148FDF7AFBF00BF940200200148FDF74D
:10362000A9BF00BFD80200202DE9FF470546027957
:10363000274BDFF8B0901A70AB890024A9F800304E
:1036400000934FF0010A0223224E2A698068224F1C
:10365000DFF894803260AA8A69460393C8F80000B4
:103660003A800294CDF804A0FEF718F85246B9F853
:103670000010D8F80000FEF76BF93B886946306807
:103680000093FEF70BF8224630683988FEF760F9A0
:103690002B6812484FF4007203604FF48273C0E944
:1036A00001342823C0E903444461C0E90623C0E98A
:1036B00008448462FEF7AAFC38B94FF0FF32084B89
:1036C0001A609A8004B0BDE8F0870520FAE700BFD1
:1036D00084020020800200207E0200201C030020C3
:1036E0008B0200207402002078020020F0B50268EE
:1036F000304B87B09A4206465AD103F560439A6927
:10370000002442F480529A619A6902A902F480521C
:103710000092009A5A69284842F001025A615B6996
:10372000202203F001030193019B0223CDE9022330
:10373000032304940593FDF7B1FF4023CDE9023440
:10374000012302A91C481D4D0493FDF7A7FF1C4B44
:103750008027C5E900344FF400532846EB61AC6084
:10376000C5E90374C5E90544FDF700FE1023F564BF
:103770006E62144D14492846C5E90013C5E9024795
:10378000C5E90444C5E90644FDF7F0FD22460721DA
:103790000C20B5646E62FDF77DFD0C20FDF7AEFDDB
:1037A0000D2022460721FDF775FD0D20FDF7A6FD32
:1037B00007B0F0BD00300140000801409402002035
:1037C0001C000240D8020020300002404FF0FF33BE
:1037D00010B586B00293ADF80C3000230493ADF819
:1037E000143032230446009304AA062302A90A488F
:1037F000FEF764FC50B10498BDF81430C4F80F0013
:103800000520A4F81330A07306B010BD214604A80B
:10381000FFF756FEF8E700BF1C03002038B5002371
:10382000084A094C094D237013602B709380084996
:1038300006230848FEF73AFD10B1012028702070D9
:1038400038BD00BF850200207C0200207D020020E0
:103850008B0200201C030020014B1878704700BF2A
:103860007C020020084B01461B7813B90748FFF77C
:1038700027BE064B1A689B88C0F80F20A0F81330AB
:1038800005208873704700BF7D020020850200205C
:1038900037B51848184D01682A684B68174C23F053
:1038A00003034B60136823F001031360226813685D
:1038B00023F0010313604FF48872114B5A60012307
:1038C000002285F8213084F82130019284F82020EC
:1038D000CC6885F820200194896880F85020094A36
:1038E0000191019980F851301370074A137003B0A9
:1038F00030BD00BF1C030020D8020020940200202D
:10390000000002407D0200207C020020401AB0F539
:10391000803F02DDA0F50030704710F5803FB8BF52
:1039200000F5003070470000F8B5877811F0FB0F04
:1039300007F10107FFB2044694468770017116D162
:103940001646C37800F10C050133C3700FCE0FC5C6
:1039500096E8030085E8030094F8303023BB012289
:1039600084F83020DCF80420C4E90A3362620F2FA7
:1039700019D9D4E90A300025C01A2570FDF7B8F925
:103980001049FDF709FA4FF05C51FDF705FAE378AD
:10399000A0600B2B06D94FF07C51FDF7A5FB451B12
:1039A00018BF01256570F8BDDCF80400616AFFF7F7
:1039B000ADFFA36A8342E36AC8BFA0628342B8BF77
:1039C000E062D4E70000B4430022034B1A700122E6
:1039D000024B1A70704700BF7C030020890300204F
:1039E00008B5084B1868431C09D0FDF77DF9064956
:1039F000FDF7D2F94FF05C51FDF7CEF908BD00207C
:103A0000FCE700BF480000200000B4430023064A42
:103A10001360064A13600023054A1370054A1360B9
:103A2000054A1380704700BFCC0400201805002011
:103A3000D004002020050020D2040020044B187878
:103A400020B1044B1878003018BF012002F030BEBE
:103A5000100000204C00002008B5034801F090FD44
:103A60000022024B1A6008BD5000002034040020E0
:103A700038B500220E4B07F0FDF900220023044662
:103A80000D46FCF7A5FF38B1204629460022084B19
:103A9000FCF776FB04460D460022054B20462946DE
:103AA000FCF7AAFF08B1002400252046294638BDAE
:103AB00000807640384B2DE9F04107460D461868E6
:103AC00036499046FDF768F900F10044064639464C
:103AD0002046FDF71DFB30B931463846FDF718FB8F
:103AE00000284ED13C462E4B00211F682D4E3846F3
:103AF000FDF70EFB00284CD0B8F1000F1FD00021BD
:103B00002846FDF7E7FA08B105F100452946384691
:103B1000FDF742F90146FDF737F807F00BFA1F49A8
:103B2000FDF73AF900F10048054621464046FDF709
:103B3000EFFA40BB21462846FDF7CCFA28BB1749CF
:103B40003846FDF729F91549FDF726F93768054686
:103B500039462046FDF716F805F100442146804617
:103B6000FDF7B8FA28B929464046FDF7D1FA70B9F1
:103B7000444621463846FDF707F830603068BDE816
:103B8000F0813446AFE74446D9E72C46D7E72C46C8
:103B9000EFE73460F2E700BF740000206F12833A51
:103BA0000800002034040020F8B500210446FDF789
:103BB00087FA0027164D18B102F096FD2F60F8BD68
:103BC00039462046FDF786FAF8B104F10040114B62
:103BD0001968FDF795F91049FDF7DEF84FF07C51B3
:103BE000FCF7D2FFFDF7DAFA06460028E4D0002100
:103BF00020464FF00107FDF78BFA00B9074679B26E
:103C0000304602F0E9FD2C60D9E72046DFE700BF2F
:103C1000A00300200C00002000007A4410B5154BD2
:103C20001A780ABB01211970134B1B78E3B1134BAF
:103C30001978C9B1124C1A7022781AB1114A136856
:103C400001331360104B1B787BB9FFF7C9FEFCF7FB
:103C5000F5FB0E4BC3E900010D4BD3E900010D4B01
:103C6000C3E900010123237010BD0B4BD3E9000110
:103C7000EFE700BF7C03002032040020890300200E
:103C80003104002080030020A403002090030020C2
:103C90002804002098030020A803002008B502F0A3
:103CA000D9FA20B1044A13680133136008BDBDE896
:103CB000084002F035BB00BF800300200FB400B500
:103CC000A3B024AB53F8042B802102A8019305F084
:103CD000ABF8011E03DD89B202A8FFF7DFFF23B0B6
:103CE0005DF804EB04B070472DE97F430446C578C6
:103CF00086788068FCF7A2FB63788046894673B1BA
:103D00006069FCF79BFBCDE90089CDE902013246F1
:103D100029460848FFF7D2FF04B0BDE87083237935
:103D2000CDE900890293324629460348FFF7C6FFD2
:103D3000F2E700BF92B30008B8B3000808B50A4B19
:103D40001860FFF74DFEFCF779FB084BC3E9000153
:103D5000074B5B781BB100200021FFF789FE054B64
:103D6000C3E9000108BD00BF48000020A8030020EF
:103D70001400002028040020064AD36843F0807312
:103D8000D3600022044B5A601A6842F001021A60A4
:103D9000704700BFF0ED00E0001000E00000000000
:103DA0002DE9F04FDFB0FDF73FFA2022002137A8C0
:103DB00003F064FC012710230224CDE93A734FF489
:103DC000201336A836943D943F93FDF7FFFD0F2353
:103DD0000026CDE928344FF48063A84D394628A841
:103DE0004FF400582A962C962B93FDF7B3FFAB693E
:103DF00036A943F00403AB61AB69A14803F00403A7
:103E00002293229BAB69DFF8D09243F00803AB61A9
:103E1000AB6903F008032393239BAB6943F01003C2
:103E2000AB61AB6903F010032493249BAB693B4364
:103E3000AB61AB69CDE936873B402593259B38962E
:103E40003994FDF72BFC41464FF400783A468C48F4
:103E5000FDF77EFD36A98B48CDE936873994FDF70D
:103E60001DFC324641468748FDF772FD4FF48053F2
:103E7000DFF8688236A98348CDE9363638942E4675
:103E8000FDF70CFC0524FFF777FF474698F8003054
:103E9000072B00F29180DFE813F01E00A100B500AF
:103EA000CD00E80025018E010800774B774D5A7848
:103EB000002A00F08F819C7E1869754B1A680132C8
:103EC00040F08681FFF73AFF2B7813B1012002F012
:103ED000EFFB012380E001F0C5FE054600286DD10F
:103EE000D6F824A08DF8D8001AF0006F06D0694BE0
:103EF000694A302136A804F019F803251AF0806FBA
:103F00000CD0644A654B36A8002D08BF1346C5F196
:103F100030012844624A04F009F805441AF0805F31
:103F20000CD05C4A5D4B36A8002D08BF1346C5F186
:103F3000300128445B4A03F0F9FF05441AF0005FA2
:103F40000CD0544A554B36A8002D08BF1346C5F176
:103F500030012844544A03F0E9FF05441AF0804F29
:103F60000CD04C4A4D4B36A8002D08BF1346C5F166
:103F7000300128444D4A03F0D9FF0544BAF1000F3F
:103F80000BDA444A454B36A8002D08BF1346C5F14D
:103F90003001474A284403F0C9FF9DF8D83013B9CF
:103FA0002D23ADF8D8300125424B434A1D6036A978
:103FB0004248FFF783FE3D7000230DE0404A13782E
:103FC0000133DBB2022B1370F6D901223D4B2F498E
:103FD0001A7000233A700B701993A9E0DFF800C142
:103FE00036ADBCE80F000FC59CE8030085E8030070
:103FF00036A8FFF719FB344B5A68344B1A6002237A
:104000003B70D9E7DFF8C0A0304DDAF804302A68F9
:104010009B1A4B45D0D91C4B34221846002103F083
:104020002DFB012202700522DAF8043002712B60A8
:104030000323E5E72449254A4B6810681B1A2448E6
:104040008342B9D94B6836A81360FFF7BFFB0E4D0A
:10405000014636AA2846FFF767FC2B78002BABD128
:104060002846FFF741FE0423CAE702F07DFA014625
:1040700010B11848FFF722FE0523C1E700100240E7
:1040800000100140000C014014000020100000202E
:104090004800002003B60008FAB30008DEB30008A9
:1040A00000B4000806B400080CB4000813B40008FB
:1040B0001AB40008E004424221B4000827B4000802
:1040C0002505002033040020001000E094040020A7
:1040D000FF7601003BB40008FF9E240092040020FC
:1040E00048B300084FF0804E41F2BF238A4D4FF095
:1040F000000AC5E900E309232846C5E902A3C5F87B
:1041000010A0C5F818A0FEF74BFB524606211C2054
:10411000FDF7C0F81C20FDF7F1F86FF001022B68E5
:1041200028461A61FEF73EFA0623CDF864A03B70DC
:1041300002F0F6F8199B002B3FF4A8AEDFF83CB272
:1041400002F0EEF89BF800302BB9744B93F9003075
:104150000BB902F0E1FA402136A802F06BF9002811
:1041600000F0848128A936A801F0BCFA002800F0EC
:104170007D819DF8A030013B192B00F27781DFE8AB
:1041800013F02C004E0059008E009700A000F8019B
:104190002002A900AF00B800BE00D3016F003902B1
:1041A00047025502D102F4020C0337033D032503F5
:1041B00058035C03600304235948DFF8C4C1C0E915
:1041C00000C34FF49C738360FDF7D0FB072317E710
:1041D000186079E61C792A7076E60122514B524923
:1041E0001A7000230B7051490A704C4A1370FFF784
:1041F00025FCFFF731FC4E4B1B7863B9FFF7F0FB52
:10420000FCF71CF94B4BC3E90001FFF7DDFB4A4803
:10421000FFF754FD2AE1494BD3E90001F2E70023FF
:10422000404A13703D4A137002F05EFAFFF706FC35
:104230004348EDE70022394B2E981A70FCF7FEF840
:10424000FFF716FC3B4DC5E900013E4801F098F927
:10425000FFF7BAFBD5E900233B48FFF72FFD05E147
:104260009DF8CF302D4D37482B7000238BF8003050
:1042700001F086F92B492D4B0A780AB11A7822B938
:1042800001220A701A70FFF7D9FB95F900302F4808
:10429000002BD4BF2D212B21FFF710FDE6E0294B89
:1042A00029981860FCF7CAF802460B462848D4E75C
:1042B000244B2A985860FCF7C1F802460B46254863
:1042C000CBE7204B2B989860FCF7B8F802460B46DA
:1042D0002148C2E7BDF8BC10204B21481980DBE71C
:1042E0000022204B9DF8BE101F4819701F4B1A70FA
:1042F000D2E79DF8BF101E4B1E481970CCE7329DC7
:1043000000212846FCF7F0FE20B9BDF8CCA0BAF198
:10431000000F37D118487BE7480400207D030020B8
:104320003C04002010000020180400204C00002055
:10433000A4030020280400204FB40008A803002094
:1043400057B400085000002060B400086CB40008A6
:1043500076B4000883B4000890B400084E00002032
:104360009DB4000832040020A8B4000831040020E5
:1043700030040020B3B40008C1B4000804040020D5
:10438000003000403098FCF759F89DF9CE80CDE917
:104390001A01B8F1000F40F0A6803198FCF74EF8F2
:1043A000DDE91A23FBF7EAFEFFF762FBFCF796FB59
:1043B00000218146FCF798FE0028ABD1DDE91A0107
:1043C0000027A94BA94E1F7001238BF80030FFF77F
:1043D0004FFBFCF783FB00220021A54B3060C3F8A4
:1043E0000090A44BC3E90012FCF728F8A24BB84593
:1043F000C3E90001A14BC3E9000114BF41460121FB
:104400009F4BA0481D60A04BA3F800A09F4B1F80AE
:104410009F4B19709F4B83F8008001F0B1F8FFF7B4
:10442000D3FA9D4B9D483A464FF400711F70FDF73B
:104430008FFA3068B8F1000F58D0FBF7FFFFB8F1E2
:10444000000F064628460F46D4BF4FF02D084FF008
:104450002B08CDF810A0FBF7F1FFCDF80080CDE9D7
:10446000020132463B468E48FFF728FC8D4F3B78D1
:10447000002B00F0F78672B68B4E28AD0FCE0FC51D
:1044800096E80300894B8A4A1B7885E803001A9353
:10449000884B89491B680E78136000230B7087498D
:1044A000F6B20D780B70EDB23B7062B6DFF8249275
:1044B000002E00F0D9861A988149002840F0C38167
:1044C0009DF868300B707F4B146819687E4F4B1C49
:1044D00040F0C08100227D4B29983C601A70FFF7A4
:1044E0002DFC199E52E24FF0000967E7FBF7A6FF8B
:1044F00006460F464846FBF7A1FF32463B46FBF710
:104500003FFEFFF7B5FA804628468946CDF810A051
:10451000FBF794FFCDE90089CDE9020132463B4625
:104520006B48FFF7CBFBA1E700234F4A8BF8003025
:104530001370584A137002F0D7F8664B1B78A3B972
:10454000FFF74EFAFBF77AFF4C4BC3E90001FFF788
:1045500083FAFFF739FA00224F4B50484FF40071AD
:104560001A70FDF7F5F95C4852E65C4BD3E900019F
:10457000EAE72C9D4FF07E512846FCF7ABFD20B9B1
:1045800057492846FCF7C4FD48B10022554B564810
:10459000CDE900230022554BFFF790FB66E7544B13
:1045A00054491D602846FCF7F7FB364B986100F133
:1045B000004058612846FBF741FF02460B464E4833
:1045C0004BE62D9D00212846FCF784FD20B94B4980
:1045D0002846FCF79DFD20B121A3D3E900234848DC
:1045E0003BE6484B28461D60FBF728FF02460B467A
:1045F000454832E626A802F0DBF9BDF89A10BDF86E
:10460000D00002F093F900BBBDF8D0103F4843E65C
:1046100026A802F0CDF9BDF8D210BDF8980002F03E
:1046200085F990B9BDF8D210394835E6BDF8D210F9
:10463000BDF8D00002F07AF938B9BDF8D220BDF843
:10464000D0103448FFF73AFB10E7461C01D132483E
:10465000DEE5023001D13148DAE53148D8E500BF66
:1046600000000000006AF8407D03002008040020DC
:104670000004002010040020F00300202804002083
:104680000C04002050000020FA030020F803002052
:1046900070000020FC03002021040020000C0140D9
:1046A000CCB4000824050020B004002078000020CD
:1046B000E8030020C8040020AD040020AC04002062
:1046C000880300204800002098040020A004002057
:1046D000E6B40008A403002002B50008A8030020E7
:1046E0000000964400C092400CB500080000F03F66
:1046F000740000206F12833A25B500080050C347AC
:1047000031B500080800002049B5000855B500087B
:1047100093B50008A1B5000862B5000872B500089D
:1047200080B5000801F0E8FF08B1774870E5BDF8F2
:10473000D40002F01FF980B9BDF8D4502846FCF728
:10474000D3FA7249FCF728FB01467148FCF7D8FB05
:10475000704B2946186070489EE5451C3FF477AFC2
:1047600002307FF47AAF6D4852E526A802F020F9B6
:104770009DF89F109DF89E500191BDF89C106848CF
:1047800000916849BDF89A30002D08BF0146BDF878
:1047900098206548FFF792FA68E6644B93F9003079
:1047A000002BC2D19BF80030002BBED101F0A4FF3A
:1047B00001460028B9D15E4B3422184602F05EFF54
:1047C00001220270052202715A4821E59DF8D73076
:1047D000594D2B7043B901F087FFFFF73DF9FFF703
:1047E0002DF92978554857E50122554B1A70F4E701
:1047F0009DF8D610534B544819704DE5514B4FF46A
:10480000805152481D78FDF79DF84FF4007106461F
:104810004E48FDF797F84E4B421E1B68711E0093E1
:10482000534253414A424A414A482946FFF746FA11
:104830001CE6414B484819782EE5484B4848197802
:104840002AE54848E4E40B701A9904293FF43BAE8A
:104850001E469BE0299E3046FFF758F84BF6803302
:104860003A680028A4EB0202B2FBF3F2B8BF404260
:10487000C1178AB1142A28BF142240F24443A2FB74
:10488000032382428B41384B08DB3C6000221A70C4
:10489000364B299A1A6024E60122EEE71F78002F92
:1048A0002ED0334B30461968FFF730F8314B0028D3
:1048B0001A684BF68033A4EB0202B2FBF3F2B8BFE6
:1048C0004042C117D2B1142A28BF142240F24443F7
:1048D000A2FB032382428B41ACBF0137199F224BBD
:1048E000A8BFFFB21F70224B1E60224B1C601E4BE4
:1048F0001A78022A42D9204A1460C7E70122E5E764
:1049000001221A70EFE700BFB1B50008000048436C
:104910000000B4430C000020CDB50008DBB5000852
:10492000E0B30008E9B3000804B600087D030020E6
:10493000B403002034B600084C0000203EB6000846
:1049400038040020190400204BB60008000C014078
:104950001C04002058B6000841B6000832040020AC
:10496000ABB4000875B60008A00400204800002081
:104970009C040020A404002098040020804A002603
:1049800013680133136001227E4B1A707E4C23782A
:104990004BB128AA1A992046FEF7C6FF237813B90F
:1049A0002046FFF7A1F98DB1774C1822002136A8D7
:1049B00002F064FE23784BB136AA05212046FEF7AB
:1049C000B3FF237813B92046FFF78EF9002E00F0CD
:1049D0004F84002399F800206C49012A0B6003D111
:1049E00089F80030FFF738F84FF480516848FCF739
:1049F000A9FF01280CBF01240024664A07D11378BF
:104A00002BB965490B6801330B60644B1870644B1C
:104A100014701B78DFF8D4A1002B72D101F064FE72
:104A20000023CAF80030FEF7CFFF5E4D2B7843B16C
:104A30002846FBF797FB81B2284601F00BFC00B932
:104A40002870574B1B783BB1574B1B7823B199F813
:104A50000030002B00F02A82FEF7D8FF9BF80030D0
:104A6000022B18D1504B1B78ABB1504B1B8843B174
:104A70004F490A88013292B293428CBF002301232E
:104A80000A804C4A1278012A00F0D282C0F00F83CB
:104A9000022A00F0078301F0A3FCE0B9464B474C23
:104AA0001B782078012B464A00F0AA83454B1988D1
:104AB000002900F0A583444B1B7813B1142938BF9B
:104AC0001421138801339BB28B4280F08C831380B6
:104AD000002840F08A833D4B3D4A1B78002B14BFD1
:104AE00064214FF4FA71136801338B4280F0B28372
:104AF00013603848FCF763FF1A9CFFF71FBB0026C2
:104B000072E7294B1B781BB90023CAF800308CE7E9
:104B10000023CAF80030304B93F90040002C67D0D6
:104B2000FEF752FF2D4B2E491868FCF735F9054664
:104B30002046FCF7DDF801462846FCF72DF9002257
:104B40000021FEF7B7FF0446FFF72EF82046FBF7DB
:104B500075FC244F0446D7E900230D46FBF710FBF4
:104B6000FEF786FFC7E900011F4F2046D7E9002363
:104B70002946FBF705FBFEF77BFFC7E9000154E779
:104B8000B003002088030020B40300208403002029
:104B9000000C0140200400201C04002021040020FF
:104BA00010000020D40400204C000020FA03002054
:104BB000F8030020190400203204002031040020F2
:104BC000740300204E000020300400203304002035
:104BD000780300203C0400207D03002074000020A6
:104BE0006F12833AA803002028040020A0030020AD
:104BF00099F80030002B40F0BC80002E00F0B1800E
:104C0000FEF7EEFE0446DFF89C82954DD8E90001E0
:104C1000FBF764FF2146FBF7B5FF04462946204613
:104C2000FCF776FA002835D18E4D29462046FCF750
:104C30005BFA002834D18C492046FCF769FA8B4D89
:104C400020B98B492046FCF745FA78B300220127AA
:104C5000884B21461A708848884A2F7000F097FCCC
:104C600021463A46FEF726FF0446FEF79DFF9BF8D5
:104C70000030BB427FF4D9AE00212046FCF720FA79
:104C8000024600287FF4D1AE4FF400717C48FCF757
:104C90005FFECAE620467B49FBF774FF0446BDE78A
:104CA00020467849FBF770FF0446BEE72F78002FB7
:104CB00036D075492046FCF72BFA20B973492046B7
:104CC000FCF708FA48B3724B20461968FCF718F94C
:104CD000FCF73EFA074640B900212046FCF718FAD7
:104CE000002814BF01274FF0FF379BF80020012A4E
:104CF00005D100224FF400716148FCF729FE3846C7
:104D000001F0BAFD3846FBF7F3FF614B37461968EF
:104D1000FCF742F8CAF8000000E0074600232B70B9
:104D20009BF80020012A11D14FF400715448FCF780
:104D30000FFED8E90001574B574AC3E9000102238F
:104D40008BF8003000231380544A137037B901F0F8
:104D5000CBFC01F0D1FC08B9FEF760FFFEF77CFE4A
:104D600063E64F4B1B68132B7FF65FAE01F0BCFC74
:104D70005BE6012B7FF459AE4A4D4B4CD5E900015F
:104D8000FBF7ACFE0746D4E90001FBF7A7FE01469E
:104D90003846FBF7F7FE8046314F39464046FCF770
:104DA000B7F9002838D12F4F39464046FCF79CF917
:104DB000002837D12C494046FCF7AAF930B92C49D4
:104DC0004046FCF787F90746002831D00022294BDE
:104DD00041461A7040460122FEF76CFE0546FEF77A
:104DE000E3FE9BF80030012B0AD100212846FCF796
:104DF00067F9024620B94FF400712148FCF7A8FD7D
:104E00002846FBF71BFBD4E90023FBF7B9F9FEF7B3
:104E10002FFEC4E9000108E640461A49FBF7B2FE3E
:104E20008046BAE740461749FBF7AEFE8046BBE72F
:104E3000FEF7F4FE9BF80020012A97D14FF4007191
:104E40000F48FCF785FDD5E90001124BC3E90001CD
:104E500002238BF80030104B1F80104B1F7085E72A
:104E600000003443000034C3CDCC4C3D3804002056
:104E7000CDCC4CBD7C030020500000206F12833A43
:104E8000000C01400000B4430AD7A33C0AD7A3BCDE
:104E90000C000020F0030020F80300202104002073
:104EA0008403002028040020A803002066B1A54840
:104EB000A54B01781A68A54CA54B002940F08E80BF
:104EC00001271A6007702160DAF8004000212046AF
:104ED000FCF700F908B104F1004400212046FCF77A
:104EE00017F99C4F002800F09B80DFF8C88221460C
:104EF000D8F80000FBF748FE0023C8F800003B800C
:104F0000954BDFF8B0821C68D8F8007001341C6043
:104F100092493846FCF7F2F838B1914B914918683C
:104F2000FCF7D8F808B1C72C17D84FF07E51384697
:104F3000FCF7D0F800287FF491AD4FF07A51384655
:104F4000FBF72AFF864B1968FCF7CEF800287FF4A0
:104F500083ADB4F57A7FFFF481AD00270122824B47
:104F60008BF800701F70814B814C1A70814B1F7041
:104F7000814B1F7001F0B8FB384601F099FBFEF73A
:104F80006BFDFEF72DFDFBF759FA3A46C4E9000127
:104F90004FF400717948FCF7DBFCD4E90023CDE93C
:104FA00004236F4B1868FBF749FACDE90201D8F8E2
:104FB0000000FBF743FA724ACDE900014021714835
:104FC00002F0B4FF6F48FBF7CDF881B26D4801F0F5
:104FD00041F900287FF440AD28703DE5196810467E
:104FE000FEF794FC21681A6008442060FBF780FEFD
:104FF0006549FBF7D1FE4FF05C51FBF7CDFE002178
:105000000446FCF767F808B104F10044544F214608
:105010003868FCF75FF800283FF456AF3C6053E770
:105020003B8801339BB2632B3B807FF669AF13E56E
:10503000564B1B78002B3FF42EAD0022534B1A70B9
:105040004D4B93F90040524BD3F800804046FBF79C
:10505000F5F982468B4664B32046FBF7DDF95246EC
:105060005B46FBF743FA4B4BD3E90023FBF788F889
:10507000FEF7FEFC3E4B0122C3E90001454BC3E9AC
:1050800000010021444B1A70444B1980FEF79CFC30
:105090003A480A464FF40071FCF75AFC404800F0C9
:1050A0006FFAF8E4394A1278002A18BF0123DBB2FC
:1050B000C0E73C4C3C4F94F90050D7E90023284608
:1050C000CDE91E23FBF7A8F952465B46FBF70EFA23
:1050D000DDE91E23FBF754F802460B46002DCDE90F
:1050E0002001CDE91C2367DD304BD3F80090484602
:1050F000FBF7A4F904460D4602460B46DDE9200104
:10510000FBF784FC98B1DDE91E0122462B46FBF734
:1051100073FC20B148464146FBF734FD81464846C2
:10512000FBF78CF9FF221F4BCDE91C011A70DDE95A
:105130001C34C7E900341E4B1868FBF77FF9DDE922
:105140001C2393E7D0040020480000201405002011
:105150001C050020D2040020200500200000704122
:10516000180500200000A0401000002018040020B6
:10517000280400207D030020FC030020000C0140D7
:1051800083B60008D40400200000B44321040020AA
:105190000C040020F003002004040020F803002089
:1051A00050000020700000201004002000040020A7
:1051B00008040020CC040020B9D000220023FBF713
:1051C00007FC0028B3D0DDE91E0100220023FBF715
:1051D00009FC18B94FF0000A4FF0000B0123CDE98C
:1051E0001CAB2370A3E70023138000232370002847
:1051F00057D16B4B1B782BB16A4BD3E9008907E081
:10520000002364E4FEF7ECFBFBF718F980468946BF
:10521000654B664CD3E900AB4AE038466449FBF77E
:10522000B1FC074653E038466149FBF7ADFC074641
:1052300054E0604B1B78002B0CBF002507255CE079
:10524000CDE90254CDE900895B4AA02136A802F0DD
:105250006DFE9CE000234FF4005158481360FCF7AA
:105260007CFB46E41A9447E41A94002D7FF49CAB2F
:10527000534A99F80060136801331360002E7FF4DD
:105280003EACB3F5FA7FFFF4AFAB012389F80030F1
:10529000FEF7A6FBFBF7D2F8424BC3E90001FFF78C
:1052A000A3BB484B484CD3E90089484BD3E900AB3A
:1052B00059465046FBF712FC494605464046FBF767
:1052C0000DFC01462846FBF75DFC0746404D29468C
:1052D0003846FBF71DFF00289FD13E4D2946384632
:1052E000FBF702FF00289ED1002EA2D13A4B1B787B
:1052F000002B1A9B14BF06251D46384B1B78002B2C
:105300009ED0374B374E1868FBF798F802460B468D
:105310002349CDE91C23087833491694002808BF97
:105320000E463249324C0968159132490968149188
:1053300031490868FBF782F8CDE912012F49086866
:10534000FBF77CF8CDE91001A068FBF777F8CDE911
:105350000E016068FBF772F8CDE90C012068FBF7DD
:105360006DF8DDE91C23CDE90A013846CDE90623B5
:10537000CDE90865FBF762F8CDE902ABCDE90401A0
:10538000CDE900891E4AA02136A802F0CFFD9F2852
:10539000A8BF9F2081B236A8FEF780FCFFF79BBB19
:1053A000A4030020A80300202804002003B600085E
:1053B0000000B443180400200EB70008001001409C
:1053C0008403002090030020EEB30008980300201F
:1053D00000003443000034C3880300203004002060
:1053E000A0030020F7B30008F4B3000880030020F6
:1053F00050000020B00300200800002074000020AE
:10540000ABB600080268084B82B09A420AD103F595
:105410000233DA6942F00402DA61DB6903F0040363
:105420000193019B02B0704700080040036882B0FE
:10543000B3F1804F0CD103F50433DA6942F0010275
:10544000DA61DB6903F001030093009B02B070474F
:10545000064A9342FAD1064BDA6942F00402DA6155
:10546000DB6903F004030193019BEFE700080040B0
:10547000001002400268064903468A4203D0A1F5A3
:1054800070418A4202D1184600F0B0BC01F0BEBBA8
:10549000003801400268064903468A4203D0A1F55C
:1054A00070418A4202D1184600F0A0BD01F0E4BB71
:1054B00000380140FBF7CABE0148FDF7A1B800BFA4
:1054C00048040020036810B5B3F1804F3AD1214C55
:1054D00023785BB1FEF7C0F940B91F4A1378013356
:1054E000DBB2042B137001D9FEF7D2F9237893B104
:1054F000FEF7B2F968B11948FEF7B4F9184B187005
:10550000184B1A68184B1A600122184B1A700023A6
:105510002370237893B9164B5A68124B1A60FEF722
:105520007DF900280CBF012300234FF000022370F7
:10553000094B1A701EBF01220E4B1A7001220E4B2E
:105540001A7010BD0D4A9342FBD1BDE8104001F026
:105550002BB900BF9004002091040020B00400206B
:1055600078000020A8040020C8040020AD0400201A
:10557000001000E0AC0400202405002000080040DA
:1055800020B10023C36003610023037770472DE936
:10559000F0470D461746044600285FD0002110460C
:1055A000FBF7A2FD002859D129463846FBF7F4FB4A
:1055B000E1688146FBF7E8FA237F0646E060002BAE
:1055C00048D021692846FBF7DDFA3946FBF798FCFD
:1055D000074601232561237721682846FBF7DCFB7A
:1055E000D4F80480054641463046FBF7D5FB01461A
:1055F0002846FBF7C9FAA16805463846FBF7CCFBFD
:1056000001462846FBF7C0FA676905460146384659
:10561000FBF77EFD00BBD4F818A029465046FBF7E7
:1056200059FD00B1554600214046FBF749FD70B9D0
:1056300029463846FBF744FD20B92946A069FBF707
:105640003FFD20B149463046FBF79CFAE060284612
:10565000BDE8F0870027BCE73D46E4E70025F6E714
:105660000346184613F8012B202AFAD0092AF8D04D
:10567000704700002DE9F34104468846006801A9FF
:1056800003F0C6FA019E23680546B34211D020F00C
:10569000004709493846FBF745FD50B906493846E9
:1056A000FBF736FD28B92660C8F8005002B0BDE807
:1056B000F0814FF0FF30F9E7FFFF7F7F37B50446F9
:1056C0000D460A2201A9006803F06CFB2268019BC9
:1056D0009A4217BF23604FF0FF302860002003B0CC
:1056E00030BD000070B50D4686B00646002800F0BB
:1056F0000581002900F0028103780022002B00F0D0
:1057000037824FF080730A70C1E90122C1E9032298
:10571000C1E90522C1E90722C1E90922C1E90B2239
:105720004B63A649FAF714FD18B90120287006B09A
:1057300070BDA3493046FAF70BFD10B902232B7058
:105740001BE0A0493046FAF703FD08B90D23F6E740
:105750009D493046FAF7FCFC28B90E2301202B7036
:1057600085F82F00E3E799493046FAF7F1FC30B9A4
:105770000E232B70FF2385F82F300120D7E702225C
:105780009349304602F00EFC68B9023605A904A818
:105790000496FFF76FFF002840F0B08003232B70C2
:1057A000059BAB61E9E703228A49304602F0FAFB28
:1057B00058B9033606A840F8046D291DFFF75AFFB3
:1057C000002840F09B800423B9E703228249304639
:1057D00002F0E8FB60B9033606A840F8046D05F155
:1057E0000801FFF747FF002840F088800523A6E75F
:1057F00003227A49304602F0D5FB58B9033606A891
:1058000040F8046D05F10C01FFF734FF002875D155
:10581000062394E702227249304602F0C3FB58B9CE
:10582000023606A840F8046D05F11001FFF722FFCB
:10583000002863D1072382E702226A49304602F03A
:10584000B1FB58B9023606A840F8046D05F1140101
:10585000FFF710FF002851D1082370E703226249A7
:10586000304602F09FFB80B9033605A904A80496D0
:10587000FFF724FF002841D1059BB3F5803FBFF41B
:1058800056AF0922AB832A7077E703225749304687
:1058900002F088FB70B9033605A904A80496FFF747
:1058A0000DFF58BB059B022B3FF641AF0A22AB7799
:1058B0002A7062E706224E49304602F073FB044626
:1058C00070B9063605A904A80496FFF7F7FEA8B933
:1058D000059B012B3FF62BAF0B22EB772A704CE791
:1058E00005224449304602F05DFB00284FD10536C1
:1058F00002A901A80196FFF7BDFE08B1002016E736
:10590000019B5A1C01921A782C2AF7D10022059289
:105910005A782B2A01D02D2A2BD199782C2928D1DD
:105920002B2A0CBF01244FF0FF340333019303A94A
:1059300001A8FFF79FFE0028E0D1019B5A1C0192AD
:105940001B782C2BDAD104A901A8FFF7B7FE002899
:10595000D4D1049BB3F5803FD0D20C222A70029A96
:10596000AB852A62059A85F82E406A62039AAA627C
:1059700003E705A901A8FFF77DFE0028BED1019B22
:105980005A1C01921B782C2BB8D10446CFE7052274
:105990001949304602F006FB80BB053605A904A86C
:1059A0000496FFF78BFE0028A8D1059B022BA5D8F3
:1059B000152285F836302A70DFE600BF20B70008D0
:1059C00023B7000827B700082CB7000830B7000835
:1059D00034B7000837B700083BB700083FB70008E6
:1059E00043B7000846B7000849B700084DB700089C
:1059F00051B7000858B700085EB7000805225D4996
:105A0000304602F0CFFA88B9053605A904A80496F5
:105A1000FFF754FE00287FF471AF059B012B3FF682
:105A200086AE172285F837302A70A6E652493046EE
:105A3000FAF78EFB08B9162381E650493046FAF78B
:105A400087FB08B919237AE64D493046FAF780FBFF
:105A500008B9182373E64B493046FAF779FB08B9C1
:105A600013236CE648493046FAF772FB08B9142351
:105A700065E605224549304602F094FAA0B9701D4A
:105A8000FFF7EEFD05A9049004A8FFF717FE002814
:105A90007FF434AF40F6B832059B93423FF647AEF1
:105AA0000F222B862A7068E606223949304602F01A
:105AB00079FAA0B9B01DFFF7D3FD05A9049004A899
:105AC000FFF7FCFD00287FF419AF40F6B832059BC4
:105AD00093423FF62CAE10222A706B864DE60522CB
:105AE0002C49304602F05EFA30BB701DFFF7B8FD5E
:105AF00004A9039003A8FFF7E1FD00287FF4FEAEA0
:105B000040F6B833049A9A423FF6F8AE0398FFF78E
:105B1000A7FD05A9039003A8FFF7D0FD00287FF497
:105B2000EDAE40F6B832059B93423FF6E7AE112248
:105B30002A70049A2A86D0E706221749304602F0D6
:105B400031FA98B9B01DFFF78BFD05A9049004A8A0
:105B5000FFF7B4FD00287FF4D1AE059BB3F5803F7D
:105B6000BFF4CCAE1222AB862A7006E61A23E6E515
:105B70001846DCE564B700086AB700086FB700088C
:105B800072B7000877B700087CB7000881B7000833
:105B900087B700088EB7000894B70008074A08497D
:105BA00013880988013303F07F03994210B504D0AC
:105BB0001188044C89B26054138010BD2605002062
:105BC000A805002028050020C36C70B55D68B0F8FA
:105BD0002441C5F14005ADB2A4B2A54206460BD0A2
:105BE0003319013493F8E40004F03F04FFF7D6FFC3
:105BF000A542F5D1A6F8245170BD10B5044694F81D
:105C0000E230043073B100234022A4F8243104F1BF
:105C1000E401FDF743FC20B96268D36843F0100348
:105C2000D36010BD04F1E3010122BDE81040FDF78F
:105C3000CFBB436810B5044613B10430FCF7FDFF39
:105C40000023A4F82431A4F8E230A4F82633A4F801
:105C50002833A4F82A3384F82C3384F82D3384F8BD
:105C60002E3310BD00234FF400702DE9F0474FF4A0
:105C7000806A01274FF4E1394FF00C08524A534C27
:105C80001380534A53491380534E544AA4F8D80002
:105C9000201DA4F8243184F8E330A4F82633A4F8B6
:105CA0001234A4F828332260A4F82A33C4F8D4109C
:105CB00084F82C33C4F8DC1084F82D33A4F8E0A069
:105CC00084F82E33A4F85434A4F85636A4F8583681
:105CD000A4F85A3684F85C3684F85D3684F85E366B
:105CE0003370A4F82431A4F82633A4F82833A4F898
:105CF0002A3384F82C3384F82D3384F82E3384F837
:105D0000E2706260C4E90293C4E90433C4E9068323
:105D10002362FCF763FF00283ED194F82E3303F092
:105D2000FF05CBBB204684F82D73FFF766FF2C4A96
:105D30002C4BC4F80424C4F80C244FF4006204F57E
:105D40004D70A4F85454C4F83033A4F85656A4F84F
:105D500008A4A4F85856C4F81024A4F85A56C4F855
:105D6000343384F85C56C4F8389384F85D56C4F82C
:105D70003C5384F85E56C4F84053C4F84453C4F806
:105D80004883C4F84C53C4F85053FCF727FF68B15C
:105D90001548FFF74EFF13E00C48FFF74AFF124883
:105DA000FFF747FF4FF0FF30BDE8F08794F85E360D
:105DB000002BEDD104F54C7084F85D76FFF71DFFE4
:105DC000012300203370EFE726050020AC050020FA
:105DD000A8050020000801400C0C002000380140FC
:105DE000000C014000480040DC0800202DE9F04F85
:105DF000794D03682A688DB093427FD0D5F830235F
:105E0000934240F098804FF001084FF44C7606FB27
:105E100008F61022002108A801F030FCAB596F49A8
:105E2000AA198B426DD16E4B9A6942F480429A61F5
:105E30009A6902F480420392039A9A6942F004023A
:105E40009A619B6903F004030493049B4FF44C771D
:105E500007FB08F7EC19B4F8D83008A90893022317
:105E600009930323D4F8D4000B93FBF717FCB4F881
:105E7000E03000200893012308A9CDE90903D4F8F4
:105E8000DC00FBF70BFC94F8E230002B00F08B8079
:105E9000534B4FF44C795A6909FB08F942F001025F
:105EA0005A615B69EA5903F001030793079B4B4B67
:105EB00006F14C0A9A420ABF03F54843494B58334E
:105EC000E364143BC4F890308022002305EB0904FE
:105ED000C4E91433A2650192C4E9173320224FF4B8
:105EE0008053AA44C4E919235046FBF73FFA019AAC
:105EF000074618B3012384F82E331CE04FF0000846
:105F000083E739498B4213D1354BDA6942F4802259
:105F1000DA61DA6902F480220592059A9A6942F000
:105F200008029A619B6903F008030693069B8DE7BC
:105F3000012382F82E330DB0BDE8F08F102306F157
:105F4000040B9036AB442E44C4E92530C4E9272025
:105F5000C4E92900C4F8AC00C4F840A0C4F870B08B
:105F60003046FBF703FA20B15046FBF731FA2764BD
:105F7000C0E755F80910194AE6639142C4F8B4B075
:105F800023D10246082101900E20FBF783F90E2051
:105F9000FBF7B4F9019B0F201A460821FBF77AF9A9
:105FA0000F20FBF7ABF94FF44C7303FB08F80B4BD6
:105FB00055F808209A4208D1252000220821FBF735
:105FC00069F92520FBF79AF9B5E727200022082177
:105FD000FBF760F92720F5E7AC0500200038014009
:105FE00000100240300002400048004070B5274CCD
:105FF00003682268934205D0D4F83023934243D1FA
:10600000012600E000264FF44C757543631993F8A0
:10601000E2304BB105F14C002044FBF7D9F905F112
:1060200090002044FBF7D4F94FF44C757543661982
:10603000B6F8D810D6F8D400FBF710FCB6F8E0108C
:10604000D6F8DC00FBF70AFC6359114A934210D1E1
:1060500002F558429369252023F480439361FBF7AE
:106060005BF90E20FBF758F90F20BDE87040FBF7F5
:1060700053B9084A934207D102F5E432D369272085
:1060800023F48023D361F0E770BD00BFAC0500208E
:10609000003801400048004007B50B4890F8E23056
:1060A00063B143681A68D20608D5002201921A68C3
:1060B00001925B680193019BFFF786FD034803B0E3
:1060C0005DF804EBFCF792BFAC050020B0050020A2
:1060D00007B5134890F85D364BB9D0F834331A68D9
:1060E00000925B680093009B03B05DF804FB90F89E
:1060F00012347BB1D0F834331A68D2060AD50022A4
:1061000001921A6800F54C7001925B680193019B43
:10611000FFF75AFD034803B05DF804EBFCF766BFD8
:10612000AC050020E00800200148FBF723BA00BFBF
:106130003C06002010B5054C04F14C00FBF71AFAA0
:106140002046BDE81040FFF73FBD00BFAC05002072
:106150000F4A9042A2F1040217D002F54D73984203
:1061600012D101234FF44C7101FB0323B3F8281320
:10617000B3F82A230A44C2F30802A3F82823002212
:10618000A3F82A2383F82C2370470023EAE700BFF3
:10619000B005002070B5124D0646A842A5F10405D1
:1061A0001AD005F54D73984218D101214FF44C7463
:1061B0004C432B1993F82D2382B193F8E2206AB94E
:1061C00093F8E300E334FFF7E9FC29193046BDE812
:1061D00070400122FDF7FCB80021E7E770BD00BF69
:1061E000B005002073B51A4D0646A842A5F1040576
:1061F00005D005F54D73984227D1012400E0002415
:106200004FF44C7000FB045090F82D33EBB1002399
:10621000019333681A6801925B680193019B96F8B9
:106220004230202B01D1FFF7E8FC96F84130202BBB
:106230000BD14FF44C7303FB045494F82C3323B16B
:106240000023A4F82A3384F82C3302B070BD00BFB9
:10625000B005002030B5304B1B789BB12F4A92F827
:106260002D33A3B1B2F82633B2F828439BB2A4B2BF
:10627000A34209D31B1B9BB2C3F5FF7301339BB22F
:10628000994204D9012037E003F50073F2E792F850
:106290005D368BB1B2F85636B2F858469BB2A4B20E
:1062A000A34238BF03F500731B1B9BB2C3F5FF73FA
:1062B00001339BB29942E5D892F82D339BB1044645
:1062C000231A9BB299420ED9B2F8263314F8015B17
:1062D000134483F82651B2F826330133C3F308037D
:1062E000A2F82633ECE792F85D3623B10446231A70
:1062F0009BB2994201D8002030BDB2F8563614F84E
:10630000015B134483F85654B2F856360133C3F395
:106310000803A2F85636EAE70C0C0020AC05002072
:10632000F8B52D4B1B78002B50D02C4F00243D4648
:106330003E1D4FF44C7303FB047393F82D23002A86
:1063400043D093F82C23002A3FD1B3F82623B3F887
:10635000283392B29BB29A4238BF02F50072D21A29
:1063600092B292B34FF44C7303FB0453B3F8281367
:1063700001201144B1F5007F4FF44C7101FB04F191
:10638000C8BFB3F8282305EB0103C4BFC2F50072F0
:1063900092B283F82C03A3F82A2393F8E2C0B3F84F
:1063A0002833701801F5937119442944BCF1000F8A
:1063B0000FD0FCF71BFD40B14FF44C73002203FBE0
:1063C0000453A3F82A2383F82C2304B1F8BD012435
:1063D000AFE7FCF7F2FCEEE70C0C0020AC05002068
:1063E00010B5124B1B7803F0FF00D3B100214FF41E
:1063F0004C740F4804FB010292F82D337BB192F8E4
:106400002C338BB9B2F82633B2F828239BB292B260
:10641000934238BF03F500739B1A9BB223B909B1AD
:10642000002010BD0121E5E70120FAE70C0C002057
:10643000AC05002007B5094B1A7802F0FF035AB1EA
:10644000074B1A88CDE90001064B8021064800F071
:106450000DF803B05DF804FB1846FAE70C0C0020B9
:1064600026050020A8050020280500202DE9F0477A
:106470008046BDF82400089F80B34FF0000900F16A
:10648000FF3E1C88944229D025464FF0000C18F896
:106490000500013595FBF1F601FB16560D28B5B246
:1064A00032D00A280BD10020AC4207EB000C17D1E8
:1064B0001C808CF800900028E3D0BDE8F0870CF138
:1064C000010CAA421FFA8CFCE1D14A1E944505DB5F
:1064D000013494FBF1F201FB124119800020ECE73A
:1064E00004F1010A18F804609AFBF1F401FB14A40A
:1064F0000D2EA4B2D8D00A2ED6D07045BEBF013022
:1065000080B28CF80060CFE7AA42CCD018F8060021
:106510000A28C8D1013696FBF1F501FB1566B5B224
:10652000C1E70000034B1A68D36823F00103D3606E
:10653000704700BFE80C002008B5074B1A6CD86CF8
:106540009047FFF7EFFF0023044A1360044A1370DB
:10655000044A137008BD00BF280C0020780D0020ED
:106560000D0C00200E0C00202DE9F0410024FF222C
:106570003A4B4FF480761C70394B94B01A704FF43C
:106580001672384B21461C60374B38481C70384B0C
:10659000384D1A804FF49672374B384F1A80384B6B
:1065A0000F221E80374B1C6001F068F8364B374ACB
:1065B0001C704FF4E133C5E900230C2328463C70DE
:1065C000C5E902442C61C5E90534EC61FCF706FB22
:1065D00028B14FF0FF38404614B0BDE8F0814023A9
:1065E0002B4C2C4923822C4B2C4AA3602C4B207122
:1065F000C3E9001040F2E731C3E90310802198603D
:10660000996163610823E062218508A82146C4E9F5
:1066100006322560E2602684626200F049FB0D9B31
:10662000002BD6D02046984780460028D1D16C4612
:106630001C4D0FCD0FC495E80F0084E80F001A4BD6
:1066400008AA694619480293ADF80C6000F0CEFD27
:1066500010B901233B70BEE78046BCE70D0C00205B
:1066600079000020780D00200E0C00200F0C002077
:106670007E000020300D00207A0000207C0D0020DC
:106680007C000020200C0020240C0020004400404E
:10669000B80C002000080040006CDC02000C014037
:1066A000E80C002060B3000858022C01280C0020E0
:1066B00008B50B4B1B787BB150B10A4800F05AFF6C
:1066C00028B105280CBF6FF001006FF0020008BD73
:1066D000044800F05EFFF3E74FF0FF30F7E700BF3C
:1066E0007C0D0020280C0020024B1B780BB1FFF71B
:1066F00023BF70477C0D0020054B1B782BB9054B41
:106700001868003018BF012070470120704700BF93
:106710000D0C0020780D0020F0B51B4B85B01B78C8
:1067200083B11A4C636CE06C9847194A05461368AC
:106730001646C31AB3F5FA7F04D3FFF7DDFF01460F
:1067400010B1156005B0F0BD0F22684600F096FF4D
:106750006946204600F02CFFA0B96B460D4A02AFF7
:106760001C4603CCBC4210605160234602F1080273
:10677000F6D120681060A379A188937191800122DD
:10678000054B1A703560DDE77C0D0020280C0020D9
:10679000200C00200F0C0020240C00200148FBF7E7
:1067A0002FBF00BFE80C0020084B1B786BB1084BD3
:1067B0001B78022B09D1074B1A6832B11A68013ACB
:1067C0001A601B680BB9FFF7B7BE70477C0D00203D
:1067D0000E0C0020780D00202DE9F8431F4B1B788C
:1067E000002B39D018B9BDE8F843FFF7A5BE4FF02C
:1067F0000009B1FA81F6FFF795FE0122184BDFF888
:106800007480C3F80090174B76091A70164B174C1A
:10681000B3FBF0F04FF6FF73984228BF184661288B
:1068200038BF612098F900300546B342104F0CD0B4
:10683000FFF778FE236CE06C9847A36BE16C304661
:1068400087F80090984788F80060E36BE26C60215D
:10685000A8B2984701233B70BDE8F8837C0D002067
:10686000780D00200E0C0020006CDC02280C0020AB
:106870000D0C0020790000202DE9F041244B1B78FD
:10688000002B43D018B9BDE8F041FFF755BE214CAD
:1068900080EAE076C50FA6EBE076FFF743FE236CB7
:1068A000E06C9847002202211B4B1C4F1A701C4AB7
:1068B0009846117097F90020AA4204D0A36BE16CAE
:1068C000284698473D704BF68030B0FBF6F0154BEC
:1068D00061281E60E26CE36B38BF6120602198473D
:1068E00001236FF0010288F800300F4B1E201B6857
:1068F00005211A61DA6842F00102DA600022FAF733
:10690000C9FCBDE8F0411E20FAF7F8BCBDE8F081F3
:106910007C0D0020280C00200D0C002079000020A8
:106920000E0C0020780D0020E80C002038B50D4B2F
:1069300005461B780C4653B10A4601460A4800F04A
:10694000C5FD38B9094B1D80094B1C8038BD4FF07F
:10695000FF30FBE705280CBF6FF001006FF002006D
:10696000F4E700BF7C0D0020280C00207E000020F2
:106970007A00002010B50B4B04461B783BB1014652
:10698000094800F0D5FD28B9084B1C8010BD4FF018
:10699000FF30FBE705280CBF6FF001006FF002002D
:1069A000F4E700BF7C0D0020280C00207C000020B4
:1069B00068B1074B1B880380064B1B884380064B3E
:1069C0001B88838000238371044B1B78C37170473D
:1069D0007E0000207A0000207C0000207C0D00203A
:1069E0008B68054AB3FBF2F35843044B59685A6865
:1069F000521A8242FBD3704740420F00001000E061
:106A00000022036884B01B680092196800915968DD
:106A100000910099019219680191596801910199B9
:106A200002921968029159680291029903921A68B8
:106A300003925A680392039A1A68920601D404B02A
:106A400070475A68F8E7CB6A03B11847704710B52A
:106A50000446D4E90501FCF723F8218CE069002203
:106A6000BDE81040FAF774BF0B46021C18BF0122A4
:106A7000098D586AFAF76CBF0B46021C18BF012239
:106A8000098AD868FAF764BF10B454699269236818
:106A90000138D862E0607AB95963196811F00101D0
:106AA00013D1012058616FF001001861596220462E
:106AB000114610BCFBF7B6BF042A01D19963ECE77D
:106AC000082A0CBFD9631964E7E710BC7047F0B51A
:106AD000038C8DB004460025019302270323012671
:106AE00001A9C069049303950297FAF7D7FD2A46D6
:106AF000218CE069FAF72CFF238D01A9606A0193CC
:106B00000296FAF7CBFD2A46218D606AFAF720FF3C
:106B1000238A01A9E068CDE90136CDE90357FAF7E8
:106B2000BDFD218A3246E068FAF712FF6069FBF783
:106B300063FE0146A0B9142207A800F09FFD602360
:106B400060690593C368A2693344F34005A90693BD
:106B5000FBF7ACFE401B18BF012040420DB0F0BD5A
:106B60004FF0FF30FAE7FAF77DBBF8B51C461B790A
:106B700005460E46174613B12068FCF7E0FB3B467E
:106B8000294632462068FCF772F82379054613B18E
:106B90002068FCF7ECFB281C18BF01204042F8BD20
:106BA0002DE9F0411E4600230546DDF818803380AC
:106BB0000C4621B3134601460122D8F80000FCF729
:106BC000A6F803281DD0F0B90123671E1D44BFB2EB
:106BD00033802F44BD4208D0294602230122D8F831
:106BE0000000FCF794F8013528B13088001B18BF6D
:106BF0000120BDE8F081338801333380EAE708469D
:106C0000F7E70120F5E74FF0FF30F2E710B5026833
:106C1000174B86B09A4228D103F5E633DA6900248F
:106C200042F40032DA61DA6902A902F40032009219
:106C3000009A9A690F4842F004029A619B69042203
:106C400003F004030193019B0223CDE902230323F4
:106C500004940593FAF722FD0823CDE902340123B9
:106C600002A904480493FAF719FD06B010BD00BF4D
:106C7000004400400008014008B50268094B9A42F0
:106C80000ED1094A0421D369084823F40033D361A3
:106C9000FAF7E4FDBDE8084008210448FAF7DEBD34
:106CA00008BD00BF00440040001002400008014041
:106CB000134B0360134B4360134B8360134BC36050
:106CC000134B0361134B43624B699BB1CB698BB18F
:106CD0004B6A7BB1104B4361104B8361104BC36116
:106CE000104B0362CB6A002B0F4B08BF0023C0E997
:106CF0000A3170470023C0E90533C361F1E700BFE3
:106D00006B6B0008A16B0008016A0008E1690008CC
:106D1000796A0008676B0008CF6A0008696A000892
:106D2000896A00084F6A0008476A00080022013992
:106D3000F0B542544618D3B28B4200DBF0BD0824B4
:106D4000C55C337805F00107B7EBD31F04F1FF34BE
:106D50004FEA430318BF83F0070314F0FF04DBB2CC
:106D60004FEA5505EED133700132E4E738B50D46F0
:106D7000F9F7BAFF1849FAF7C3F818490446284644
:106D8000F9F702FF1649FAF707F801461548FAF72E
:106D9000B7F801462046FAF7B3F84FF08441F9F707
:106DA000FBFF4FF07E51F9F7EDFE00210446FAF7A4
:106DB00091F968B90C492046FAF7AAF950B94FF091
:106DC0007C512046F9F7E0FEFAF7E8F9C0B238BD89
:106DD0000020FCE71F20FAE700007A440AD7A33C12
:106DE000F4FDB43F6666A63E0000F84110281CD0B2
:106DF00007D804281DD0082819D0022806D107205A
:106E0000704740280DD003D820280CD008207047A8
:106E1000802804D0B0F5807FF8D100207047012091
:106E200070470220704703207047042070470520F8
:106E300070470620704700002DE9F04194B01546D8
:106E40001F4680460B46114A5021684601F06EF8F5
:106E50000446013F6E1E3D440D4FAE420DEB040053
:106E6000C4F1500101D04B2C09D90A4A01F05EF857
:106E7000D8E912316846984714B0BDE8F08116F899
:106E8000013F3A4601F052F80334E6E79BB70008A9
:106E90009EB7000801B6000837B50446052024B3A4
:106EA000237861F07F018DF80130130E8DF80330E7
:106EB000130C8DF80430130A8DF8053000238DF87B
:106EC00000008DF80210684608218DF806208DF824
:106ED0000730FFF72BFF256AE36C14220821684670
:106EE000A84700B1022084F8500003B030BD38B587
:106EF00015461A461C46FFF7CFFF00B92C6038BD77
:106F000030B4029C15686C4023406B4030BCFFF7E6
:106F1000EEBF00002DE9F04F0D468DB0904699462A
:106F20000446002800F02581002B00F02281836AAE
:106F3000C06C984705238DF814300023042105A860
:106F40008DF817308DF815508DF81680FFF7EEFE8E
:106F5000A36C2BB1042305AA92492046FFF76CFFCE
:106F60001422256AE36C04210DEB0200A84768B1E6
:106F7000A36C3BB18C498D4801F00CF8D4E9123177
:106F80008A489847022084F8500098E0E089E16C34
:106F900008B1E36A984708AE10220021304600F09D
:106FA0006DFB00220CAB23F81E2DE26C1021009229
:106FB000656A19223046A847A36C054663B1BDF83F
:106FC0001230802100937A4A0346784800F0AEFFE1
:106FD000D4E9123175489847BDF81230002B00F003
:106FE000CA80A26C002A00F0C9803246714920464E
:106FF000FFF722FF002D80F2C480A36C002BC1D0CC
:107000006D49B8E7F25CF518052A23D16A78FF2AA2
:1070100020D1AA7842451DD195F807A0082185F80E
:1070200007B028460393FFF781FEEA7952453ED028
:10703000A16C59B1CDE900A2039B80215F4A5B4856
:1070400000F074FFD4E912315848984785F807A03A
:107050004FF0010A0137FBB2BDF81220D91D914251
:10706000D0DB062A60D8A26CBAF1000F61D1BDF85E
:107070001230042B75D19DF820109DF814309942E0
:1070800062D19DF821109DF8153099425CD19DF890
:1070900022109DF81630994256D19DF823109DF884
:1070A0001730994250D1002A52D103206BE7D5F80E
:1070B000033000201BBAC9F8003084F850B00DB07E
:1070C000BDE8F08F0027BA46BB46C4E70137FBB2E4
:1070D000BDF81210981D8842C5DAF518F35C052B2F
:1070E000F4D16B784345F1D1AB7808218DF81B3092
:1070F000EB7806A88DF81C302B79ADF818208DF8A8
:107100001D306B7903928DF81E308DF81A808DF842
:107110001FB0FFF70BFE9DF81F10AB79039A994241
:10712000D4D1D5F80230C4E700274FF60572BB462C
:10713000CDE73AB122491D4800F02CFFD4E91231C5
:107140001A48984704201EE7002AAED01D4900E0E7
:107150001D49164800F01EFFD4E912311348984724
:10716000A3E7002AA1D0194A8021104800F0DEFED2
:10717000F2E70520A3E7002D07DA3EE7002DFFF632
:1071800001AFBDF81230002B9CD1A36C3BB110496C
:10719000064800F0FFFED4E9123104489847012068
:1071A000F1E600BF63B8000867B800087D0D002055
:1071B00071B8000882B8000886B80008AAB80008AC
:1071C000DFB8000826B9000803B9000853B9000861
:1071D00099B8000810B4134620B10A4610BC0178D3
:1071E000FFF798BE052010BC70470000F0B50E46B2
:1071F00087B015460446002800F00F81002900F0F2
:107200000C81002A00F009811368002B00F0058131
:107210005368002B00F001819368002B00F0FD8083
:10722000D368002B00F0F9801369002B00F0F58083
:107230000B78032B00F2F18000217068F9F754FFFE
:10724000002840F0EA80B389591E8AB2FF2A00F272
:10725000E480194040F0E180337C0F2B00F2DD80A8
:10726000737C0F2B00F2D9809022204600F006FAA2
:107270002746B446BCE80F000FC79CE80F0087E81C
:107280000F000FCD04F120070FC70FCD0FC795E8F2
:107290000F0087E80F00236BE16C01209847E36A39
:1072A000E16C42F210709847A36C3BB17D497E4877
:1072B00000F070FED4E912317B489847A36C5BB1B3
:1072C000F289337800928021784A774800F02EFEC8
:1072D000D4E9123174489847737F04F15402002BAB
:1072E00014BF4FF4E2734FF4E07300212046FFF720
:1072F000FEFD0546002851D1776830893946FFF7F1
:1073000035FD394605467089FFF730FDA84228BF94
:107310002846327C2D0200F01F0005F4F8551204B7
:10732000054302F4702245EA0203102104F15C02D5
:107330002046FFF7DCFD054680BBB36904F164021B
:1073400013212046FFF7D3FD054638BB337F04F1F8
:10735000600211212046FFF7CAFD0546F0B9737C93
:1073600004F158021B0203F4706303212046FFF767
:10737000BEFD054690B906AA42F80C0D0221204632
:10738000FFF728FFA36C054658B13BB14849464872
:1073900000F000FED4E9123143489847284607B070
:1073A000F0BD53B19DF80C308021424A3E4800F0B8
:1073B000BDFDD4E912313C489847002306AA42F8A3
:1073C000083D06212046FFF705FFA26C054618B1CF
:1073D000002AE3D03849DAE7049B1D0EFAB1374A98
:1073E00080210095304800F0A1FDD4E912312E48EB
:1073F0009847212D15D0A36C5BB1212380210093E8
:107400002F4A2B46284800F091FDD4E91231264836
:107410009847082584F85050C0E70525BEE7212D80
:10742000F7D1002306AA42F8043D6C212046FFF75D
:10743000D1FE08B1234B0593B089FFF7D7FC059B1C
:10744000000600F0706023F07063034304F17802DB
:107450006C2120460593FFF74AFD054600289DD183
:107460007369194A7021002B08BF1346204604F1A6
:107470007C02FFF73CFD054600288FD1034604F14E
:107480006C0222212046FFF732FD0546002885D1F7
:1074900004F1800207212046FFF79CFE012384F8B7
:1074A00051307BE7A4B700087D0D0020BBB7000872
:1074B000D1B70008EDB70008FFB700081AB80008F8
:1074C0003EB800085300001024000DC12DE9F04122
:1074D0000F461646044630B390F8513033B3D0F817
:1074E000048038464146FFF741FC41460546304698
:1074F000FFF73CFCA84228BF2846B4F85E302D02B6
:1075000000F01F0005F4F855054303F00F03278131
:10751000668145EA034304F15C022046BDE8F04180
:107520001021FFF7E4BC0520BDE8F0810620FBE751
:1075300013B50446E0B190F85130BBB14B1E9AB27E
:10754000FF2A15D80B4213D181810846FFF74EFC64
:10755000000600F0706000904FF0706304F1780254
:107560006C212046FFF7CCFC02B010BD0620FBE7E3
:107570000520F9E708B540B190F851303BB1036BF5
:10758000C16C00209847002008BD0520FCE70620BC
:10759000FAE708B540B190F851303BB1036BC16CCC
:1075A00001209847002008BD0520FCE70620FAE7E7
:1075B00013B50C46D0B3C9B390F85130C3B3002310
:1075C00002AA42F8043D6F21FFF704FE60BB019B55
:1075D00003F001022270C3F340026270C3F3800221
:1075E000A270C3F3C002E270C3F300122271C3F3AE
:1075F00040126271C3F38012A271C3F3C012E27130
:10760000C3F300222272C3F340226272C3F38022CA
:10761000A272C3F3C022E272C3F304422273C3F323
:107620008072DB0F6273A37302B010BD0520FBE70D
:107630000620F9E770B500250C4E0D4CA41BA410D4
:10764000A54209D103F074FE00250A4E0A4CA41B82
:10765000A410A54205D170BD56F8253098470135D4
:10766000EEE756F8253098470135F2E758BC000898
:1076700058BC000858BC00085CBC00080346024423
:10768000934200D1704703F8011BF9E7002B2DE965
:10769000F0471E46BBBF03F100431E4600232D23C7
:1076A00088B0149FDDE9121A27F02007462F1446F0
:1076B000109D0B7004D0452F00D10135022300E04E
:1076C000032307AA049206AACDE902A2CDE9003558
:1076D0002246334601F044FC472F804602D1119BDD
:1076E000DB0726D5462F08EB050911D198F80030A5
:1076F000302B0AD10022002320463146F9F75EF9EB
:1077000018B9C5F10105CAF80050DAF800309944FB
:107710000022002320463146F9F750F938B93022CB
:10772000079B4B4505D2591C07911A70F8E7CDF815
:107730001C904046079B159AA3EB0803136008B002
:10774000BDE8F087F7B50029B4BF2D232B230446ED
:10775000B8BF4942092904F8022B437021DD0DF11D
:1077600007031F460A2691FBF6F506FB1511092DA6
:1077700001F1300103F8011C03F1FF32294609DC55
:107780003031023B02F8011CBB42224604D3101ADE
:1077900003B0F0BD1346E6E713F8012B04F8012B04
:1077A000F2E7302319448370021DC170EFE7000037
:1077B0002DE9F04F91B00C461A9F93461E460546A0
:1077C00002F0B0FC036818460993F8F7CBFC0023DD
:1077D0000E933B680A90073323F0070303F1080276
:1077E00094F81880D4F800A03A60D3E90023C4E9E3
:1077F0001223D4E9127929F000430B934FF0FF32A2
:10780000A64B38460B99F9F70BF968BB4FF0FF32DE
:10781000A24B38460B99F9F7E5F828BB0022002364
:1078200038464946F9F7D4F810B12D2384F843308F
:107830009B4F9C4BB8F1470F98BF1F4603234FF057
:10784000000923612AF00403236000965B460FAA17
:107850002146284600F0E2F9013040F090804FF0D8
:10786000FF3011B0BDE8F08F3A464B4638464946E6
:10787000F9F7D6F810B18C4F8C4BDBE763684AF40C
:107880008062591C0DA80EA940D1062363604FF0F9
:10789000000C0DF13303CDE9012363682260CDE9CB
:1078A000030800933A464B46CDE9051C2846FFF7EE
:1078B000EDFE08F0DF03472B074609D10D9BD81CCE
:1078C00002DB6268934247DDA8F102085FFA88F89C
:1078D000B8F1650F0D9924D80139424604F15000E2
:1078E0000D91FFF72FFF0E9A81461318012A23618D
:1078F00002DC2268D10701D5013323619DF83330C2
:10790000002BA2D02D2384F843309EE7B8F1670FF7
:1079100000F06E81B8F1470FB9D1002BB7D1012328
:10792000B4E7B8F1660F19D1002963680CDD216155
:1079300013B92268D20702D501330B4423610D9B92
:107940004FF00009A365D9E713B92268D00701D524
:107950000233F3E70123F1E74FF06708DDE90D3269
:10796000934205DB22682361D107E8D50133E5E7BF
:10797000002BCCBF0123C3F102031344DEE72368CD
:107980005A0507D423693A4659462846B04701307C
:1079900029D164E7B8F1650F40F2D780D4E912012C
:1079A00000220023F9F70AF888B30123404A594618
:1079B0002846B04701303FF452AFDDE90D239A422B
:1079C00002DB2368D8070ED5DDE90923594628468E
:1079D000B04701303FF443AF002704F11A080E9B73
:1079E000013BBB4209DC23689F0700F1FD80E06892
:1079F0000F9B9842B8BF184633E7012342465946C9
:107A00002846B04701303FF42AAF0137E7E70D9B26
:107A1000002B2BDC0123264A59462846B04701306B
:107A20003FF41DAF0D9B23B90E9B13B92368D907F3
:107A3000D9D5DDE9092359462846B04701303FF43E
:107A40000EAF4FF0000804F11A090D9B5B4243454D
:107A500001DC0E9B97E701234A4659462846B0476A
:107A600001303FF4FCAE08F10108EEE70E9AA36D79
:107A70009A42A8BF1A46002A904607DD1346594687
:107A80003A462846B04701303FF4E9AE04F11A0304
:107A90004FF0000A28EAE8780B9315E0FFFFEF7F2C
:107AA0007AB9000876B9000882B900087EB90008E2
:107AB00025B4000801230B9A59462846B0470130E7
:107AC0003FF4CDAE0AF1010AD4F85890A9EB0803AF
:107AD0005345EFDCDDE90D239A424F4414DB236864
:107AE000DA0711D40E9B0D99A3EB0902A3EB010950
:107AF0009145A8BF9146B9F1000F0DDC002729EA96
:107B0000E97904F11A0818E0DDE909235946284605
:107B1000B0470130E6D1A2E64B463A4659462846E0
:107B2000B0470130EAD19AE6012342465946284639
:107B3000B04701303FF493AE0137DDE90D239B1AC6
:107B4000A3EB0903BB42EFDC4DE70E9A012A01DCEF
:107B5000DB0738D501233A4659462846B04701305D
:107B60003FF47DAEDDE9092359462846B047013090
:107B700007F101073FF473AED4E912010E9B002216
:107B800003F1FF380023F8F719FFC0B943463A461E
:107B900059462846B04701300DD160E601234246E0
:107BA00059462846B04701303FF459AE01370E9B85
:107BB000013BBB42F2DC4B4604F15002E4E60027F5
:107BC00004F11A08F3E70123E1E70123424659468D
:107BD0002846B04701303FF442AE0137E3680F9AC0
:107BE0009B1ABB42F1DC02E7002704F11908F5E714
:107BF000002B3FF494AE4FF0000CCDE9051C0DF1C5
:107C000033012260CDE90308CDE9012100933A4612
:107C10004B462846FFF73AFD07464FE62DE9F04769
:107C200091461F468A680B6906469342B8BF1346C1
:107C3000C9F8003091F843200C46DDF8208012B1DD
:107C40000133C9F800302368990642BFD9F80030E3
:107C50000233C9F80030256815F0060507D104F194
:107C6000190AE368D9F800209B1AAB4229DC94F882
:107C700043302268003318BF012392062ED404F14A
:107C8000430239463046C047013021D02368E568B9
:107C900003F00603042B18BF0025D9F800204FF08D
:107CA000000908BFAD1AA368226908BF25EAE57577
:107CB0009342C4BF9B1AED181A344D451AD10020C7
:107CC00008E00123524639463046C047013003D10F
:107CD0004FF0FF30BDE8F0870135C2E73020E118F2
:107CE00081F843005A1C94F845102244023382F86C
:107CF0004310C4E70123224639463046C0470130CD
:107D0000E6D009F10109D8E72DE9F04301F1430C70
:107D10000C46097E85B06E291746064698460C9A91
:107D200000F0B38022D8632936D00AD8002900F0A9
:107D3000B980582900F0838004F1420584F842108C
:107D400032E0642901D06929F6D12068136805065C
:107D500003F104012AD51B681160002B03DA2D22E0
:107D60005B4284F843206F480A2239E0732900F00F
:107D70009D8008D86F2920D07029DDD1236843F079
:107D80002003236003E0752917D07829D4D1782304
:107D9000654884F8453055E0136804F14205191D23
:107DA0001B68116084F8423001238CE01B6810F0DE
:107DB000400F116018BF1BB2CFE713682568181D6C
:107DC0001060280601D51B6802E06806FBD51B88F9
:107DD0006F2914BF0A2208225248002184F8431058
:107DE0006568002DA560C0F29580216821F004012E
:107DF0002160002B3DD1002D40F08E806546082A81
:107E00000BD12368DB0708D5236962689A42DEBF7D
:107E1000302305F8013C05F1FF35ACEB0503236188
:107E2000CDF800803B4603AA21463046FFF7F6FE18
:107E300001304DD14FF0FF3005B0BDE8F083394837
:107E400084F84510136821681D1D1B6815600A061B
:107E50000BD5CA0744BF41F0200121601BB922683D
:107E600022F0200222601022B7E74D0648BF9BB2E5
:107E7000EFE76546B3FBF2F102FB1133C35C05F893
:107E8000013D0B460029F5D1B9E713682568181D97
:107E90006169106028061B6801D5196002E06A0656
:107EA000FBD51980002365462361B9E71368191DC6
:107EB00011601D6862680021284602F05BF908B174
:107EC000401B606063682361002384F84330A7E7A8
:107ED00023692A4639463046C0470130AAD0236874
:107EE0009B0713D4E068039B9842B8BF1846A3E7EA
:107EF00001234A4639463046C04701309AD0013501
:107F0000E368039A9B1AAB42F2DCEBE7002504F12D
:107F10001909F5E7002BACD1037804F1420584F888
:107F200042306CE786B9000897B900080CB430B548
:107F3000174B0C1E9DB01D6808DA8B234FF0FF30E5
:107F40002B601DB0BDE8304002B070474FF40273A3
:107F5000ADF814300CBF234604F1FF3304930793AC
:107F60004FF6FF7302900690ADF81630209A21ABC1
:107F700002A92846019302F01DFE431CBCBF8B23BF
:107F80002B60002CDDD00022029B1A70D9E700BFC5
:107F900080000020034611F8012B03F8012B002A72
:107FA000F9D1704710B56AB10139841810F8013B56
:107FB00011F8012F934203D1A04201D0002BF5D13B
:107FC000981A10BD1046FCE72DE9F0410F46904687
:107FD00002F0B4FB04460D46B8F1000F11D0C7F310
:107FE0000A53C3F16B03002B0BDD00241B0503F1C7
:107FF0007F5505F5401522462B46F8F777FA0446DB
:108000000D4620462946BDE8F08100000000000032
:108010002DE9F04F1F460023A1B0834638460E4697
:1080200017921C9302F07BF880460068F8F79AF8E4
:108030004FF0000904464FF0000A1B961B9B1A786C
:108040000D2A32D8092A36D2002A3ED000230D93B9
:108050001B9D2B78302B40F0AC806B78582B01D0D7
:10806000782B67D10D9B029701931CAB0093894A33
:108070001DAB1BA9584601F077FD10F0070406461A
:1080800005D0062C2BD1002301351B950D93179B92
:10809000002B40F0A6850D9BE3B14A460AF1004350
:1080A0001046194621B0BDE8F08F2B2A15D02D2A95
:1080B00004D0202ACAD101331B93BFE701220D92BD
:1080C0005A1C1B925B78002BC2D1179B1B96002B6E
:1080D00040F085854A465346E2E70022EFE71C9AC6
:1080E0003AB135211EA802F01CFC1C99584602F03A
:1080F0008EF8013C042C06D8DFE804F00A031417BC
:108100000A00DDE91E9A3107C1D54AF0004ABEE7F0
:108110001D9ADDE91E9302F2334223F4801343EAF1
:10812000025AF0E7DFF870A1EDE76FF0004A4FF078
:10813000FF39E8E71B9B5A1C1B925B78302BF9D068
:10814000002BA4D0012300250A2207931B9B069530
:10815000089304951B980778A7F13003D9B2092931
:1081600029D92246D8F80010FFF71CFF002831D08B
:1081700000203B460246049C0590652B01D0452B10
:1081800014D124B910B9079B002B9ED000241B9E4C
:10819000731C1B9373782B2B78D02D2B70D04FF042
:1081A000000CA3F13007092F7CD91B964FF0000E6D
:1081B0009AE00023C7E7049901300829D7BF069940
:1081C00002FB053502FB01330693049B1B90013330
:1081D0000493BFE71B9B1A191B92049A1B5D002A8C
:1081E00037D00246049CA3F13001092913D901219B
:1081F0000591C2E71B9B01305A1C1B925B78302B08
:10820000F8D0A3F13102082A00F2F0841B9A0892F8
:10821000024600200446B3F1300E00F1010112D0F5
:108220000A440A27214600EB040C8C4513D121187F
:10823000082904F10104044419DC0A21069B01FB0E
:1082400003E3069300211B9B581C1B905B78084698
:10825000C9E70498D3E7082901F1010103DC069B73
:108260007B430693E1E71029D8BF7D43DDE7102C5F
:10827000DCBF0A2101FB05E5E4E70123059381E763
:108280004FF0010CB31C1B93B3788AE74FF0000C3E
:10829000F8E700BFA8B900080000F07F1B9B5F1C37
:1082A0001B975B78302BF9D0A3F13107082F3FF6ED
:1082B0007DAFA3F1300E1B9B09931B9B5F1C1B978B
:1082C0005B78A3F13008B8F1090F37D909997F1A03
:1082D000082F44F61F6737DCBE45A8BFBE46BCF179
:1082E000000F01D0CEF1000E002C51D100287FF4F8
:1082F000CEAE079A002A7FF4CAAE059A002A7FF410
:10830000E4AE4E2B27D021DC492B7FF4DEAEA4490E
:108310001BA801F05DFE00283FF4D7AE1B9BA149CE
:10832000013B1BA81B9301F053FE10B91B9B0133AB
:108330001B93DFF884A24FF00009A8E60A2101FB95
:108340000E3EAEF1300EB8E7BE46C8E7692BDED070
:108350006E2B7FF4BAAE94491BA801F039FE0028B9
:108360003FF4B3AE1B9B1B78282B0ED11EAA8F495E
:108370001BA801F041FE052807D11F9BDDF878906E
:1083800043F0FF4A4AF4E00A81E6DFF834A2D2E77C
:10839000AEEB02030793049B0698002B08BF23460D
:1083A000102C0493A046A8BF4FF01008F8F724F84B
:1083B000092C81468A4613DC079B002B3FF467AEED
:1083C000079B7EDD162B65DC794A02EBC30E4A461D
:1083D000DEE900015346F8F789F881468A4656E6F9
:1083E000734B03EBC80353E91223F8F77FF80646F3
:1083F00028460F46F8F700F802460B463046394645
:10840000F7F7BEFE0F2C81468A46D5DD079BA4EB0D
:1084100008089844B8F1000F40F39A8018F00F0351
:108420000AD063494A4601EBC301D1E90001534632
:10843000F8F75CF881468A4638F00F0877D0B8F52F
:108440009A7F4BDD4FF00008CDF81080CDF82080EA
:10845000CDF8188022234FF00009DFF85CA1CBF89B
:108460000030089B002B3FF412AE1C99584601F0D7
:10847000CEFE0699584601F0CAFE0499584601F00E
:10848000C6FE0899584601F0C2FE4146584601F022
:10849000BEFEFCE5079AC4F125039342B6DB444DCA
:1084A000C4F10F0405EBC4014A46D1E9000153466B
:1084B000F8F71CF8079B1C1B05EBC405D5E9002346
:1084C00089E713F1160FA1DB394A4846A2EBC30234
:1084D000D2E900235146F8F733F97EE700234846F6
:1084E00051461D46334E4FEA2818B8F1010F21DCE2
:1084F0000BB181468A462F4BAAF1547A03EBC5058E
:108500004A46D5E900015346F7F7F0FF2A4B0A46E1
:108510000B402A4981468B4294D8A1F580118B42A9
:1085200086BF4FF0FF39DFF89CA002F1547A002398
:1085300005937BE018F0010F06D006EBC503D3E9E5
:108540000023F7F7D3FF012301354FEA6808CCE792
:10855000EDD0C8F1000818F00F020AD0144B4846BD
:1085600003EBC2035146D3E90023F8F7E9F881464B
:108570008A465FEA2818DAD0B8F11F0F24DD4FF0E1
:108580000008CDF81080CDF82080CDF81880222387
:108590004FF000094FF0000ACBF8003061E700BF50
:1085A0007BB90008FBB9000883B90008BCB9000812
:1085B00038BA000810BA00080000F07F0000A07C64
:1085C0000000F8FFFFFFEF7F18F0100318BF6A23C9
:1085D0004846059351460023A14DB8F1000F00F322
:1085E00013810BB181468A46059BBBB1CAF30A537E
:1085F000C3F16B03002B514610DD1F2B40F310819C
:10860000342BD8BF4FF0FF324FF00009CFBF4FF0EF
:108610005C7A203B02FA03F303EA010A00220023FA
:1086200048465146F8F7CAF90028A8D1069B049A93
:10863000009308992346584601F03BFE0890002815
:108640003FF400AF079A079B002AC3F10003A8BFBD
:1086500000234FF000080E9322EAE2731693CDF840
:108660001080089B5846596801F09DFD069000282F
:108670003FF4F0AE089B0C301A6903F10C01023292
:10868000920001F085FD1EAB01931DAB00934A469D
:1086900053465846CDE90A9A02F0C6F81C900028C5
:1086A0003FF4D8AE0121584601F08FFE04900346F6
:1086B00000283FF4CFAE1D9D1E9A002DABBF0E9B30
:1086C000169BEE185C1B059BA8BF169CA5EB03052B
:1086D0001544644B05F1FF35B8BF0E9E9D42C2F1B3
:1086E000360280F2AF805B1B1F2BA2EB03024FF020
:1086F000010700F39C80002507FA03F30F93B718D6
:10870000059BBE4214441C443346A8BF3B46A342CB
:10871000A8BF2346002BC2BFFF1AE41AF61A0E9B0D
:10872000BBB11A460499584601F0EEFE04900028A9
:108730003FF490AE01461C9A584601F04FFE099056
:1087400000283FF487AE1C99584601F060FD099B54
:108750001C93002F7ADC079B002B08DD169A0699E4
:10876000584601F0D1FE069000283FF473AE002C6D
:1087700008DD22460699584601F014FF06900028AD
:108780003FF468AE002E08DD32460499584601F0E9
:1087900009FF049000283FF45DAE069A1C995846E4
:1087A00001F06EFF804600283FF454AE0024C368F9
:1087B0000499C4600C9301F049FFA04254DA0C9B69
:1087C000F3B9B9F1000F1BD1CAF31303C3B92AF0EF
:1087D00000431B0D1B05B3F1D66F11D9D8F8143027
:1087E0001BB9D8F81030012B0ADD4146012258464A
:1087F00001F0D8FE0499804601F028FF002868DCCB
:10880000059B002B72D130E618F0010F04D0D5E99A
:108810000023F7F76BFE01234FEA68080835DCE612
:108820004FF0FF3202FA03F303EA0909F6E6C5F155
:108830007F4505F57F0505F57B45E23507FA05F52A
:108840000F975CE7012300250F9358E73A461C99E0
:10885000584601F0A7FE1C9000287FF47CAFF9E594
:10886000D0B9000802FCFFFFCDF824A040F08980B9
:108870000C9ACAF3130342B3AF4A934256D1059BF5
:108880004846EBB15346AD4A4FF0FF311A40B2F1C2
:10889000D46F18D8120DC2F16B0301FA03F398429A
:1088A00044D1A74B099A9A4202D101303FF4D2AD8C
:1088B000A24B099A4FF000091A4002F5801A9FE76F
:1088C0004FF0FF33EBE70B46E9E77BBBB9F1000F55
:1088D0002CD105995346994AF1B102EA0A01B1F146
:1088E000D66F19DCB1F15C7F7FF751AE0023954A5A
:1088F0004846CDE914325146DDE91423F7F7F6FD79
:1089000081468A4600297FF4B0AD00287FF4ADADE2
:108910002223CBF80030A8E51340A3F580136FEABB
:10892000135A4FF0FF396FEA0A5A69E79DB1099B64
:108930001D423FF465AF0C9B059A4846514673B102
:10894000FFF742FB02460B46DDE90A01F7F718FC88
:1089500081468A4654E70F9B13EA090FE9E7FFF7C0
:1089600033FB02460B46DDE90A01F7F707FC00225C
:10897000002381468A46F8F721F800287FF407AEE5
:108980003EE70499404601F09EFF00224FF08043ED
:1089900006460F46F8F726F8002875D00C9B002BEA
:1089A00047D00026684F684D099B23F000431B0DFC
:1089B0001B050F930F9A654B9A4240F0CF80DDE97B
:1089C0000A23CDE91423099B4846A3F1547A514662
:1089D00001F0B4FE02460B4630463946F7F786FDF5
:1089E0004A465346F7F7CCFB0B465449584A1940C0
:1089F000914281465ED90B9B02F15472934203D19E
:108A00000A9B01333FF426AD4FF0FF39DFF830A168
:108A10001C99584601F0FBFB0699584601F0F7FBFC
:108A20000499584601F0F3FB4146584601F0EFFB2C
:108A300017E6B9F1000F19D1099BC3F31303E3B98A
:108A40000022414B30463946F7F7C2FFC8B9002231
:108A5000404B30463946F7F749FD04460D4605F1CF
:108A6000004318941993DDE918679DE7B9F1010FE8
:108A700003D1099B002B3FF48AAD0026364F00241A
:108A800091E70C9C334DEAE7324B002230463946E1
:108A9000F7F72CFD0C9B04460D4633B901F100435A
:108AA00010901193DDE910677EE702460B46CDE991
:108AB0001023F7E703F1547A059B002BA8D12AF085
:108AC00000431B0D0F9A1B059A425646A0D129461A
:108AD0002046F7F7BBFFF7F79FFC0B4602462946F7
:108AE0002046F7F74BFB0C9B04460D4633B9B9F112
:108AF000000F03D1CAF31306002E6AD00AA3D3E9EC
:108B0000002320462946F7F763FF00287FF4ADAC29
:108B100007A3D3E9002320462946F7F777FF00286B
:108B20003FF476AFA1E400BF9535A094FFFFDF3F8F
:108B300035E5AF350000E03FFFFF0F000000F07F9C
:108B4000FFFFEF7F000050390000F03F0000E07FA2
:108B5000FFFF9F7C0000E03F0000F0BF059B13B3C8
:108B60000F9BB3F1D46F1ED825A3D3E90023204671
:108B70002946F7F737FF90B129462046F7F78EFFD1
:108B8000002808BF0120F7F737FC0C9B04460D4670
:108B9000D3B901F1004312901393DDE912670F9AE4
:108BA00007F1D6639F1ADDE90A0101F0C7FD02460D
:108BB0000B4630463946F7F799FCDDE90A23F7F70B
:108BC000DFFA81468A4677E702460B46CDE9122353
:108BD000E3E70DA3D3E90023F7F7FAFE9FE70023AD
:108BE0000D931B9B179A1360FFF755BA652B4FF037
:108BF00000023FF442AB012114460591FFF7BFBAD2
:108C00000000C0FFFFFFDF419535A094FFFFCF3F7D
:108C10002DE9F041214E224A3468236A002B08BF17
:108C200013460A4601462046FFF7F2F905460C4670
:108C300002460B4628462146F7F7F2FE20B10020F7
:108C4000BDE8F04102F0BCB821462846F7F746FFE0
:108C500020F00048074613494046F8F763FAC8B9C0
:108C600010494046F8F740FAA0B924F000444FF00C
:108C7000FF320D4B28462146F7F7D2FE38B94FF0A8
:108C8000FF32094B28462146F7F7ACFE10B12222ED
:108C900033681A603846BDE8F08100BF80000020CC
:108CA000E4000020FFFF7F7FFFFFEF7F2DE9F0470B
:108CB0008046894692461E460F463D46089815F85E
:108CC000014B01F029FA2044437813F0080332D114
:108CD0002D2C32D101227C78BD1C002E5DD0102EAF
:108CE00009D1302C07D12B7803F0DF03582B4FD15B
:108CF00010266C780235002A14BF4FF000416FF047
:108D000000410027B1FBF6FC384606FB1C1EA4F10F
:108D10003003092B17D81C46A64223DD7B1C07D045
:108D200084451CD301D1A64519DB012700FB064071
:108D300015F8014BEBE72F46BFE72B2C04BFBD1CFA
:108D40007C781A46C9E7A4F14103192B01D8373CB6
:108D5000E2E7A4F16103192B04D8573CDCE74FF09C
:108D6000FF37E5E77B1C08D122230846C8F800300E
:108D7000BAF1000F07D1BDE8F08702B14042BAF165
:108D8000000FF8D00FB105F1FF39CAF80090F2E7F3
:108D90003024002EAFD10826ADE7302CA3D00A2610
:108DA000A9E70000084B37B51C68084D236A002B63
:108DB00008BF2B46009313460A4601462046FFF79C
:108DC00075FF03B030BD00BF80000020E40000202C
:108DD00030B5141E05469BB0184605DA8B234FF0BC
:108DE000FF302B601BB030BD4FF40273ADF80C3078
:108DF0000CBF234604F1FF33029305934FF6FF7334
:108E000000910491ADF80E3002461E9B694628463B
:108E100001F0D0FE431CBCBF8B232B60002CE1D0A3
:108E20000022009B1A70DDE707B5009313460A463F
:108E3000014603480068FFF7CBFF03B05DF804FB71
:108E4000800000202DE9F74F03690C698046A3429A
:108E5000C0F28480013C01F1140700F1140657F8B8
:108E6000245056F824000135B0FBF5F54FEA840C88
:108E700006EB0C0307EB0C0901939DB34FF0000ABE
:108E80003846B646D34650F8042B93B205FB03A3ED
:108E9000120C4FEA134A05FB02A29BB2ABEB030391
:108EA000DEF800B04FEA124A1FFA8BFB5B441FFA50
:108EB00082FBDEF800208145CBEB124202EB23421D
:108EC0009BB243EA02434FEA224B4EF8043BDAD20C
:108ED00056F80C3033B9019B043B9E421A4631D3FD
:108EE000C8F81040404601F0B1FB002826DB3046B0
:108EF0004FF0000C013557F8041BD0F800E08BB29E
:108F0000ACEB03031FFA8EF213440A0CC2EB1E42B1
:108F100002EB23429BB243EA0243B9454FEA224C9B
:108F200040F8043BE7D256F8242006EB84032AB924
:108F3000043B9E421A460BD3C8F81040284603B0A3
:108F4000BDE8F08F1268043B002AC9D1013CC4E798
:108F50001268043B002AEFD1013CEAE70020EEE76B
:108F60002DE9F04F16461F46456A95B00446DDF8D8
:108F70008480CDE902673DB9102001F0E1F860621C
:108F8000C0E901550560C560636A196851B15A6846
:108F9000012393404A608B60204601F038F900229B
:108FA000636A1A603B1EAFBF0023012223F0004317
:108FB0000393ACBFC8F80030C8F80020AE4BDDF812
:108FC0000C8033EA08031BD142F20F73209A13601E
:108FD000029B23B9C8F31300002800F04585229BAB
:108FE00053B9A64B21E0A64B06930833229A13608F
:108FF000069815B0BDE8F08FA04B06930333F5E754
:10900000DDE902670022002330463946F7F7D6FC37
:10901000824660B10123209A1360229B002B00F04E
:109020002085984B229A1360013B0693E0E712AB30
:10903000019313AB009332463B46204601F0F4FB0C
:10904000C8F30A558346002D7DD0B046C7F31303FD
:1090500043F07F5949F44019A5F2FF35CDF840A0FF
:109060000022894B40464946F7F788F87CA3D3E9AC
:109070000023F7F73BFA7CA3D3E90023F7F780F846
:10908000064628460F46F7F7C7F979A3D3E9002328
:10909000F7F72CFA02460B4630463946F7F770F8D8
:1090A00006460F46F7F7D2FC0022824600233046E0
:1090B0003946F7F78DFC48B15046F7F7ADF932461F
:1090C0003B46F7F77BFC08B90AF1FF3ABAF1160FF5
:1090D0005AD8DDE902236D4901EBCA01D1E900014B
:1090E000F7F794FC002851D000230AF1FF3A0D93C2
:1090F000129B5D1B6B1E079343BF0023C5F1010943
:1091000007934FF00009BAF1000F41DB079BCDF840
:1091100030A053440793002308931E9B092B00F2B1
:109120008F80052BC4BF043B1E931E9BC8BF002528
:10913000A3F10203D8BF0125032B00F28D80DFE8E5
:1091400003F07B7D2F6FDDE912531D4405F23240A1
:10915000202813DDC0F14000029B08FA00F805F258
:10916000124023FA00F048EA0000F7F745F901231E
:109170008046A1F1F879013D109371E7029BC0F19F
:10918000200003FA00F0F0E70123B0E70D90AFE70D
:10919000CAF1000308930023A9EB0A090C93BCE76A
:1091A000012309931F9B002B74DD98460493002232
:1091B000666A7260042202F11400984271686ED9E6
:1091C000204600F0F0FF636A30601B68B8F10E0FB4
:1091D000069300F2ED80002D00F0EA80DDE9022325
:1091E000BAF1000FCDE90E2377DD284A0AF00F030C
:1091F0004FEA2A1602EBC303F006D3E90023CDE9B8
:109200000A2368D5DDE90E01214B0325D3E90823A4
:10921000F7F796FACDE9020106F00F061C4F4FE072
:10922000012309931F9B534403F101080493434610
:10923000012BB8BF0123BAE70023B2E70023F0E710
:109240000125002309951E934FF0FF33002204935C
:10925000984612231F92AAE701230993F4E700BF5F
:1092600061436F63A787D23FB3C8608B288AC63F2C
:10927000FB799F501344D33F0000F07F01BA0008F0
:10928000F8B9000826B400080000F83F38BA000812
:1092900010BA00080123049398461A46DAE7013110
:1092A0007160520087E7F10708D5DDE90A01D7E9C7
:1092B0000023F7F71BF9CDE90A01013576100837CD
:1092C000002EF0D1DDE90A23DDE90201F7F738FAD3
:1092D000CDE902011BE00225A0E700F0A480DDE952
:1092E0000E01CAF10006A04B06F00F0203EBC20309
:1092F000D3E90023F7F7FAF802250023CDE90201AC
:109300009A4F3611002E40F08380002BE0D10D9B48
:10931000002B00F08A80DDE90223CDE90A23DDE994
:109320000A010022924BF7F753FB00287DD0B8F1D9
:10933000000F7AD0049B002B36DDDDE90A01002204
:109340008C4BF7F7D3F8CDE90201049E0AF1FF3701
:1093500001352846F7F760F8DDE90223F7F7C6F88C
:109360000022854BF6F70CFFA1F15075CDE90A01FB
:109370000B95002E5CD1DDE9020100227F4BF6F750
:10938000FDFE0A9A2B46CDE90201F7F73FFB0028C4
:1093900040F08182DDE902010A9A05F10043F7F706
:1093A00017FB002840F07582DDE90E23CDE902238A
:1093B000139B002BC0F24B81BAF10E0F00F34781D3
:1093C000694B03EBCA03D3E90023CDE904231F9BB8
:1093D000002B80F2D780B8F1000F00F3D38040F06B
:1093E0005782DDE904010022644BF7F77FF8DDE9DD
:1093F0000223F7F701FB46464746002840F02D823E
:10940000069B069A5D1C31230AF1010A137028E2BB
:10941000F20705D5D7E90023F7F768F801230135EE
:10942000761008376EE7022571E75746464690E703
:109430004D4B03EBC60353E90201099B002B48D0B7
:1094400002460B4600204E49F7F77AF9DDE90A2378
:10945000F6F794FECDE90A01069DDDE90201F7F772
:10946000F5FA1190F6F7D8FF02460B46DDE9020146
:10947000F6F784FE119BCDE90201303305F8013B7C
:10948000DDE90A23F7F7A4FA002863D1DDE9022316
:1094900000203749F6F772FEDDE90A23F7F798FA5C
:1094A000002840F0B580069BEB1A9E427FF77CAF08
:1094B000DDE90A0100222F4BF7F718F80022CDE969
:1094C0000A01DDE902012B4BF7F710F8CDE90201A3
:1094D000C3E7DDE90A23F7F709F8069BCDE90A019E
:1094E0009D191E46DDE90201F7F7B0FA1190F6F773
:1094F00093FF02460B46DDE90201F6F73FFE119BA2
:10950000CDE90201303306F8013BAE424FF00002D4
:1095100024D1DDE90A011A4BF6F732FE02460B466A
:10952000DDE90201F7F772FA002871D1DDE90A23BB
:1095300000201349F6F722FE02460B46DDE9020140
:10954000F7F746FA00283FF42FAF15F8013C6A1EE2
:10955000302B01D0BA464AE01546F6E7054BF6F740
:10956000C5FFCDE90201BDE738BA000810BA00080E
:109570000000F03F0000244000001C4000001440A8
:109580000000E03F069DDDE90267DDE90423304687
:109590003946F7F7D5F8F7F759FA8146F6F73CFF61
:1095A000DDE90423F6F7A2FF02460B4630463946B2
:1095B000F6F7E4FD09F1300605F8016B069E024658
:1095C000AE1BB0450B4635D1F6F7DAFDDDE90423D5
:1095D00006460F46F7F71AFAC8B9DDE90423304604
:1095E0003946F7F7EBF910B119F0010F0FD15946D1
:1095F000204600F00CFE0023209A2B700AF1010394
:109600001360229B002B3FF4F3AC1D60F0E457463F
:1096100015F8012C6B1E392A06D1069A9A4207D1F9
:1096200030231370134601371A7801321A7091E70C
:109630001D46EDE70022994BF6F758FF0022002364
:1096400006460F46F7F7BAF900289ED0CFE7099AE9
:10965000002A00F088801E9A012A6DDC109A002AE8
:1096600066D003F233434D46089E079A01211A44FF
:1096700020469944079200F0A8FE0746002D0BDD16
:10968000079B002B08DDAB42A8BF2B46079AA9EB2E
:109690000309ED1AD31A0793089BEBB1099B002B22
:1096A00065D08EB139463246204600F02DFF5A462D
:1096B00001460746204600F091FE59460A90204692
:1096C00000F0A5FD0A9B9B46089B9A1B04D05946B7
:1096D000204600F019FF83460121204600F075FE68
:1096E0000C9B0646002B00F0C6811A460146204618
:1096F00000F00AFF1E9B0646012B3EDC029B002B5E
:1097000037D1039BC3F31303002B34D1039B23F006
:1097100000431B0D1B052BB1079B09F10109013308
:109720000793012308930C9B002B28D101202EE0E6
:10973000129BC3F1360396E7089B08F1FF36B3424C
:10974000B7BF089B9E1BF21A0C9BBFBF08969B18C5
:109750000C930026B8F1000FB9BFA9EB0805002350
:109760004D46434681E7089E4D46099F86E7089A85
:10977000ADE70023D6E7029BD4E7002308933369C3
:1097800006EB8303186900F0D2FDC0F12000079BAF
:10979000184410F01F0047D0C0F12003042B3BDD1C
:1097A000079BC0F11C008144054403440793B9F1B1
:1097B000000F05DD59464A46204600F0F3FE834679
:1097C000079B002B05DD31461A46204600F0EAFED5
:1097D00006460D9B53B33146584600F037FF00282C
:1097E00024DA002359460A22204600F027FD099B6F
:1097F0000AF1FF3A8346002B00F0448100233946EA
:109800000A22204600F01AFD049B0746002B4DDC7F
:109810001E9B022B4ADD11E0C9D0079A1C331A4463
:1098200099441D441346C1E70346F6E7B8F1000F1B
:1098300036DC1E9B022B33DDCDF81080049B63B910
:1098400031460522204600F0F9FC014606465846FE
:1098500000F0FCFE00283FF7D3AD1F9B069D6FEA8A
:10986000030A4FF000093146204600F0D0FC002FDB
:109870003FF4BDAEB9F1000F05D0B94503D049465C
:10988000204600F0C4FC3946204600F0C0FCAEE69D
:1098900000263746E1E7BA463746B1E500002440E6
:1098A000099BCDF81080002B00F0F380002D05DD22
:1098B00039462A46204600F075FE0746089B002BD5
:1098C0004CD07968204600F06EFC05463A6907F1F5
:1098D0000C01023292000C3000F05AFC01222946A1
:1098E000204600F05FFEB9460746069B0793029BA1
:1098F00003F00103089331465846FFF7A3FA49469F
:10990000054600F13008584600F0A0FE3A460290A5
:109910003146204600F0B4FEC368024603BB014650
:109920000990584600F092FE0346099A11462046D7
:10993000099300F06CFC099BA3B91E9A92B9089A8E
:1099400082B9B8F1390F29D0029B002B01DD05F156
:109950003108079B5D1C83F8008084E73846C2E726
:109960000123E3E7029A002A04DB23D11E9A0ABBF3
:10997000089AFAB9002BECDD59460122204600F086
:1099800011FE3146834600F061FE002803DCE0D181
:1099900018F0010FDDD0B8F1390FD8D1079B079A25
:1099A0005D1C3923137015F8013C6A1E392B4DD00C
:1099B000013352E0079A002B02F1010506DDB8F1F0
:1099C000390FEBD008F10108079BC4E7069B049A06
:1099D000EB1A934205F8018C21D0594600230A2244
:1099E000204600F02BFCB94583464FF000034FF0B2
:1099F0000A024946204605D100F020FC8146074670
:109A0000079578E700F01AFC3946814600230A22C0
:109A1000204600F013FC0746F2E74FF000095946D4
:109A20000122204600F0BEFD3146834600F00EFEC6
:109A30000028B8DC02D118F0010FB4D115F8013CB0
:109A40006A1E302B7FF40FAF1546F7E7069B934253
:109A500005D13123069A0AF1010A137003E715466E
:109A6000A1E7174BFFF7E1BA229B002B7FF4BBAABB
:109A7000144BFFF7DABA1E9B012B7FF73FAE0C9B0E
:109A8000089353E6049B002B03DC1E9B022B3FF73D
:109A9000D5AE069D31465846FFF7D4F9069B00F136
:109AA000300805F8018B049AEB1A9A42B5DD594645
:109AB00000230A22204600F0C1FB8346EAE700BFEC
:109AC00025B40008F8B90008F0B506694B119E42AC
:109AD00000F1140431DD11F01F0104EB860604EBE4
:109AE000830208D12146B2420B4611D252F8043B00
:109AF00041F8043BF7E754F823502346C1F1200C0A
:109B0000CD400432B24217460DD31D6005B1043377
:109B1000A342A3EB040208BF00234FEAA2020261A2
:109B200008BF4361F0BD3F6807FA0CF73D4343F8B7
:109B3000045B52F8045BCD40E4E72346E8E7A0F17C
:109B40003003092B02D82038C0B27047A0F161035E
:109B5000052B01D84738F7E7A0F14103052B01D8C1
:109B60002738F1E7002070472DE9F04F8BB00290C5
:109B700016988A469046069300F0D1FA03684FF093
:109B8000000B18460393F6F7EDFA039B019003448C
:109B900013F8013C0793DAF8003002331F4613F83C
:109BA000010B30286CD0FFF7CAFF044600286AD1A9
:109BB000019A03993846FEF7F5F9002866D1019B12
:109BC000F85CFE18FFF7BBFF002862D03346187818
:109BD0001F46302803F10103F9D0FFF7B0FFB0FAB8
:109BE00080F534464FF0010B6D093A461646307841
:109BF0000132FFF7A4FF0028F8D1019A03993046FB
:109C0000FEF7D0F950B954B9019BF4182246164614
:109C100030780132FFF793FF0028F8D10CB1A41B74
:109C2000A4003378502B01D0702B40D173782B2BAC
:109C300031D02D2B33D04FF00009711C0878FFF77D
:109C40007EFF431EDBB2182B31D8A0F1100211F8B1
:109C5000010FFFF774FF431EDBB2182B22D9B9F1B5
:109C6000000F00D052421444CAF800100DB3BBF1EB
:109C7000000F0CBF0627002738460BB0BDE8F08F59
:109C80000BF1010B8AE700252C46AEE73E46012585
:109C9000C7E70446FBE74FF00009B11CCEE74FF0E1
:109CA0000109FAE70A2303FB0202103ACFE7314623
:109CB000DAE72946F31B013B072B49DC029800F049
:109CC00072FA4FF0000B0546DA46019B00F11409C9
:109CD000C3F10103CDF810900893B7423BD3049829
:109CE00040F804ABA0EB0900801028614701504602
:109CF00000F01DFBD8F800603F1AB74264DDBF1BBF
:109D00003946284600F027FE824678B14FF0010A16
:109D10007B1E591103F01F0259F821100AFA02F2B2
:109D20000A4203D0534546DC4FF0020A3946284622
:109D3000FFF7CAFE3C44D8F80830A34252DA29465D
:109D4000029800F064FA0023149AA327136093E7A3
:109D500001315B10B0E7731E0593079A16F8013CBA
:109D6000934218D0BBF1200F07D1049BC3F800A089
:109D70004FF0000AD3460433049316F8010CFFF7A2
:109D8000DEFE00F00F0000FA0BF04AEA000A0BF1C9
:109D9000040B059B0DE0059B089A1344BB42E1D3DD
:109DA0001846019A03990993FEF7FCF8099B0028CD
:109DB000D8D11E4691E7B91E284600F0CCFD0028F8
:109DC000B2D04FF0030AB1E709DAF71B29463A4649
:109DD000029800F0E7FB0546E41B00F114094FF080
:109DE000000AA8E7D8F80400A0426BDD041BA642D5
:109DF0002EDCD8F80C30022B22D0032B24D0012BE0
:109E000015D1A64213D1012E0BDCD8F80430069AE6
:109E10006227136001232B61C9F80030149B1D6079
:109E20002AE7711E284600F096FD0028EDD129464C
:109E3000029800F0ECF90023149A502713601BE7F6
:109E4000159B002BE1D0F2E7159B002BDDD1EEE74F
:109E5000671EBAF1000F32D127B13946284600F00B
:109E60007AFD824601237A1107F01F0703FA07F7EC
:109E700059F8223021461F424FF00207284618BFEA
:109E80004AF0020A361BFFF71FFED8F80440BAF169
:109E9000000F48D0D8F80C30022B15D0032B17D068
:109EA000012B09D11AF0020F06D0D9F800304AEA86
:109EB000030A1AF0010F0ED147F0100733E04FF0FC
:109EC000010ACFE70127E2E7159BC3F101031593D0
:109ED000159B002BF0D04FF0000CD5F8109005F139
:109EE00014034FEA890A03EB0A01184653F8042BBE
:109EF000B2F1FF3F1CD001320260022F05F11403C2
:109F000038D1D8F80020013AB2420AD101227111A9
:109F100053F8213006F01F0602FA06F61E4218BF5B
:109F2000174647F02007149B1D60069B1C60A3E6A4
:109F3000994243F804CCD8D8AB68994512DB6968DC
:109F40000298013100F02FF983462A6905F10C01CE
:109F5000023292000C3000F01BF92946029800F002
:109F600056F95D462B695A1C2A61012205EB8303D1
:109F70005A61C2E72A694A450BDD01212846FFF7ED
:109F8000A3FDD8F808300134A342FFF6D8AE01276C
:109F9000C7E716F01F06FAD09A445AF8040C00F0EE
:109FA000C6F9C6F12006B042E7DBF0E7C2F10802CD
:109FB000920070B5C2F120064368046803FA06F502
:109FC0002C43D340046040F8043F8842F4D370BD72
:109FD00030B50368013311F8014B14B90360012057
:109FE00030BD13F8012BA2F14105192D98BF203285
:109FF000A242F0D00020F3E72DE9F04F00250B68D6
:10A0000082465F1102EB870713F01F0318BF043766
:10A010003E1F9046B1463446AB4687B00168019377
:10A0200047F8045C02954A784B1C039342B31046F0
:10A0300005910492FFF783FD002843D1049A059906
:10A04000202A18D8029B9B4513DD4C4506D2072DCC
:10A0500004DC2A4649462046FFF7A8FF444544D978
:10A060000023A4F1040944F8043C1D464C46CDF8F5
:10A0700008B00399D7E7292A4AD10231CAF800105B
:10A08000BBF1000F44D04C4506D2072D04DC2A4614
:10A0900049462046FFF78AFF444528D9434654F8ED
:10A0A000042BA64243F8042BF9D2002243F8042BD8
:10A0B0009E42FBD233681BB9464527D1012333604A
:10A0C000052026E00135082D0BF1010B06DD444586
:10A0D000CFD90023012544F8043C043C226800F059
:10A0E0000F0040EA02102060C3E70825C1E7019B8A
:10A0F000002BDFD04FF0FF32C3F1200322FA03F32D
:10A1000057F8042C1A4047F8042CD3E7043ED1E753
:10A11000042007B0BDE8F08FD0F8EC007047F030B5
:10A1200070470000044B1B68186A044B002808BFE6
:10A130001846F030704700BF80000020E400002087
:10A14000024B0146186800F081BC00BF800000206F
:10A1500082B001B901A942B14BB113780B601278FA
:10A16000101C18BF012002B070471046FBE76FF0CB
:10A170000100F8E710B5C9B202449042034601D18C
:10A18000002303E01C7801308C42F6D1184610BD44
:10A1900010B5431E0A44914200D110BD11F8014B85
:10A1A00003F8014FF7E770B5456A04460E463DB91E
:10A1B0001020FFF7C5FF6062C0E901550560C5606A
:10A1C000656AEB6883B1636ADB6853F82600B8B947
:10A1D000012101FA06F56A1D9200204600F0DCFB21
:10A1E00060B1C0E901650EE021220421204600F0A3
:10A1F000D3FB636AE860DB68002BE4D1002070BD0C
:10A20000026843F826200023C0E90333F7E770B55E
:10A21000446A06460D463CB91020FFF791FF706274
:10A22000C0E901440460C4603DB1736A6A68DB68D8
:10A2300053F82210296043F8225070BD2DE9F041F7
:10A240001F4606460C4600230D6901F1140CDCF88C
:10A250000000013381B202FB0171000C0F0C02FB04
:10A26000007089B201EB00419D424FEA10474CF863
:10A27000041BECDCD7B1A368AB4212DC616830464A
:10A280000131FFF790FF8046226904F10C01023290
:10A2900092000C30FFF77CFF21463046FFF7B7FFF6
:10A2A000444604EB850301355F6125612046BDE826
:10A2B000F0812DE9F843154609221F4608330C4664
:10A2C00093FBF2F30646012200219A4220DB30463E
:10A2D000FFF769FF089B092D43614FF001030361FC
:10A2E00019DD04F10908C1462C4419F8013B014667
:10A2F000303B0A223046FFF7A1FFA145F5D108EB1C
:10A300000504083C2D1B6319BB4207DBBDE8F8833D
:10A3100052000131D9E70A340925F3E714F8013B6B
:10A320000146303B0A223046FFF788FFEBE7020C7C
:10A3300012040346B2B90304102013F07F4F04BF88
:10A340001B02083013F0704F04BF1B01043013F0E0
:10A35000404F04BF9B000230002B06DB5B0003D59F
:10A36000013070470020E8E720207047036801466D
:10A3700013F007020BD0DA0723D4980749BF5B0814
:10A380009B0801200B605CBF0B600220704798B2F5
:10A39000A8B910201B0C13F0FF0F04BF1B0A0830D4
:10A3A0001A0704BF1B0904309A0704BF9B08023038
:10A3B000DA0702D45B0806D001300B607047104604
:10A3C000E9E7002070472020704710B50C460121B6
:10A3D000FFF7E9FE01224461026110BD2DE9F74F4C
:10A3E00014460A69236988469A42BEBF0B46A046B6
:10A3F0001C46D8F81070D4F81090D8F80830D8F867
:10A40000041007EB0906B342B8BF0131FFF7CBFEDA
:10A4100000F114052B46002205EB860E734516D37A
:10A4200004F1140208F1140102EB890301EB870720
:10A430000093009B019293420CD8002E03DD5EF83E
:10A44000043D002B5DD0066103B0BDE8F08F43F8FA
:10A45000042BE3E7B2F800B0BBF1000F23D089462C
:10A46000AC464FF0000859F8044BDCF800A0A3B24A
:10A470001FFA8AFA0BFB03A34FEA144ADCF80040E8
:10A4800043444FEA14480BFB0A84E24604EB1344AE
:10A490009BB243EA04434F454FEA14484AF8043B51
:10A4A0002BD8CCF80480019B0432B3F802A0BAF197
:10A4B000000F20D08946A8464FF0000B2B68B9F852
:10A4C00000C0B8F802409BB20AFB0C44C4465C448E
:10A4D00043EA04434CF8043B59F8043BB8F804B091
:10A4E0001B0C0AFB03B34F4503EB14434FEA134B1A
:10A4F00005D8C8F8043004359BE7D446B3E7E046F6
:10A50000DDE7013E99E700002DE9F843154612F01A
:10A51000030206460F4607D0214C013A002354F8A7
:10A520002220FFF78BFE0746AD1035D0746A3CB988
:10A530001020FFF705FE7062C0E901440460C460AA
:10A54000D6F82480D8F808404CB940F27121304642
:10A55000FFF73BFF00230446C8F8080003604FF0F4
:10A560000008EB070AD5394622463046FFF736FF8A
:10A57000814639463046FFF74AFE4F466D100BD0F4
:10A58000206838B9224621463046FFF727FF206071
:10A59000C0F800800446E4E73846BDE8F88300BF11
:10A5A00000BB00082DE9F0470C4607461646236914
:10A5B0004FEA621A0AEB03094968A36809F1010529
:10A5C000AB4232DB3846FFF7EEFD002380461A46E9
:10A5D00000F1140153452BDB20692AEAEA7A04F1E1
:10A5E000140316F01F0201EB8A0103EB800C25D047
:10A5F0000020C2F1200E8A461E68964030434AF879
:10A60000040B53F8040B9C4520FA0EF014D8486054
:10A6100008B109F10205013D3846C8F8105021463D
:10A62000FFF7F5FD4046BDE8F08701315B00C7E765
:10A6300041F823200133CDE75146DCE7043953F8D4
:10A64000042B9C4541F8042FF9D8E4E703690A6913
:10A6500030B59B1A0CD19200143014318418114477
:10A6600054F8045D51F8042D954203D005D301231D
:10A67000184630BDA042F3D3FAE74FF0FF33F7E7B7
:10A680002DE9F0470D460746114628461446FFF7C8
:10A69000DDFF061E08D131463846FFF784FD012351
:10A6A000C0E90436BDE8F087A4BF23462C463846EF
:10A6B0006168A6BF1D4600260126FFF774FD4FF016
:10A6C000000EC6602B69266904F1140205F1140915
:10A6D00002EB860709EB830800F1140152F804AB82
:10A6E00059F8045B1FFA8AF37344ACB21B1B2C0CA1
:10A6F000C4EB1A4404EB23449BB24FEA244EC845F2
:10A7000043EA0444944641F8044BE7D8BC4504D3DB
:10A7100051F8043D83B10661C4E75CF8044BA2B272
:10A720007244131403EB144392B242EA03424FEA19
:10A73000234E41F8042BE9E7013EE9E7104B0B40BB
:10A74000A3F15073002B02DD0020194670475B42D5
:10A750001B15132B4FF000004FF0000104DC4FF4E9
:10A76000002242FA03F170470122143B1E2BCEBF98
:10A770001346C3F11F0302FA03F31846704700BFE4
:10A780000000F07F2DE9F843076900F1140909EB97
:10A79000870757F8046CA7F104083046FFF7C7FD98
:10A7A000C0F120030A280B601E4917DCC14528BFF1
:10A7B0000022C0F10B0C26FA0CF338BF57F8082C16
:10A7C00043EA010500F1150306FA03F322FA0CF23D
:10A7D00043EA020420462946BDE8F883C1453ABF52
:10A7E000A7F1080857F8082C0022B0F10B0315D088
:10A7F0009E40C3F1200746F07F5622FA07F1C84574
:10A8000046F4401646EA010594BF002158F8041C9E
:10A8100002FA03F0F94040EA0104DBE746EA0105E9
:10A820001446D7E70000F03F2DE9F3411C46DDE96F
:10A83000086501219046FFF7B6FCC4F31302C4F388
:10A840000A54074634BB0192B8F1000227D002A88F
:10A8500040F8082DFFF78AFD0099F0B1019AC0F188
:10A86000200302FA03F30B43C2407B610192019B78
:10A87000002B14BF02210121BB613961C4B1A4F2D4
:10A88000334404443460C0F135002860384602B0D7
:10A89000BDE8F08142F48012D5E77961E7E701A8CD
:10A8A000FFF764FD0121019B39617B612030E5E701
:10A8B000A0F2324007EB810330601869FFF737FDE3
:10A8C000C0EB4110E1E72DE9F74F88466946814624
:10A8D000FFF758FF8B4606460F46404601A9FFF793
:10A8E00051FFD9F81030D8F810200D46A3EB020C18
:10A8F000DDE900329B1A03EB4C13002BD5BF0A464F
:10A900003A46C3EB033302EB035BD8BF02EB0355BC
:10A910002B46024659463046F5F712FF03B0BDE814
:10A92000F08F013910B549111469013102F1140396
:10A9300000EB810103EB8404A342024603D300230E
:10A940008A4205D310BD53F8042B40F8042BF3E7DB
:10A9500042F8043BF4E700F1140200694B119842FD
:10A9600010B511DB0ADD11F01F0107D052F82340AA
:10A9700024FA01F000FA01F18C420BD102EB8303BF
:10A98000934203D8002010BD0346F7E753F8041D97
:10A990000029F5D00120F6E738B502FB01F4214685
:10A9A00000F054F8054618B122460021FCF766FE77
:10A9B000284638BD38B50546002943D051F8043C37
:10A9C0000C1F002BB8BFE41800F024FA1E4A1368CD
:10A9D000104633B9636014602846BDE8384000F083
:10A9E0001ABAA3420BD921686218934201BF1A68B0
:10A9F0005B685218226063600460EDE713465A6892
:10AA00000AB1A242FAD919685818A0420BD120689D
:10AA10000144581882421960DED11068526801441E
:10AA200019605A60D8E702D90C232B60D4E720685C
:10AA300021188A4201BF11685268091821606260BA
:10AA40005C60C9E738BD00BF000E002070B5CD1CAA
:10AA500025F0030508350C2D38BF0C25002D0646C2
:10AA600001DBA94203D90C233360002070BD00F044
:10AA7000D1F9214A1468214691B9204C23681BB9A9
:10AA8000304600F08DF920602946304600F088F904
:10AA9000431C24D10C233046336000F0BCF9E4E7BA
:10AAA0000B685B1B18D40B2B0FD90B60CC18CD5047
:10AAB000304600F0B0F904F10B00231D20F0070030
:10AAC000C31AD3D05A42E250D0E74B688C4216BF2B
:10AAD000636013600C46EBE70C464968CCE7C41C86
:10AAE00024F00304A04205D0211A304600F058F9A2
:10AAF0000130CFD02560DBE7000E0020040E0020DF
:10AB00002DE9F0478E6882469E420C469046994653
:10AB100037D88A8912F4906F31D0022325680969E9
:10AB20006F1A656905EB450595FBF3F509F101031E
:10AB30003B449D4238BF1D46530530D52946FFF79B
:10AB400085FF064650B90C234FF0FF30CAF800309D
:10AB5000A38943F04003A381BDE8F0873A46216909
:10AB6000FFF716FBA38923F4906343F08003A381CE
:10AB700026613E4426604E466561ED1BA5604E454C
:10AB800000D94E4632464146206800F02AF9A368B3
:10AB900000209B1BA36023681E442660DCE72A4636
:10ABA00000F03AF906460028E2D121695046FFF745
:10ABB00001FFC8E72DE9F04F9DB003938B898046D4
:10ABC0001D060C4616460FD50B696BB94021FFF7E1
:10ABD0003DFF2060206128B90C23C8F800304FF0F9
:10ABE000FF30C7E0402363610023099320238DF8E1
:10ABF000293030234FF0010B8DF82A3037463D467F
:10AC000015F8013B0BB1252B3ED1B7EB060A0BD053
:10AC10005346324621464046FFF772FF013000F0AE
:10AC2000A480099B534409933B78002B00F09D803E
:10AC300000234FF0FF32CDE90523049307938DF8ED
:10AC400053301A932F46052217F8011B4F48FFF780
:10AC500091FA049BD0B9D90644BF20228DF8532025
:10AC60001A0744BF2B228DF853202A782A2A15D0A0
:10AC70002F4600200A25079A394611F8013B303B40
:10AC8000092B4DD9B8B10FE02F46B8E73F4A3D46F2
:10AC9000801A0BFA00F018430490D3E7039A111DB1
:10ACA00012680391002A01DB079204E0524243F04C
:10ACB0000203079204933B782E2B0CD17B782A2B2E
:10ACC00033D1039B02371A1D1B680392002BB8BFB8
:10ACD0004FF0FF3305932E4D032239782846FFF7B6
:10ACE00049FA38B14023401B03FA00F0049B0137B6
:10ACF000034304933978062226487E1C8DF82810D9
:10AD0000FFF738FA002838D0234B13BB039B0733D7
:10AD100023F0070308330393099B4B4409936DE722
:10AD200005FB023201200F46A6E700230A2519463B
:10AD300001370593384610F8012B303A092A03D918
:10AD4000002BC8D00591C6E705FB0121012307466A
:10AD5000F0E703AB00932246104B04A94046FCF7F2
:10AD600027FDB0F1FF3F8146D6D1A3895B063FF5B1
:10AD700036AF09981DB0BDE8F08F03AB00932246B3
:10AD8000064B04A94046FCF7BFFFEAE70CBB0008EE
:10AD900012BB000816BB0008B177000801AB000821
:10ADA00038B50023054C05460846236000F086FAB6
:10ADB000431C02D1236803B12B6038BD100E002064
:10ADC000004870470000C07F49B1FF2A8BBF8A232B
:10ADD0000A700360012088BF4FF0FF3070470846BB
:10ADE0007047884210B501EB020307D8421E994212
:10ADF0000AD011F8014B02F8014FF8E78342F5D968
:10AE00008118D21AD34200D110BD13F8014D01F8B8
:10AE1000014DF7E770477047F8B5074614460E46F0
:10AE200021B9BDE8F8401146FFF710BE22B9FFF77F
:10AE3000C1FD25462846F8BD00F014F8A0420FD207
:10AE400021463846FFF702FE05460028F2D031467B
:10AE50002246FFF79DF931463846FFF7ABFDE9E79B
:10AE60003546E7E751F8043C181F002BBCBF0B58D0
:10AE7000C01870472DE9F04F8BB01D4606460F46AF
:10AE8000144600F0A7F8294B804693F900A08946A4
:10AE9000BAF1FF3F35D022462B4620462946F5F72A
:10AEA000BFFD70BB32463B4630463946F5F7B8FD2C
:10AEB000834630BB0022002320462946F5F77EFD5D
:10AEC000F8B101221A4BCDE90267CDE90445CDF86E
:10AED00020B0CDE90023BAF1000F17D000220023E3
:10AEE00010461946F5F72CFCBAF1020FCDE9060120
:10AEF0000ED100F017FA21230360089B83B9DDE926
:10AF00000689404649460BB0BDE8F08FCDE906679B
:10AF1000684600F0D1F90028EBD0089B002BEED05A
:10AF200000F000FA089B0360E9E700BF5002002030
:10AF300020BC0008F0B58BB0044600F069F9234B43
:10AF4000064693F900506B1C0AD021462046F6F7BE
:10AF5000E9F8074620B900212046F6F7BBF810B9FA
:10AF600030460BB0F0BD0122194B2046CDE900233D
:10AF70000897F5F763FA0022CDE90401CDE9020153
:10AF80000023ADB110461946F5F7DAFB022DCDE9E5
:10AF900006010FD100F0C6F921230360089B7BB99D
:10AFA000DDE90601F5F79AFD064630460BB0F0BD27
:10AFB000CDE90623684600F07FF90028EED1E9E7E5
:10AFC00000F0B0F9089B0360EAE700BF50020020E0
:10AFD00028BC00082DE9F04723F0004E5EEA020786
:10AFE00021D0844F21F00048B84589461BDC5742E8
:10AFF0001743DFF818C24EEAD7776745144612D8D0
:10B00000F0451D461646824601F00047844616DC90
:10B0100013DB904211D312D1774BFF0F03EBC70321
:10B02000D3E9004106E0F5F761FA02460B46F5F771
:10B0300087FB04462046BDE8F0870446FAE7B8F5EA
:10B04000801F3EDB4FEA2853A3F2FF33BEF5801F7B
:10B0500080F29480BEF1000F40F0A380002C2246C5
:10B06000664904DD5200002A01F1FF31FADC644A2E
:10B07000934273DBC9F3130242F4801260488142A9
:10B080005EDBC5F3130444F48014581A08E053EA55
:10B09000050224D0EA0F02EB43024FEA450C0138C7
:10B0A000131BACEB060508B3B44538BF03F1FF33FF
:10B0B000002BECDA4FEADC7303EB42024FEA4C0C54
:10B0C000EDE7B8F1000F5ED1BAF1000F52464B4BDD
:10B0D000BCDD5200002A03F1FF33FADCB6E7464B31
:10B0E000FF0F03EBC707D7E90041A3E7B44538BF1B
:10B0F00003F1FF33002BBCBF6546134653EA05023C
:10B10000EDD04048834208DCEA0F02EB4303834260
:10B1100001F1FF314FEA4505F6DD394A914250DA37
:10B12000521A142A57DC01F21E41D54003FA01F1EC
:10B1300043FA02F2174341EA050339461C4679E710
:10B14000401A1F2828DC01F21E450EFA00FE24FAE0
:10B1500005F504FA00F645EA0E0496E7A2EB030CA7
:10B16000BCF11F0F26DC03F21E4208FA0CF82AFA83
:10B1700002F20AFA0CFC42EA08027FE74FEA2E517B
:10B18000A1F2FF3173E71E4B4FEAC8225200002A9A
:10B1900003F1FF33FADC59E71B4D00266D1AAC4072
:10B1A00073E717494FEACE225200002A01F1FF311E
:10B1B000FADC5CE7144A4FF0000CD21A0AFA02F2E9
:10B1C0005CE7A3F5801301F2FF311F4347EA015901
:10B1D0002C4649462EE71F2A07DC01F21E4103FADE
:10B1E00001F125FA02F30B43A7E7074A511A0B4175
:10B1F000A3E700BFFFFFEF7F30BC0008EDFBFFFFC0
:10B2000002FCFFFFFFFF0F00E2FBFFFF0000F07FEB
:10B2100020F00042B2F1FF4FF8B504463AD2C2B373
:10B22000002803463DDBB2F5000F4FEAE0500AD29A
:10B2300014F4000201D03BE00A465B001C0202F15C
:10B240000101F9D5801A0026C3F316037F3843F4B1
:10B250000002C1074FEA42034FF0190448BF9300B0
:10B2600031464FF0807247108D189D4202DC5B1B07
:10B27000A9181644013C4FEA43034FEA5202F3D1A6
:10B2800013B1013626F00106701000F17C5000EB7E
:10B29000C750F8BD0146F5F77FFD2146F5F774FC70
:10B2A000F8BD0146F5F76EFC0146F5F729FEF8BD3D
:10B2B0004FF0FF32C6E700BF00207047044A05493F
:10B2C0001368002B08BF0B461844106018467047DF
:10B2D000080E0020180E002000F023F80B480C493F
:10B2E0000C4A002302E0D458C4500433C4188C42E2
:10B2F000F9D3094A094C002301E013600432A24249
:10B30000FBD3FCF797F9F8F74BFD704700000020DE
:10B310005802002060BC000858020020140E0020D3
:10B32000FEE77047014B1868704700BF800000209F
:10B33000F8B500BFF8BC08BC9E467047F8B500BF22
:08B34000F8BC08BC9E467047F2
:10B348000030014011000000000C01400100000025
:10B35800000C01400200000000000000AE47E13D83
:10B36800200390011000F401040400000000000014
:10B378000000000014000000020304050607080985
:10B388000A0B0C0D0E0F10100102656E633A6F6BFD
:10B39800206E3D25752F2575207370726561643D9B
:10B3A800252E336620706F733D252E32660D0A00F8
:10B3B8006572723A656E63206E3D25752F2575207E
:10B3C8007370726561643D252E3366206C617374F9
:10B3D8003D25750D0A002C00535445505F444952D1
:10B3E8000055415254002C65763A3100636C006F69
:10B3F8006C002573706F7200257370696E00257379
:10B4080073667400257369776467002573777764BA
:10B41800670025736C70777200312E302E30006211
:10B428006F6F743A7273743D25732066773D257388
:10B438000D0A006572723A6D6F746F725F696E699A
:10B44800743D25640D0A006F6B3A656E0D0A006F36
:10B458006B3A6469730D0A006F6B3A743D252E329E
:10B46800660D0A006F6B3A743D25630D0A006F6B19
:10B478003A6B703D252E34660D0A006F6B3A6B6986
:10B488003D252E34660D0A006F6B3A6B643D252E00
:10B4980034660D0A006F6B3A6F703D25750D0A0012
:10B4A8006F6B3A6F6D3D25750D0A006F6B3A6465D9
:10B4B8006275673D25750D0A006572723A7363619E
:10B4C8006E0D0A006F6B3A7363616E3D252E32660E
:10B4D8002C25632C252E32662C25750D0A006F6BE2
:10B4E8003A7363616E3D252E32662C252E32662C0A
:10B4F800252E32662C25750D0A006F6B3A73746F12
:10B50800700D0A006572723A626164206172672088
:10B5180028763D25672E2E2567290D0A006F6B3A80
:10B52800763D252E31660D0A006572723A626164B5
:10B53800206172672028613D302E2E2567290D0A6B
:10B54800006F6B3A613D252E31660D0A006F6B3A2C
:10B558006972756E3D25750D0A006572723A6E6FD7
:10B56800742072656164790D0A006572723A6261CD
:10B5780064206172670D0A006572723A6170706CBE
:10B5880079206661696C65640D0A006F6B3A6968B9
:10B598006F6C643D25750D0A006F6B3A69637572AF
:10B5A8003D25752C25750D0A006572723A62757312
:10B5B800792073746F70206D6F746F722066697272
:10B5C80073740D0A006F6B3A6D737465703D257561
:10B5D8000D0A006572723A62616420617267202800
:10B5E800312F322F342F382F31362F33322F363434
:10B5F8002F3132382F323536290D0A006D6F6465C8
:10B608003D25732072756E3D257520686F6C643D0D
:10B618002575206D6963726F73746570733D257548
:10B628002072656164793D25750D0A006F6B3A6477
:10B638006961670D0A006F6B3A686F6C643D257528
:10B648000D0A006F6B3A73796E633D25750D0A001C
:10B6580073796E633D257520696E3D2575206F757C
:10B66800743D2575206E3D256C750D0A0065727256
:10B678003A756E6B6E6F776E0D0A006572723A736B
:10B6880074616C6C20636D643D252E3166206D6598
:10B6980061733D252E326620706F733D252E32660C
:10B6A8000D0A0063703A252E32662C74703A252EE6
:10B6B80032662C70653A252E32662C753A252E3462
:10B6C800662C6D3A25732C65633A25752C6B703A98
:10B6D800252E34662C6B693A252E34662C6B643A19
:10B6E800252E34662C763A252E31662C613A252E85
:10B6F80031662C6F663A256C752C6472703A256C2D
:10B708007525730D0A0063703A252E32662C656321
:10B718003A257525730D0A00656E00646973007318
:10B72800746F7000743D2B00743D2D00743D006BE8
:10B73800703D006B693D006B643D00763D00613DE6
:10B74800006F703D006F6D3D0064656275673D0078
:10B758007363616E3D0073796E633D00686F6C645E
:10B768003D0073796E63006F6D00686F6C64006DE7
:10B778006366670064696167006972756E200069B5
:10B78800686F6C6420006963757220006D7374655E
:10B798007020002573002530325820002D2D2D20D3
:10B7A800544D433232303920696E6974202D2D2D65
:10B7B8000D0A00616464723D25752C2064656C6116
:10B7C800793D257575730D0A00696E6974204552B7
:10B7D800523A204946434E5420726561642066619E
:10B7E800696C0D0A00696E69743A204946434E54E3
:10B7F8003D256C750D0A00696E6974204552523AF0
:10B8080020494F494E2072656164206661696C0D5C
:10B818000A00696E69743A20494F494E3D307825CF
:10B8280030386C582056455253494F4E3D30782594
:10B838003032580D0A00696E6974204552523A2018
:10B8480056455253494F4E203078253032582021E2
:10B858003D203078253032580D0A0054583A0054AB
:10B8680058206661696C0D0A0052583A2073743D7D
:10B878002564206E3D25750D0A0052583A00464150
:10B88800494C3A2055415254206572726F720D0A24
:10B89800004641494C3A206E6F2062797465730DF9
:10B8A8000A004641494C3A20435243206D69736D62
:10B8B8006174636820406F66663D25752028676F50
:10B8C80074203078253032582065787020307825FB
:10B8D800303258290D0A004641494C3A20667261B7
:10B8E8006D6520666F756E642062757420435243DF
:10B8F80020696E76616C69640D0A004641494C3ACC
:10B90800206F6E6C79206563686F2C206E6F2054F1
:10B918004D4320726573706F6E73650D0A00464162
:10B92800494C3A203420627974657320627574201A
:10B938006E6F74206563686F2C206E6F2076616C63
:10B948006964206672616D650D0A004641494C3A8A
:10B95800206E6F2076616C6964206672616D652067
:10B96800696E2025752062797465730D0A00494E49
:10B978004600696E66004E414E006E616E003031C1
:10B98800323334353637383941424344454600303E
:10B99800313233343536373839616263646566006D
:10B9A80035000000CEFBFFFFCB03000001000000C4
:10B9B8000000000034000000CEFBFFFFCB030000B6
:10B9C8000100000000000000BC89D897B2D29C3C5E
:10B9D80033A7A8D523F649393DA7F444FD0FA5326E
:10B9E8009D978CCF08BA5B25436FAC642806681115
:10B9F800496E66696E697479004E614E0043005065
:10BA08004F534958002E00000080E03779C3414366
:10BA1800176E05B5B5B89346F5F93FE9034F384DAC
:10BA2800321D30F94877825A3CBF737FDD4F157558
:10BA3800000000000000F03F00000000000024406B
:10BA480000000000000059400000000000408F4046
:10BA5800000000000088C34000000000006AF840B1
:10BA68000000000080842E4100000000D0126341D5
:10BA78000000000084D797410000000065CDCD414B
:10BA8800000000205FA00242000000E8764837422C
:10BA9800000000A2941A6D42000040E59C30A242CA
:10BAA8000000901EC4BCD64200003426F56B0C433F
:10BAB8000080E03779C3414300A0D88557347643E6
:10BAC80000C84E676DC1AB43003D9160E458E14347
:10BAD800408CB5781DAF154450EFE2D6E41A4B44BC
:10BAE80092D54D06CFF08044F64AE1C7022DB54401
:10BAF800B49DD9794378EA44050000001900000094
:10BB08007D000000232D302B2000686C4C006566FA
:10BB1800674546470000202020202020202020289C
:10BB280028282828202020202020202020202020ED
:10BB38002020202020208810101010101010101025
:10BB48001010101010100404040404040404040465
:10BB580010101010101010414141414141010101E4
:10BB680001010101010101010101010101010101BD
:10BB780001101010101010424242424242020202CA
:10BB8800020202020202020202020202020202028D
:10BB9800021010101020000000000000000000003B
:10BBA800000000000000000000000000000000008D
:10BBB800000000000000000000000000000000007D
:10BBC800000000000000000000000000000000006D
:10BBD800000000000000000000000000000000005D
:10BBE800000000000000000000000000000000004D
:10BBF800000000000000000000000000000000003D
:10BC0800000000000000000000000000000000002C
:10BC18000000000000000000666D6F640000000076
:10BC280073717274660000000000000000000000DC
:10BC3800000000000000008000000000000000007C
:10BC480001020304060708090000000001020304BA
:04BC580035010008AA
:04BC5C0011010008CA
:10BC600001000000100000000000FA446666E63B98
:10BC700001000000000000000500000000000000BE
:10BC800000000000000000000000000000000000B4
:10BC900000000000000000000000000000000000A4
:10BCA0000000000000000000FFFFFFFF0100040093
:10BCB000CDCCCC3C000000000000000000000000E3
:10BCC000000000009A9999BF9A99993F00000000DE
:10BCD000010000000000964405FF2C0100015802FD
:10BCE00084000020000000000000000000000000B0
:10BCF0000000000000000000000000000000000044
:10BD00000000000000000000000000000000000033
:10BD10000000000000000000000000000000000023
:10BD20000000000000000000000000000000000013
:10BD30000000000000000000000000000000000003
:10BD400000000000430000000000000000000000B0
:10BD500000000000000000000000000000000000E3
:10BD60000000000043000000000000000000000090
:10BD700000000000000000000000000000000000C3
:10BD80000000000043000000000000000000000070
:10BD900000000000000000000000000000000000A3
:10BDA0000000000043000000000000000000000050
:10BDB0000000000000000000000000000000000083
:10BDC0000000000043000000000000000000000030
:10BDD0000000000000000000000000000000000063
:10BDE0000000000043000000000000000000000010
:10BDF0000000000000000000000000000000000043
:10BE000000000000430000000000000000000000EF
:10BE10000000000000000000000000000000000022
:10BE200000000000C9AD000851A10008000000009A
:10BE30001DBB00080DBA000803B6000803B60008D1
:10BE400003B6000803B6000803B6000803B60008EE
:10BE500003B6000803B6000803B60008FFFFFFFFA3
:10BE6000FFFFFFFFFFFFFFFFFFFF00000100415347
:10BE700043494900000000000000000000000000ED
:10BE8000000000000000000000000000000041531E
:10BE900043494900000000000000000000000000CD
:10BEA0000000000000000000000000000000000092
:08BEB0000100000000127A00FD
:040000050800B2D964
:00000001FF
