ISO-10303-21;
HEADER;
FILE_DESCRIPTION (( 'STEP AP214' ),
    '1' );
FILE_NAME ('Радиатор.STEP',
    '2026-03-29T15:39:04',
    ( '' ),
    ( '' ),
    'SwSTEP 2.0',
    'SolidWorks 2024',
    '' );
FILE_SCHEMA (( 'AUTOMOTIVE_DESIGN' ));
ENDSEC;

DATA;
#1 = LINE ( 'NONE', #3186, #1319 ) ;
#2 = ORIENTED_EDGE ( 'NONE', *, *, #633, .F. ) ;
#3 = DIRECTION ( 'NONE',  ( 1.000000000000000000, -0.000000000000000000, 3.438696916467649099E-15 ) ) ;
#4 = DIRECTION ( 'NONE',  ( 1.000000000000000000, 0.000000000000000000, -0.000000000000000000 ) ) ;
#5 = EDGE_LOOP ( 'NONE', ( #3117, #3317, #2704, #1786 ) ) ;
#6 = ORIENTED_EDGE ( 'NONE', *, *, #856, .F. ) ;
#7 = VECTOR ( 'NONE', #312, 1000.000000000000000 ) ;
#8 = DIRECTION ( 'NONE',  ( 0.000000000000000000, -0.000000000000000000, 1.000000000000000000 ) ) ;
#9 = AXIS2_PLACEMENT_3D ( 'NONE', #235, #1155, #1503 ) ;
#10 = LINE ( 'NONE', #1947, #2501 ) ;
#11 = DIRECTION ( 'NONE',  ( 0.000000000000000000, 1.000000000000000000, 0.000000000000000000 ) ) ;
#12 = VECTOR ( 'NONE', #1588, 1000.000000000000000 ) ;
#13 = CARTESIAN_POINT ( 'NONE',  ( -16.99999999999999645, 0.000000000000000000, 12.00000000000000000 ) ) ;
#14 = VECTOR ( 'NONE', #1217, 1000.000000000000000 ) ;
#15 = ORIENTED_EDGE ( 'NONE', *, *, #1748, .T. ) ;
#16 = ADVANCED_FACE ( 'NONE', ( #1734 ), #1126, .F. ) ;
#17 = LINE ( 'NONE', #3440, #2848 ) ;
#18 = EDGE_CURVE ( 'NONE', #1803, #3693, #3285, .T. ) ;
#19 = VERTEX_POINT ( 'NONE', #2035 ) ;
#20 = VECTOR ( 'NONE', #2549, 1000.000000000000000 ) ;
#21 = DIRECTION ( 'NONE',  ( -0.000000000000000000, -1.000000000000000000, -0.000000000000000000 ) ) ;
#22 = VERTEX_POINT ( 'NONE', #563 ) ;
#23 = AXIS2_PLACEMENT_3D ( 'NONE', #3890, #3201, #494 ) ;
#24 = DIRECTION ( 'NONE',  ( -1.156482317317873105E-15, -0.000000000000000000, -1.000000000000000000 ) ) ;
#25 = DIRECTION ( 'NONE',  ( 0.000000000000000000, 0.000000000000000000, -1.000000000000000000 ) ) ;
#26 = VERTEX_POINT ( 'NONE', #1753 ) ;
#27 = FACE_OUTER_BOUND ( 'NONE', #2611, .T. ) ;
#28 = CARTESIAN_POINT ( 'NONE',  ( 14.00000000000000000, 10.00000000000000000, -11.99999999999999645 ) ) ;
#29 = APPLICATION_PROTOCOL_DEFINITION ( 'draft international standard', 'automotive_design', 1998, #2245 ) ;
#30 = DIRECTION ( 'NONE',  ( -0.000000000000000000, -1.000000000000000000, -0.000000000000000000 ) ) ;
#31 = DIRECTION ( 'NONE',  ( 1.000000000000000000, 0.000000000000000000, 0.000000000000000000 ) ) ;
#32 = DIRECTION ( 'NONE',  ( -1.000000000000000000, -0.000000000000000000, -0.000000000000000000 ) ) ;
#33 = EDGE_LOOP ( 'NONE', ( #816, #3153 ) ) ;
#34 = CARTESIAN_POINT ( 'NONE',  ( 4.591915083468016517E-16, 4.999999999999997335, -4.499999999999998224 ) ) ;
#35 = DIRECTION ( 'NONE',  ( 0.000000000000000000, 0.000000000000000000, -1.000000000000000000 ) ) ;
#36 = EDGE_CURVE ( 'NONE', #4015, #4041, #1799, .T. ) ;
#37 = EDGE_CURVE ( 'NONE', #1582, #1113, #3600, .T. ) ;
#38 = EDGE_CURVE ( 'NONE', #2381, #1118, #1579, .T. ) ;
#39 = ORIENTED_EDGE ( 'NONE', *, *, #2863, .F. ) ;
#40 = DIRECTION ( 'NONE',  ( 1.000000000000000000, 0.000000000000000000, 3.438696916467649493E-15 ) ) ;
#41 = VECTOR ( 'NONE', #1154, 1000.000000000000000 ) ;
#42 = CYLINDRICAL_SURFACE ( 'NONE', #3155, 2.999999999999999112 ) ;
#43 = AXIS2_PLACEMENT_3D ( 'NONE', #1362, #1083, #160 ) ;
#44 = ORIENTED_EDGE ( 'NONE', *, *, #2259, .F. ) ;
#45 = CARTESIAN_POINT ( 'NONE',  ( -13.29999999999999538, 9.000000000000001776, 2.000000000000000888 ) ) ;
#46 = FACE_OUTER_BOUND ( 'NONE', #4031, .T. ) ;
#47 = CARTESIAN_POINT ( 'NONE',  ( -16.99999999999999289, 10.00000000000000000, -8.999999999999998224 ) ) ;
#48 = DIRECTION ( 'NONE',  ( 0.7071067811865444641, 0.7071067811865505703, 2.431525908079535321E-15 ) ) ;
#49 = CARTESIAN_POINT ( 'NONE',  ( 15.00000000000000711, 4.999999999999997335, 3.000000000000005773 ) ) ;
#50 = DIRECTION ( 'NONE',  ( 3.438696916467649493E-15, 0.000000000000000000, -1.000000000000000000 ) ) ;
#51 = EDGE_LOOP ( 'NONE', ( #566, #2265, #916, #1665 ) ) ;
#52 = CARTESIAN_POINT ( 'NONE',  ( -8.249999999999994671, 7.000000000000000000, 15.00000000000000000 ) ) ;
#53 = CARTESIAN_POINT ( 'NONE',  ( 17.00000000000000000, 4.999999999999997335, 10.40000000000000213 ) ) ;
#54 = VERTEX_POINT ( 'NONE', #3576 ) ;
#55 = CARTESIAN_POINT ( 'NONE',  ( -13.99999999999999467, 10.00000000000000000, -11.99999999999999645 ) ) ;
#56 = EDGE_LOOP ( 'NONE', ( #607, #1248, #1415, #2402 ) ) ;
#57 = DIRECTION ( 'NONE',  ( 1.000000000000000000, 0.000000000000000000, 3.061276722312012491E-16 ) ) ;
#58 = ADVANCED_FACE ( 'NONE', ( #1431 ), #819, .F. ) ;
#59 = VECTOR ( 'NONE', #591, 1000.000000000000000 ) ;
#60 = EDGE_LOOP ( 'NONE', ( #1828, #643, #2022, #3585, #3433, #3898 ) ) ;
#61 = DIRECTION ( 'NONE',  ( 1.000000000000000000, 0.000000000000000000, -0.000000000000000000 ) ) ;
#62 = EDGE_CURVE ( 'NONE', #3174, #3220, #1817, .T. ) ;
#63 = DIRECTION ( 'NONE',  ( 0.000000000000000000, 0.000000000000000000, 1.000000000000000000 ) ) ;
#64 = CARTESIAN_POINT ( 'NONE',  ( 11.15000000000000746, 10.00000000000000000, -2.500000000000001332 ) ) ;
#65 = EDGE_CURVE ( 'NONE', #2873, #2485, #272, .T. ) ;
#66 = VECTOR ( 'NONE', #3437, 1000.000000000000000 ) ;
#67 = CARTESIAN_POINT ( 'NONE',  ( 6.150000000000007461, 8.900000000000000355, -2.500000000000001332 ) ) ;
#68 = CARTESIAN_POINT ( 'NONE',  ( -13.99999999999999467, 1.000000000000000888, 15.00000000000000000 ) ) ;
#69 = LINE ( 'NONE', #1277, #3934 ) ;
#70 = ORIENTED_EDGE ( 'NONE', *, *, #1771, .T. ) ;
#71 = AXIS2_PLACEMENT_3D ( 'NONE', #2899, #185, #2597 ) ;
#72 = ORIENTED_EDGE ( 'NONE', *, *, #3548, .F. ) ;
#73 = CIRCLE ( 'NONE', #138, 3.000000000000000888 ) ;
#74 = CYLINDRICAL_SURFACE ( 'NONE', #3305, 2.999999999999999112 ) ;
#75 = CARTESIAN_POINT ( 'NONE',  ( -16.99999999999999645, 5.000000000000000000, -14.99999999999999645 ) ) ;
#76 = AXIS2_PLACEMENT_3D ( 'NONE', #3657, #2805, #4 ) ;
#77 = DIRECTION ( 'NONE',  ( 1.000000000000000000, 0.000000000000000000, 0.000000000000000000 ) ) ;
#78 = ORIENTED_EDGE ( 'NONE', *, *, #948, .F. ) ;
#79 = CARTESIAN_POINT ( 'NONE',  ( 15.00000000000000711, 4.999999999999997335, -2.999999999999995115 ) ) ;
#80 = EDGE_LOOP ( 'NONE', ( #3615, #1500, #2612, #1371 ) ) ;
#81 = AXIS2_PLACEMENT_3D ( 'NONE', #642, #981, #1575 ) ;
#82 = ORIENTED_EDGE ( 'NONE', *, *, #1339, .T. ) ;
#83 = CARTESIAN_POINT ( 'NONE',  ( 6.150000000000007461, 8.900000000000000355, -2.500000000000001332 ) ) ;
#84 = VECTOR ( 'NONE', #1610, 1000.000000000000000 ) ;
#85 = ORIENTED_EDGE ( 'NONE', *, *, #259, .F. ) ;
#86 = DIRECTION ( 'NONE',  ( -1.000000000000000000, 0.000000000000000000, 1.156482317317870344E-15 ) ) ;
#87 = PLANE ( 'NONE',  #2880 ) ;
#88 = PLANE ( 'NONE',  #936 ) ;
#89 = ORIENTED_EDGE ( 'NONE', *, *, #3076, .F. ) ;
#90 = EDGE_CURVE ( 'NONE', #2881, #3633, #3935, .T. ) ;
#91 = ADVANCED_FACE ( 'NONE', ( #840 ), #2715, .F. ) ;
#92 = FACE_OUTER_BOUND ( 'NONE', #3880, .T. ) ;
#93 = EDGE_CURVE ( 'NONE', #1471, #843, #3955, .T. ) ;
#94 = CARTESIAN_POINT ( 'NONE',  ( -19.99999999999999645, 4.999999999999997335, -11.99999999999997691 ) ) ;
#95 = CARTESIAN_POINT ( 'NONE',  ( -3.049999999999995826, 10.00000000000000000, 2.000000000000000888 ) ) ;
#96 = ORIENTED_EDGE ( 'NONE', *, *, #2425, .T. ) ;
#97 = CARTESIAN_POINT ( 'NONE',  ( -4.470305991407944065E-14, -0.000000000000000000, -13.00000000000000178 ) ) ;
#98 = CARTESIAN_POINT ( 'NONE',  ( -16.99999999999999645, 7.000000000000000000, 9.999999999999998224 ) ) ;
#99 = ORIENTED_EDGE ( 'NONE', *, *, #2184, .T. ) ;
#100 = DIRECTION ( 'NONE',  ( 1.000000000000000000, 0.000000000000000000, 3.438696916467649099E-15 ) ) ;
#101 = ORIENTED_EDGE ( 'NONE', *, *, #3146, .T. ) ;
#102 = CARTESIAN_POINT ( 'NONE',  ( -1.711388511667927443E-14, 4.999999999999997335, -5.000000000000000888 ) ) ;
#103 = VERTEX_POINT ( 'NONE', #248 ) ;
#104 = LINE ( 'NONE', #3881, #3445 ) ;
#105 = AXIS2_PLACEMENT_3D ( 'NONE', #2145, #3052, #1481 ) ;
#106 = LINE ( 'NONE', #2292, #663 ) ;
#107 = LINE ( 'NONE', #3492, #2884 ) ;
#108 = VERTEX_POINT ( 'NONE', #2735 ) ;
#109 = PLANE ( 'NONE',  #2621 ) ;
#110 = ADVANCED_FACE ( 'NONE', ( #3975 ), #3669, .F. ) ;
#111 = CARTESIAN_POINT ( 'NONE',  ( 13.99999999999999822, 1.000000000000000888, 9.000000000000049738 ) ) ;
#112 = ORIENTED_EDGE ( 'NONE', *, *, #3753, .T. ) ;
#113 = ORIENTED_EDGE ( 'NONE', *, *, #2312, .F. ) ;
#114 = DIRECTION ( 'NONE',  ( 1.000000000000000000, 0.000000000000000000, 0.000000000000000000 ) ) ;
#115 = EDGE_CURVE ( 'NONE', #1244, #3877, #1515, .T. ) ;
#116 = CARTESIAN_POINT ( 'NONE',  ( -29.02498439450084433, 16.02498439450096157, -10.99999999999990052 ) ) ;
#117 = EDGE_CURVE ( 'NONE', #2330, #912, #904, .T. ) ;
#118 = ORIENTED_EDGE ( 'NONE', *, *, #2369, .T. ) ;
#119 = CARTESIAN_POINT ( 'NONE',  ( -13.99999999999999467, 1.000000000000007772, -15.00000000000000000 ) ) ;
#120 = ORIENTED_EDGE ( 'NONE', *, *, #3783, .F. ) ;
#121 = ORIENTED_EDGE ( 'NONE', *, *, #1286, .T. ) ;
#122 = LINE ( 'NONE', #1416, #3406 ) ;
#123 = VERTEX_POINT ( 'NONE', #2456 ) ;
#124 = DIRECTION ( 'NONE',  ( -0.000000000000000000, -1.000000000000000000, -0.000000000000000000 ) ) ;
#125 = CARTESIAN_POINT ( 'NONE',  ( -29.02498439450085144, 16.02498439450096157, 12.99999999999990052 ) ) ;
#126 = CARTESIAN_POINT ( 'NONE',  ( -3.782566608114415034E-14, 45.04996878900156787, -11.00000000000000178 ) ) ;
#127 = AXIS2_PLACEMENT_3D ( 'NONE', #441, #3233, #1352 ) ;
#128 = ORIENTED_EDGE ( 'NONE', *, *, #3859, .F. ) ;
#129 = DIRECTION ( 'NONE',  ( 1.156482317317873105E-15, 0.000000000000000000, 1.000000000000000000 ) ) ;
#130 = CARTESIAN_POINT ( 'NONE',  ( 14.00000000000000000, 1.000000000000000888, 13.00000000000004974 ) ) ;
#131 = ORIENTED_EDGE ( 'NONE', *, *, #3753, .F. ) ;
#132 = VERTEX_POINT ( 'NONE', #3138 ) ;
#133 = ORIENTED_EDGE ( 'NONE', *, *, #1047, .F. ) ;
#134 = CARTESIAN_POINT ( 'NONE',  ( 13.00000000000000888, 0.000000000000000000, -11.00000000000004619 ) ) ;
#135 = VECTOR ( 'NONE', #2296, 1000.000000000000000 ) ;
#136 = DIRECTION ( 'NONE',  ( -3.438696916467649099E-15, 0.000000000000000000, -1.000000000000000000 ) ) ;
#137 = EDGE_CURVE ( 'NONE', #2441, #3375, #598, .T. ) ;
#138 = AXIS2_PLACEMENT_3D ( 'NONE', #3864, #3840, #381 ) ;
#139 = EDGE_CURVE ( 'NONE', #2215, #590, #1380, .T. ) ;
#140 = EDGE_LOOP ( 'NONE', ( #2188, #291, #2380, #2492, #1954, #646, #121, #575, #2084 ) ) ;
#141 = CARTESIAN_POINT ( 'NONE',  ( 16.50000000000000711, 4.999999999999997335, -2.999999999999995115 ) ) ;
#142 = EDGE_CURVE ( 'NONE', #1860, #3249, #3508, .T. ) ;
#143 = VERTEX_POINT ( 'NONE', #1623 ) ;
#144 = VECTOR ( 'NONE', #190, 1000.000000000000000 ) ;
#145 = VERTEX_POINT ( 'NONE', #1308 ) ;
#146 = CARTESIAN_POINT ( 'NONE',  ( -4.470305991407944065E-14, 4.999999999999997335, -13.00000000000000178 ) ) ;
#147 = VERTEX_POINT ( 'NONE', #3214 ) ;
#148 = VECTOR ( 'NONE', #1233, 1000.000000000000000 ) ;
#149 = DIRECTION ( 'NONE',  ( -0.7071067811865505703, 0.7071067811865444641, 0.000000000000000000 ) ) ;
#150 = CARTESIAN_POINT ( 'NONE',  ( -9.299999999999995381, 10.00000000000000000, -0.9999999999999991118 ) ) ;
#151 = AXIS2_PLACEMENT_3D ( 'NONE', #1819, #584, #1152 ) ;
#152 = EDGE_LOOP ( 'NONE', ( #1968, #542, #2675, #1443, #2196, #3757 ) ) ;
#153 = ORIENTED_EDGE ( 'NONE', *, *, #1363, .F. ) ;
#154 = EDGE_LOOP ( 'NONE', ( #1108, #1199, #1219, #2399, #604, #1142, #1031, #168, #1185, #640, #1480, #82, #1467, #1300, #1444, #1171, #812, #2289, #2427, #2512 ) ) ;
#155 = DIRECTION ( 'NONE',  ( 1.000000000000000000, -0.000000000000000000, 3.426756996618803558E-15 ) ) ;
#156 = CARTESIAN_POINT ( 'NONE',  ( 16.50000000000000711, 31.00000000000000000, 3.000000000000005329 ) ) ;
#157 = ORIENTED_EDGE ( 'NONE', *, *, #1595, .T. ) ;
#158 = DIRECTION ( 'NONE',  ( 0.000000000000000000, 0.000000000000000000, 1.000000000000000000 ) ) ;
#159 = VERTEX_POINT ( 'NONE', #1944 ) ;
#160 = DIRECTION ( 'NONE',  ( 1.445602896647341875E-16, 0.000000000000000000, 1.000000000000000000 ) ) ;
#161 = LINE ( 'NONE', #799, #3029 ) ;
#162 = ORIENTED_EDGE ( 'NONE', *, *, #1645, .F. ) ;
#163 = CARTESIAN_POINT ( 'NONE',  ( 17.00000000000000000, 7.000000000000000000, 12.00000000000000355 ) ) ;
#164 = EDGE_CURVE ( 'NONE', #3544, #502, #2224, .T. ) ;
#165 = EDGE_CURVE ( 'NONE', #452, #2282, #401, .T. ) ;
#166 = DIRECTION ( 'NONE',  ( 0.000000000000000000, 0.000000000000000000, 1.000000000000000000 ) ) ;
#167 = EDGE_LOOP ( 'NONE', ( #482, #1729, #1651, #1851 ) ) ;
#168 = ORIENTED_EDGE ( 'NONE', *, *, #669, .T. ) ;
#169 = DIRECTION ( 'NONE',  ( 0.000000000000000000, 0.000000000000000000, 1.000000000000000000 ) ) ;
#170 = DIRECTION ( 'NONE',  ( -1.000000000000000000, 0.000000000000000000, 0.000000000000000000 ) ) ;
#171 = ORIENTED_EDGE ( 'NONE', *, *, #2587, .F. ) ;
#172 = ORIENTED_EDGE ( 'NONE', *, *, #1716, .T. ) ;
#173 = ORIENTED_EDGE ( 'NONE', *, *, #1221, .F. ) ;
#174 = ORIENTED_EDGE ( 'NONE', *, *, #1316, .T. ) ;
#175 = ORIENTED_EDGE ( 'NONE', *, *, #3756, .F. ) ;
#176 = AXIS2_PLACEMENT_3D ( 'NONE', #2161, #4023, #1279 ) ;
#177 =( NAMED_UNIT ( * ) SI_UNIT ( $, .STERADIAN. ) SOLID_ANGLE_UNIT ( ) );
#178 = ORIENTED_EDGE ( 'NONE', *, *, #2959, .F. ) ;
#179 = DIRECTION ( 'NONE',  ( -0.7071067811865505703, 0.7071067811865444641, 4.088782444489021367E-16 ) ) ;
#180 = DIRECTION ( 'NONE',  ( -0.000000000000000000, -1.000000000000000000, -0.000000000000000000 ) ) ;
#181 = DIRECTION ( 'NONE',  ( 0.000000000000000000, 0.000000000000000000, 1.000000000000000000 ) ) ;
#182 = CARTESIAN_POINT ( 'NONE',  ( -29.02498439450084788, 16.02498439450095091, 8.999999999999900524 ) ) ;
#183 = LINE ( 'NONE', #116, #1653 ) ;
#184 = VERTEX_POINT ( 'NONE', #2832 ) ;
#185 = DIRECTION ( 'NONE',  ( -0.000000000000000000, -1.000000000000000000, -0.000000000000000000 ) ) ;
#186 = DIRECTION ( 'NONE',  ( -1.000000000000000000, -0.000000000000000000, -0.000000000000000000 ) ) ;
#187 = VERTEX_POINT ( 'NONE', #3194 ) ;
#188 = DIRECTION ( 'NONE',  ( -0.000000000000000000, 1.000000000000000000, -0.000000000000000000 ) ) ;
#189 = VERTEX_POINT ( 'NONE', #3998 ) ;
#190 = DIRECTION ( 'NONE',  ( -2.891205793294678326E-16, 0.000000000000000000, 1.000000000000000000 ) ) ;
#191 = ORIENTED_EDGE ( 'NONE', *, *, #856, .T. ) ;
#192 = ORIENTED_EDGE ( 'NONE', *, *, #3783, .T. ) ;
#193 = EDGE_LOOP ( 'NONE', ( #2295, #2825, #3620, #976, #131, #3332, #1810, #2061 ) ) ;
#194 = ADVANCED_FACE ( 'NONE', ( #27 ), #1012, .F. ) ;
#195 = VECTOR ( 'NONE', #1600, 1000.000000000000000 ) ;
#196 = CARTESIAN_POINT ( 'NONE',  ( -13.99999999999999467, 7.000000000000000000, -11.99999999999999645 ) ) ;
#197 = EDGE_CURVE ( 'NONE', #1131, #3269, #2524, .T. ) ;
#198 = DIRECTION ( 'NONE',  ( -0.000000000000000000, -1.000000000000000000, -0.000000000000000000 ) ) ;
#199 = DIRECTION ( 'NONE',  ( 0.7071067811865500152, 0.7071067811865451302, -8.177564888978035832E-16 ) ) ;
#200 = DIRECTION ( 'NONE',  ( 1.000000000000000000, 0.000000000000000000, -0.000000000000000000 ) ) ;
#201 = CARTESIAN_POINT ( 'NONE',  ( -12.99999999999999467, 0.000000000000000000, -15.00000000000000000 ) ) ;
#202 = DIRECTION ( 'NONE',  ( 1.000000000000000000, 0.000000000000000000, -1.156482317317873105E-15 ) ) ;
#203 = VERTEX_POINT ( 'NONE', #423 ) ;
#204 = FACE_OUTER_BOUND ( 'NONE', #3193, .T. ) ;
#205 = EDGE_LOOP ( 'NONE', ( #2028, #2448, #1951, #1460, #2767, #3091, #2326 ) ) ;
#206 = DIRECTION ( 'NONE',  ( -0.000000000000000000, -0.000000000000000000, 1.000000000000000000 ) ) ;
#207 = VERTEX_POINT ( 'NONE', #2270 ) ;
#208 = DIRECTION ( 'NONE',  ( -1.000000000000000000, 0.000000000000000000, 0.000000000000000000 ) ) ;
#209 = AXIS2_PLACEMENT_3D ( 'NONE', #2155, #621, #2100 ) ;
#210 = ORIENTED_EDGE ( 'NONE', *, *, #3778, .F. ) ;
#211 = EDGE_LOOP ( 'NONE', ( #3507, #2468, #1161, #1060 ) ) ;
#212 = CARTESIAN_POINT ( 'NONE',  ( -15.20096189432330647, 4.999999999999997335, -4.999999999999948486 ) ) ;
#213 = VECTOR ( 'NONE', #180, 1000.000000000000000 ) ;
#214 = ORIENTED_EDGE ( 'NONE', *, *, #2567, .T. ) ;
#215 = CARTESIAN_POINT ( 'NONE',  ( -16.99999999999999289, 10.00000000000000000, -11.99999999999999645 ) ) ;
#216 = VERTEX_POINT ( 'NONE', #969 ) ;
#217 = VERTEX_POINT ( 'NONE', #3447 ) ;
#218 = EDGE_LOOP ( 'NONE', ( #593, #243, #3486, #2333 ) ) ;
#219 = VECTOR ( 'NONE', #3743, 1000.000000000000000 ) ;
#220 = ORIENTED_EDGE ( 'NONE', *, *, #3477, .F. ) ;
#221 = CARTESIAN_POINT ( 'NONE',  ( -13.29999999999999538, 9.000000000000001776, -0.9999999999999991118 ) ) ;
#222 = AXIS2_PLACEMENT_3D ( 'NONE', #1824, #1840, #545 ) ;
#223 = EDGE_CURVE ( 'NONE', #2345, #1766, #3175, .T. ) ;
#224 = EDGE_CURVE ( 'NONE', #480, #3544, #1775, .T. ) ;
#225 = DIRECTION ( 'NONE',  ( 0.000000000000000000, 1.000000000000000000, 0.000000000000000000 ) ) ;
#226 = EDGE_CURVE ( 'NONE', #3247, #1168, #662, .T. ) ;
#227 = DIRECTION ( 'NONE',  ( 0.000000000000000000, 0.000000000000000000, -1.000000000000000000 ) ) ;
#228 = AXIS2_PLACEMENT_3D ( 'NONE', #1801, #254, #2125 ) ;
#229 = DIRECTION ( 'NONE',  ( 0.000000000000000000, -0.000000000000000000, 1.000000000000000000 ) ) ;
#230 = CARTESIAN_POINT ( 'NONE',  ( 8.250000000000003553, 0.000000000000000000, 20.00000000000000000 ) ) ;
#231 = CARTESIAN_POINT ( 'NONE',  ( 15.00000000000000711, 6.999999999999999112, -2.999999999999995115 ) ) ;
#232 = EDGE_CURVE ( 'NONE', #2634, #123, #380, .T. ) ;
#233 = VERTEX_POINT ( 'NONE', #706 ) ;
#234 = CARTESIAN_POINT ( 'NONE',  ( -13.29999999999999538, 9.000000000000001776, -0.9999999999999991118 ) ) ;
#235 = CARTESIAN_POINT ( 'NONE',  ( 4.250000000000003553, 0.000000000000000000, -11.49999999999999822 ) ) ;
#236 = EDGE_LOOP ( 'NONE', ( #3300, #680, #220, #2007 ) ) ;
#237 = CARTESIAN_POINT ( 'NONE',  ( 6.150000000000007461, 10.00000000000000000, 2.499999999999998668 ) ) ;
#238 = EDGE_LOOP ( 'NONE', ( #369, #3376, #2324, #3505, #2444, #2301, #1340, #96, #2730, #120 ) ) ;
#239 = DIRECTION ( 'NONE',  ( 0.000000000000000000, -0.000000000000000000, 1.000000000000000000 ) ) ;
#240 = EDGE_LOOP ( 'NONE', ( #2477, #3051, #1434, #400, #433, #1882 ) ) ;
#241 = DIRECTION ( 'NONE',  ( 0.000000000000000000, 0.000000000000000000, -1.000000000000000000 ) ) ;
#242 = ORIENTED_EDGE ( 'NONE', *, *, #3545, .T. ) ;
#243 = ORIENTED_EDGE ( 'NONE', *, *, #2394, .T. ) ;
#244 = ORIENTED_EDGE ( 'NONE', *, *, #1398, .T. ) ;
#245 = CARTESIAN_POINT ( 'NONE',  ( -14.00000000000000000, 5.000000000000000000, 10.99999999999995026 ) ) ;
#246 = CARTESIAN_POINT ( 'NONE',  ( 20.00000000000000355, 7.000000000000000000, -11.99999999999997868 ) ) ;
#247 = LINE ( 'NONE', #2734, #2820 ) ;
#248 = CARTESIAN_POINT ( 'NONE',  ( -7.049999999999997158, 7.000000000000000000, 2.000000000000001776 ) ) ;
#249 = ADVANCED_FACE ( 'NONE', ( #987 ), #2581, .F. ) ;
#250 = EDGE_LOOP ( 'NONE', ( #3314, #2082, #153, #1833 ) ) ;
#251 = EDGE_CURVE ( 'NONE', #2033, #790, #2560, .T. ) ;
#252 = DIRECTION ( 'NONE',  ( 0.000000000000000000, -0.000000000000000000, 1.000000000000000000 ) ) ;
#253 = ADVANCED_FACE ( 'NONE', ( #2249 ), #2885, .F. ) ;
#254 = DIRECTION ( 'NONE',  ( -0.7071067811865464625, 0.7071067811865485719, 1.022195611122249672E-16 ) ) ;
#255 = ORIENTED_EDGE ( 'NONE', *, *, #1175, .F. ) ;
#256 = EDGE_CURVE ( 'NONE', #1160, #2731, #2601, .T. ) ;
#257 = FACE_OUTER_BOUND ( 'NONE', #3540, .T. ) ;
#258 = PLANE ( 'NONE',  #3788 ) ;
#259 = EDGE_CURVE ( 'NONE', #1766, #1885, #1629, .T. ) ;
#260 = DIRECTION ( 'NONE',  ( -5.782411586589365527E-16, 0.000000000000000000, -1.000000000000000000 ) ) ;
#261 = AXIS2_PLACEMENT_3D ( 'NONE', #1496, #905, #3381 ) ;
#262 = ORIENTED_EDGE ( 'NONE', *, *, #606, .T. ) ;
#263 = FACE_OUTER_BOUND ( 'NONE', #616, .T. ) ;
#264 = FACE_OUTER_BOUND ( 'NONE', #80, .T. ) ;
#265 = ORIENTED_EDGE ( 'NONE', *, *, #37, .F. ) ;
#266 = VERTEX_POINT ( 'NONE', #3252 ) ;
#267 = DIRECTION ( 'NONE',  ( 0.000000000000000000, 0.000000000000000000, 1.000000000000000000 ) ) ;
#268 = DIRECTION ( 'NONE',  ( -0.000000000000000000, -1.000000000000000000, -0.000000000000000000 ) ) ;
#269 = ORIENTED_EDGE ( 'NONE', *, *, #2369, .F. ) ;
#270 = DIRECTION ( 'NONE',  ( 0.000000000000000000, 0.000000000000000000, -1.000000000000000000 ) ) ;
#271 = VECTOR ( 'NONE', #1209, 1000.000000000000000 ) ;
#272 = LINE ( 'NONE', #1450, #615 ) ;
#273 = CARTESIAN_POINT ( 'NONE',  ( -16.50000000000000711, 1.500000000000025535, 5.750000000000000888 ) ) ;
#274 = DIRECTION ( 'NONE',  ( 1.000000000000000000, 0.000000000000000000, 0.000000000000000000 ) ) ;
#275 = VECTOR ( 'NONE', #124, 1000.000000000000000 ) ;
#276 = ORIENTED_EDGE ( 'NONE', *, *, #823, .T. ) ;
#277 = DIRECTION ( 'NONE',  ( 0.7071067811865485719, 0.7071067811865465735, 2.420268843690292097E-15 ) ) ;
#278 = ORIENTED_EDGE ( 'NONE', *, *, #849, .T. ) ;
#279 = DIRECTION ( 'NONE',  ( 0.000000000000000000, 0.000000000000000000, 1.000000000000000000 ) ) ;
#280 = EDGE_CURVE ( 'NONE', #1635, #2209, #2663, .T. ) ;
#281 = EDGE_CURVE ( 'NONE', #1680, #1582, #1726, .T. ) ;
#282 = EDGE_CURVE ( 'NONE', #701, #1860, #2310, .T. ) ;
#283 = ORIENTED_EDGE ( 'NONE', *, *, #2390, .F. ) ;
#284 = FACE_BOUND ( 'NONE', #685, .T. ) ;
#285 = VECTOR ( 'NONE', #31, 1000.000000000000000 ) ;
#286 = DIRECTION ( 'NONE',  ( -1.000000000000000000, 0.000000000000000000, -2.040851148208007752E-16 ) ) ;
#287 = ORIENTED_EDGE ( 'NONE', *, *, #2450, .T. ) ;
#288 = CLOSED_SHELL ( 'NONE', ( #1802, #306, #648, #2315, #2588, #1621, #1173, #2770, #2691, #3048, #2063, #1360, #2516, #3408, #3775, #3215, #3237, #1823, #1672, #91, #769, #2746, #1311, #3991, #3705, #3522, #1101, #2797, #2935, #1739, #1043, #2066, #253, #3987, #3963, #2932, #694, #2213, #1174, #1940, #3047, #3851, #2744, #1261, #2964, #525, #1915, #3704, #3188, #399, #721, #1720, #3066, #3102, #3655, #3601, #1078, #3266, #902, #58, #1769, #3960, #2909, #3140, #1549, #110, #249, #3340, #1502, #3257, #16, #2207, #3853, #2987, #2839, #1987, #2334, #194, #1957, #973, #883, #3659, #693, #373, #1284, #3665, #3940, #647, #559, #3021, #3360, #880, #1872, #696, #852, #3388, #2649, #422, #2422, #1641, #2813, #1566, #3684, #3532, #3553, #2722, #3520, #2860, #2451, #2122, #1424, #3630, #2092, #1527, #1095, #1421, #2013, #2515, #3807, #3289, #3832, #327, #1068, #2772, #2203 ) ) ;
#289 = ORIENTED_EDGE ( 'NONE', *, *, #3409, .T. ) ;
#290 = VECTOR ( 'NONE', #1876, 1000.000000000000000 ) ;
#291 = ORIENTED_EDGE ( 'NONE', *, *, #3756, .T. ) ;
#292 = LINE ( 'NONE', #917, #3398 ) ;
#293 = VECTOR ( 'NONE', #2314, 1000.000000000000000 ) ;
#294 = CARTESIAN_POINT ( 'NONE',  ( 15.00000000000000711, 31.00000000000000000, 3.000000000000005773 ) ) ;
#295 = CARTESIAN_POINT ( 'NONE',  ( -13.99999999999999822, 10.00000000000000000, 12.00000000000000355 ) ) ;
#296 = AXIS2_PLACEMENT_3D ( 'NONE', #361, #2828, #25 ) ;
#297 = CARTESIAN_POINT ( 'NONE',  ( -19.99999999999999645, 4.999999999999997335, 0.000000000000000000 ) ) ;
#298 = CARTESIAN_POINT ( 'NONE',  ( -16.50000000000000355, 1.500000000000018652, -5.750000000000000000 ) ) ;
#299 = AXIS2_PLACEMENT_3D ( 'NONE', #1453, #274, #517 ) ;
#300 = VERTEX_POINT ( 'NONE', #1094 ) ;
#301 = CARTESIAN_POINT ( 'NONE',  ( 6.750000000000004441, 31.00000000000000000, 9.999999999999998224 ) ) ;
#302 = AXIS2_PLACEMENT_3D ( 'NONE', #1650, #1731, #2973 ) ;
#303 = DIRECTION ( 'NONE',  ( -1.000000000000000000, 0.000000000000000000, -0.000000000000000000 ) ) ;
#304 = ORIENTED_EDGE ( 'NONE', *, *, #1151, .T. ) ;
#305 = CARTESIAN_POINT ( 'NONE',  ( -13.99999999999999467, 10.00000000000000000, -11.99999999999999645 ) ) ;
#306 = ADVANCED_FACE ( 'NONE', ( #462 ), #2945, .F. ) ;
#307 = EDGE_CURVE ( 'NONE', #3354, #3800, #1374, .T. ) ;
#308 = DIRECTION ( 'NONE',  ( 1.000000000000000000, -0.000000000000000000, 0.000000000000000000 ) ) ;
#309 = EDGE_LOOP ( 'NONE', ( #3282, #855, #2067, #2940, #3718, #1054 ) ) ;
#310 = ORIENTED_EDGE ( 'NONE', *, *, #530, .F. ) ;
#311 = ORIENTED_EDGE ( 'NONE', *, *, #3548, .T. ) ;
#312 = DIRECTION ( 'NONE',  ( -0.000000000000000000, -1.000000000000000000, -0.000000000000000000 ) ) ;
#313 = CARTESIAN_POINT ( 'NONE',  ( 15.00000000000000533, 31.00000000000000000, 3.000000000000005329 ) ) ;
#314 = DIRECTION ( 'NONE',  ( 0.000000000000000000, 0.000000000000000000, -1.000000000000000000 ) ) ;
#315 = PLANE ( 'NONE',  #3534 ) ;
#316 = ORIENTED_EDGE ( 'NONE', *, *, #2823, .F. ) ;
#317 = LINE ( 'NONE', #1859, #1875 ) ;
#318 = DIRECTION ( 'NONE',  ( 1.000000000000000000, 0.000000000000000000, -5.782411586589365527E-16 ) ) ;
#319 = ORIENTED_EDGE ( 'NONE', *, *, #2311, .F. ) ;
#320 = DIRECTION ( 'NONE',  ( -0.000000000000000000, -1.000000000000000000, -0.000000000000000000 ) ) ;
#321 = CARTESIAN_POINT ( 'NONE',  ( 14.00000000000000000, -26.00000000000000000, -11.99999999999999645 ) ) ;
#322 = ORIENTED_EDGE ( 'NONE', *, *, #3451, .F. ) ;
#323 = VERTEX_POINT ( 'NONE', #1051 ) ;
#324 = EDGE_LOOP ( 'NONE', ( #2552, #3821, #827, #1457, #3719, #2751 ) ) ;
#325 = CARTESIAN_POINT ( 'NONE',  ( -16.99999999999999289, 7.000000000000000000, 12.00000000000000355 ) ) ;
#326 = VERTEX_POINT ( 'NONE', #831 ) ;
#327 = ADVANCED_FACE ( 'NONE', ( #1985 ), #2378, .F. ) ;
#328 = CARTESIAN_POINT ( 'NONE',  ( 13.00000000000000888, 0.000000000000000000, 11.00000000000004619 ) ) ;
#329 = EDGE_CURVE ( 'NONE', #187, #3269, #3863, .T. ) ;
#330 = CARTESIAN_POINT ( 'NONE',  ( 15.00000000000000533, 4.999999999999997335, 1.000000000000051958 ) ) ;
#331 = FACE_OUTER_BOUND ( 'NONE', #1630, .T. ) ;
#332 = VERTEX_POINT ( 'NONE', #1114 ) ;
#333 = DIRECTION ( 'NONE',  ( 3.438696916467649493E-15, 0.000000000000000000, -1.000000000000000000 ) ) ;
#334 = AXIS2_PLACEMENT_3D ( 'NONE', #3373, #1525, #4029 ) ;
#335 = PLANE ( 'NONE',  #3799 ) ;
#336 = EDGE_LOOP ( 'NONE', ( #2558, #4025, #2907, #3462, #952, #3628, #2377, #2604, #786, #1509, #2763, #1749 ) ) ;
#337 = LINE ( 'NONE', #3154, #1760 ) ;
#338 = CARTESIAN_POINT ( 'NONE',  ( -16.99999999999999289, 5.000000000000000000, 15.00000000000000533 ) ) ;
#339 = ORIENTED_EDGE ( 'NONE', *, *, #475, .F. ) ;
#340 = CARTESIAN_POINT ( 'NONE',  ( -7.049999999999997158, 7.000000000000000000, -0.9999999999999991118 ) ) ;
#341 = VECTOR ( 'NONE', #989, 1000.000000000000114 ) ;
#342 = DIRECTION ( 'NONE',  ( -0.000000000000000000, -1.000000000000000000, -0.000000000000000000 ) ) ;
#343 = AXIS2_PLACEMENT_3D ( 'NONE', #2021, #1413, #759 ) ;
#344 = VECTOR ( 'NONE', #3781, 1000.000000000000000 ) ;
#345 = FACE_OUTER_BOUND ( 'NONE', #2738, .T. ) ;
#346 = LINE ( 'NONE', #2156, #2877 ) ;
#347 = EDGE_CURVE ( 'NONE', #1885, #547, #1400, .T. ) ;
#348 = VECTOR ( 'NONE', #2867, 1000.000000000000000 ) ;
#349 = EDGE_CURVE ( 'NONE', #2864, #1235, #104, .T. ) ;
#350 = LINE ( 'NONE', #3164, #1791 ) ;
#351 = EDGE_CURVE ( 'NONE', #3523, #207, #787, .T. ) ;
#352 = VECTOR ( 'NONE', #1959, 1000.000000000000000 ) ;
#353 = VERTEX_POINT ( 'NONE', #1440 ) ;
#354 = DIRECTION ( 'NONE',  ( 0.000000000000000000, 1.000000000000000000, 0.000000000000000000 ) ) ;
#355 = CIRCLE ( 'NONE', #151, 1.499999999999999556 ) ;
#356 = PLANE ( 'NONE',  #81 ) ;
#357 = EDGE_CURVE ( 'NONE', #1546, #147, #1297, .T. ) ;
#358 = EDGE_LOOP ( 'NONE', ( #3533, #457, #1904, #173 ) ) ;
#359 =( GEOMETRIC_REPRESENTATION_CONTEXT ( 3 ) GLOBAL_UNCERTAINTY_ASSIGNED_CONTEXT ( ( #488 ) ) GLOBAL_UNIT_ASSIGNED_CONTEXT ( ( #620, #667, #3105 ) ) REPRESENTATION_CONTEXT ( 'NONE', 'WORKASPACE' ) );
#360 = LINE ( 'NONE', #3816, #2152 ) ;
#361 = CARTESIAN_POINT ( 'NONE',  ( -19.99999999999999645, 7.000000000000000000, -11.99999999999997691 ) ) ;
#362 = VERTEX_POINT ( 'NONE', #2290 ) ;
#363 = DIRECTION ( 'NONE',  ( -1.000000000000000000, -0.000000000000000000, -0.000000000000000000 ) ) ;
#364 = DIRECTION ( 'NONE',  ( 1.000000000000000000, 0.000000000000000000, -3.438696916467649099E-15 ) ) ;
#365 = DIRECTION ( 'NONE',  ( -0.000000000000000000, -1.000000000000000000, -0.000000000000000000 ) ) ;
#366 = DIRECTION ( 'NONE',  ( -0.000000000000000000, -1.000000000000000000, -0.000000000000000000 ) ) ;
#367 = FACE_OUTER_BOUND ( 'NONE', #3008, .T. ) ;
#368 = DIRECTION ( 'NONE',  ( 1.000000000000000000, 0.000000000000000000, 5.782411586589345806E-16 ) ) ;
#369 = ORIENTED_EDGE ( 'NONE', *, *, #2641, .F. ) ;
#370 = DIRECTION ( 'NONE',  ( -2.040851148208007998E-16, 0.000000000000000000, 1.000000000000000000 ) ) ;
#371 = EDGE_CURVE ( 'NONE', #912, #159, #1367, .T. ) ;
#372 = CARTESIAN_POINT ( 'NONE',  ( 17.00000000000000000, 7.000000000000000000, -13.59999999999999964 ) ) ;
#373 = ADVANCED_FACE ( 'NONE', ( #3587 ), #746, .F. ) ;
#374 = ORIENTED_EDGE ( 'NONE', *, *, #923, .F. ) ;
#375 = LINE ( 'NONE', #393, #789 ) ;
#376 = EDGE_CURVE ( 'NONE', #2094, #934, #810, .T. ) ;
#377 = ORIENTED_EDGE ( 'NONE', *, *, #1479, .T. ) ;
#378 = CYLINDRICAL_SURFACE ( 'NONE', #2297, 1.500000000000000444 ) ;
#379 = VERTEX_POINT ( 'NONE', #507 ) ;
#380 = LINE ( 'NONE', #2537, #3642 ) ;
#381 = DIRECTION ( 'NONE',  ( 0.000000000000000000, 0.000000000000000000, 1.000000000000000000 ) ) ;
#382 = LINE ( 'NONE', #47, #2559 ) ;
#383 = AXIS2_PLACEMENT_3D ( 'NONE', #1239, #2545, #1856 ) ;
#384 = ORIENTED_EDGE ( 'NONE', *, *, #18, .T. ) ;
#385 = FACE_OUTER_BOUND ( 'NONE', #910, .T. ) ;
#386 = PLANE ( 'NONE',  #613 ) ;
#387 = CARTESIAN_POINT ( 'NONE',  ( 17.00000000000000000, 10.00000000000000000, 12.00000000000000355 ) ) ;
#388 = ORIENTED_EDGE ( 'NONE', *, *, #2097, .T. ) ;
#389 = LINE ( 'NONE', #2513, #1931 ) ;
#390 = LINE ( 'NONE', #1921, #3026 ) ;
#391 = CARTESIAN_POINT ( 'NONE',  ( -16.99999999999999289, 10.00000000000000000, 9.000000000000001776 ) ) ;
#392 = ORIENTED_EDGE ( 'NONE', *, *, #3143, .F. ) ;
#393 = CARTESIAN_POINT ( 'NONE',  ( -5.664213562373085153, 45.04996878900156787, -10.99999999999998224 ) ) ;
#394 = EDGE_CURVE ( 'NONE', #3773, #1813, #1568, .T. ) ;
#395 = EDGE_CURVE ( 'NONE', #1409, #3854, #1847, .T. ) ;
#396 = ORIENTED_EDGE ( 'NONE', *, *, #1874, .T. ) ;
#397 = DIRECTION ( 'NONE',  ( 0.000000000000000000, 0.000000000000000000, 1.000000000000000000 ) ) ;
#398 = CIRCLE ( 'NONE', #1238, 1.500000000000000444 ) ;
#399 = ADVANCED_FACE ( 'NONE', ( #263 ), #2087, .F. ) ;
#400 = ORIENTED_EDGE ( 'NONE', *, *, #1240, .F. ) ;
#401 = LINE ( 'NONE', #340, #2226 ) ;
#402 = DIRECTION ( 'NONE',  ( 0.000000000000000000, 0.000000000000000000, 1.000000000000000000 ) ) ;
#403 = DIRECTION ( 'NONE',  ( 0.000000000000000000, 0.000000000000000000, -1.000000000000000000 ) ) ;
#404 = DIRECTION ( 'NONE',  ( 0.000000000000000000, 0.000000000000000000, -1.000000000000000000 ) ) ;
#405 = DIRECTION ( 'NONE',  ( 1.000000000000000000, 0.000000000000000000, 0.000000000000000000 ) ) ;
#406 = AXIS2_PLACEMENT_3D ( 'NONE', #3045, #1475, #200 ) ;
#407 = COLOUR_RGB ( '',0.8980392156862745390, 0.9215686274509803377, 0.9294117647058823817 ) ;
#408 = DIRECTION ( 'NONE',  ( 0.000000000000000000, 0.000000000000000000, -1.000000000000000000 ) ) ;
#409 = VERTEX_POINT ( 'NONE', #2400 ) ;
#410 = VECTOR ( 'NONE', #1966, 1000.000000000000000 ) ;
#411 = CARTESIAN_POINT ( 'NONE',  ( 17.00000000000000000, 10.00000000000000000, 15.00000000000001066 ) ) ;
#412 = CARTESIAN_POINT ( 'NONE',  ( -16.99999999999999289, 10.00000000000000000, 13.60000000000000675 ) ) ;
#413 = VECTOR ( 'NONE', #3884, 1000.000000000000000 ) ;
#414 = VERTEX_POINT ( 'NONE', #3004 ) ;
#415 = DIRECTION ( 'NONE',  ( 1.000000000000000000, 0.000000000000000000, -0.000000000000000000 ) ) ;
#416 = VECTOR ( 'NONE', #2461, 1000.000000000000000 ) ;
#417 = VERTEX_POINT ( 'NONE', #2148 ) ;
#418 = CARTESIAN_POINT ( 'NONE',  ( -6.749999999999997335, 0.000000000000000000, 9.999999999999998224 ) ) ;
#419 = VECTOR ( 'NONE', #3422, 1000.000000000000000 ) ;
#420 = ORIENTED_EDGE ( 'NONE', *, *, #3070, .F. ) ;
#421 = EDGE_CURVE ( 'NONE', #1895, #189, #3097, .T. ) ;
#422 = ADVANCED_FACE ( 'NONE', ( #3036, #1232, #284 ), #524, .F. ) ;
#423 = CARTESIAN_POINT ( 'NONE',  ( -13.99999999999999467, 1.000000000000007772, -8.999999999999952038 ) ) ;
#424 = CYLINDRICAL_SURFACE ( 'NONE', #801, 1.600000000000002531 ) ;
#425 = CIRCLE ( 'NONE', #3101, 1.600000000000002531 ) ;
#426 = CARTESIAN_POINT ( 'NONE',  ( -14.99999999999999289, 31.00000000000000000, 4.250000000000000000 ) ) ;
#427 = ORIENTED_EDGE ( 'NONE', *, *, #1479, .F. ) ;
#428 = EDGE_CURVE ( 'NONE', #3033, #22, #1826, .T. ) ;
#429 = LINE ( 'NONE', #68, #3333 ) ;
#430 = EDGE_CURVE ( 'NONE', #2902, #3887, #874, .T. ) ;
#431 =( BOUNDED_CURVE ( )  B_SPLINE_CURVE ( 3, ( #581, #537, #3064, #273 ),
 .UNSPECIFIED., .F., .T. ) 
 B_SPLINE_CURVE_WITH_KNOTS ( ( 4, 4 ),
 ( 0.5235987755982596248, 1.570796326794907882 ),
 .UNSPECIFIED. ) 
 CURVE ( )  GEOMETRIC_REPRESENTATION_ITEM ( )  RATIONAL_B_SPLINE_CURVE ( ( 1.000000000000000000, 0.9106836025229505527, 0.9106836025229505527, 1.000000000000000000 ) ) 
 REPRESENTATION_ITEM ( '' )  );
#432 = PLANE ( 'NONE',  #2376 ) ;
#433 = ORIENTED_EDGE ( 'NONE', *, *, #3410, .F. ) ;
#434 = LINE ( 'NONE', #2302, #3491 ) ;
#435 = PLANE ( 'NONE',  #1977 ) ;
#436 = ORIENTED_EDGE ( 'NONE', *, *, #2517, .T. ) ;
#437 = DIRECTION ( 'NONE',  ( -1.000000000000000000, 0.000000000000000000, -3.438696916467649099E-15 ) ) ;
#438 = DIRECTION ( 'NONE',  ( 1.000000000000000000, 0.000000000000000000, -3.438696916467649099E-15 ) ) ;
#439 = VECTOR ( 'NONE', #1557, 1000.000000000000000 ) ;
#440 = ORIENTED_EDGE ( 'NONE', *, *, #948, .T. ) ;
#441 = CARTESIAN_POINT ( 'NONE',  ( 0.000000000000000000, 5.000000000000000000, 0.000000000000000000 ) ) ;
#442 = VECTOR ( 'NONE', #277, 1000.000000000000000 ) ;
#443 = FACE_BOUND ( 'NONE', #755, .T. ) ;
#444 = VECTOR ( 'NONE', #2016, 1000.000000000000000 ) ;
#445 = DIRECTION ( 'NONE',  ( 1.000000000000000000, -0.000000000000000000, 3.430736969901751677E-15 ) ) ;
#446 = EDGE_LOOP ( 'NONE', ( #2070, #2900, #2961, #654 ) ) ;
#447 = CARTESIAN_POINT ( 'NONE',  ( -13.00000000000000355, -2.297589616892849652E-15, 10.99999999999995559 ) ) ;
#448 = EDGE_CURVE ( 'NONE', #1463, #547, #2728, .T. ) ;
#449 = EDGE_CURVE ( 'NONE', #1599, #1573, #717, .T. ) ;
#450 = FACE_OUTER_BOUND ( 'NONE', #2046, .T. ) ;
#451 = EDGE_CURVE ( 'NONE', #3001, #2998, #2769, .T. ) ;
#452 = VERTEX_POINT ( 'NONE', #2707 ) ;
#453 = VERTEX_POINT ( 'NONE', #212 ) ;
#454 = DIRECTION ( 'NONE',  ( 0.000000000000000000, 0.000000000000000000, 1.000000000000000000 ) ) ;
#455 = PLANE ( 'NONE',  #1204 ) ;
#456 = APPLICATION_CONTEXT ( 'automotive_design' ) ;
#457 = ORIENTED_EDGE ( 'NONE', *, *, #2158, .T. ) ;
#458 = DIRECTION ( 'NONE',  ( 0.000000000000000000, 0.000000000000000000, -1.000000000000000000 ) ) ;
#459 = VERTEX_POINT ( 'NONE', #571 ) ;
#460 = DIRECTION ( 'NONE',  ( 0.000000000000000000, -0.000000000000000000, 1.000000000000000000 ) ) ;
#461 = ORIENTED_EDGE ( 'NONE', *, *, #879, .F. ) ;
#462 = FACE_OUTER_BOUND ( 'NONE', #218, .T. ) ;
#463 = CARTESIAN_POINT ( 'NONE',  ( 14.00000000000000000, 5.000000000000000000, -13.00000000000005329 ) ) ;
#464 = LINE ( 'NONE', #487, #144 ) ;
#465 = AXIS2_PLACEMENT_3D ( 'NONE', #3916, #3855, #2982 ) ;
#466 = ORIENTED_EDGE ( 'NONE', *, *, #3570, .T. ) ;
#467 = ORIENTED_EDGE ( 'NONE', *, *, #37, .T. ) ;
#468 = LINE ( 'NONE', #2274, #729 ) ;
#469 = LINE ( 'NONE', #95, #2115 ) ;
#470 = CARTESIAN_POINT ( 'NONE',  ( -19.99999999999999645, 7.000000000000000000, 11.99999999999997691 ) ) ;
#471 = ORIENTED_EDGE ( 'NONE', *, *, #1821, .F. ) ;
#472 = EDGE_CURVE ( 'NONE', #3375, #2924, #1195, .T. ) ;
#473 = CARTESIAN_POINT ( 'NONE',  ( -16.99999999999999289, 10.00000000000000000, -10.39999999999999503 ) ) ;
#474 = VECTOR ( 'NONE', #690, 1000.000000000000000 ) ;
#475 = EDGE_CURVE ( 'NONE', #3559, #332, #1216, .T. ) ;
#476 = FACE_OUTER_BOUND ( 'NONE', #2357, .T. ) ;
#477 = AXIS2_PLACEMENT_3D ( 'NONE', #1025, #77, #2671 ) ;
#478 = ORIENTED_EDGE ( 'NONE', *, *, #3167, .F. ) ;
#479 = PLANE ( 'NONE',  #933 ) ;
#480 = VERTEX_POINT ( 'NONE', #3355 ) ;
#481 = EDGE_CURVE ( 'NONE', #1302, #3001, #611, .T. ) ;
#482 = ORIENTED_EDGE ( 'NONE', *, *, #3258, .F. ) ;
#483 = CARTESIAN_POINT ( 'NONE',  ( -13.99999999999999467, 10.00000000000000000, 15.00000000000000000 ) ) ;
#484 = ORIENTED_EDGE ( 'NONE', *, *, #585, .F. ) ;
#485 = AXIS2_PLACEMENT_3D ( 'NONE', #893, #2785, #279 ) ;
#486 = CARTESIAN_POINT ( 'NONE',  ( 11.15000000000000746, 10.00000000000000000, 2.499999999999998668 ) ) ;
#487 = CARTESIAN_POINT ( 'NONE',  ( 15.00000000000000711, 4.999999999999997335, 4.336808689942019314E-15 ) ) ;
#488 = UNCERTAINTY_MEASURE_WITH_UNIT (LENGTH_MEASURE( 1.000000000000000082E-05 ), #620, 'distance_accuracy_value', 'NONE');
#489 = VECTOR ( 'NONE', #3367, 1000.000000000000000 ) ;
#490 = ORIENTED_EDGE ( 'NONE', *, *, #2260, .F. ) ;
#491 = ORIENTED_EDGE ( 'NONE', *, *, #499, .T. ) ;
#492 = AXIS2_PLACEMENT_3D ( 'NONE', #156, #1081, #1670 ) ;
#493 = DIRECTION ( 'NONE',  ( -3.422777023335854650E-15, 0.000000000000000000, -1.000000000000000000 ) ) ;
#494 = DIRECTION ( 'NONE',  ( 0.000000000000000000, 0.000000000000000000, -1.000000000000000000 ) ) ;
#495 = LINE ( 'NONE', #2994, #2031 ) ;
#496 = VERTEX_POINT ( 'NONE', #1544 ) ;
#497 = PLANE ( 'NONE',  #1675 ) ;
#498 = CARTESIAN_POINT ( 'NONE',  ( -16.99999999999997868, 0.000000000000000000, -15.00000000000000000 ) ) ;
#499 = EDGE_CURVE ( 'NONE', #2202, #1491, #2787, .T. ) ;
#500 = ORIENTED_EDGE ( 'NONE', *, *, #1306, .T. ) ;
#501 = PLANE ( 'NONE',  #465 ) ;
#502 = VERTEX_POINT ( 'NONE', #3653 ) ;
#503 = LINE ( 'NONE', #2703, #3219 ) ;
#504 = EDGE_CURVE ( 'NONE', #103, #986, #3986, .T. ) ;
#505 = EDGE_CURVE ( 'NONE', #417, #3815, #1116, .T. ) ;
#506 = EDGE_LOOP ( 'NONE', ( #269, #1328, #1202, #892 ) ) ;
#507 = CARTESIAN_POINT ( 'NONE',  ( 17.00000000000000000, 10.00000000000000000, -8.999999999999996447 ) ) ;
#508 = DIRECTION ( 'NONE',  ( -1.000000000000000000, 0.000000000000000000, 0.000000000000000000 ) ) ;
#509 = ORIENTED_EDGE ( 'NONE', *, *, #1099, .T. ) ;
#510 = ORIENTED_EDGE ( 'NONE', *, *, #2097, .F. ) ;
#511 = VECTOR ( 'NONE', #370, 1000.000000000000000 ) ;
#512 = CARTESIAN_POINT ( 'NONE',  ( -19.99999999999999645, 4.999999999999997335, 5.750000000000000000 ) ) ;
#513 = DIRECTION ( 'NONE',  ( 1.445602896647341875E-16, 0.000000000000000000, 1.000000000000000000 ) ) ;
#514 = CARTESIAN_POINT ( 'NONE',  ( -14.99999999999999289, 4.999999999999997335, -4.249999999999997335 ) ) ;
#515 = DIRECTION ( 'NONE',  ( 0.000000000000000000, 0.000000000000000000, -1.000000000000000000 ) ) ;
#516 = CARTESIAN_POINT ( 'NONE',  ( 6.150000000000007461, 7.000000000000000000, -2.500000000000001332 ) ) ;
#517 = DIRECTION ( 'NONE',  ( 0.000000000000000000, 0.000000000000000000, -1.000000000000000000 ) ) ;
#518 = ORIENTED_EDGE ( 'NONE', *, *, #3258, .T. ) ;
#519 = DIRECTION ( 'NONE',  ( -0.000000000000000000, -1.000000000000000000, -0.000000000000000000 ) ) ;
#520 = ORIENTED_EDGE ( 'NONE', *, *, #1992, .T. ) ;
#521 = ORIENTED_EDGE ( 'NONE', *, *, #3385, .F. ) ;
#522 = DIRECTION ( 'NONE',  ( 0.000000000000000000, 0.000000000000000000, -1.000000000000000000 ) ) ;
#523 = ORIENTED_EDGE ( 'NONE', *, *, #2776, .F. ) ;
#524 = PLANE ( 'NONE',  #3260 ) ;
#525 = ADVANCED_FACE ( 'NONE', ( #3056 ), #1506, .F. ) ;
#526 = EDGE_CURVE ( 'NONE', #3005, #2925, #3795, .T. ) ;
#527 = EDGE_LOOP ( 'NONE', ( #1082, #70, #1837, #1384, #1678, #1982, #1577, #85, #890, #3372, #1622, #2666, #1995, #2248, #3834, #636, #2481, #574, #3965, #2650, #734, #2078, #3309, #539, #2101, #570, #2164, #1723, #1702, #3262, #2791, #2327, #1455, #1439, #1540, #626, #171, #2580, #427, #210 ) ) ;
#528 = LINE ( 'NONE', #2069, #2036 ) ;
#529 = ORIENTED_EDGE ( 'NONE', *, *, #2311, .T. ) ;
#530 = EDGE_CURVE ( 'NONE', #552, #2355, #1282, .T. ) ;
#531 = ORIENTED_EDGE ( 'NONE', *, *, #3687, .F. ) ;
#532 = VECTOR ( 'NONE', #1420, 1000.000000000000000 ) ;
#533 = LINE ( 'NONE', #2030, #1708 ) ;
#534 = CARTESIAN_POINT ( 'NONE',  ( -5.749999999999996447, 4.999999999999997335, 0.000000000000000000 ) ) ;
#535 = DIRECTION ( 'NONE',  ( -1.156482317317873105E-15, 0.000000000000000000, -1.000000000000000000 ) ) ;
#536 = CARTESIAN_POINT ( 'NONE',  ( -16.99999999999999645, 0.000000000000000000, 12.00000000000000000 ) ) ;
#537 = CARTESIAN_POINT ( 'NONE',  ( -15.47548094716163192, 0.4754809471616496253, 5.475480947161657674 ) ) ;
#538 = CARTESIAN_POINT ( 'NONE',  ( -19.99999999999999645, 4.999999999999997335, 11.99999999999997691 ) ) ;
#539 = ORIENTED_EDGE ( 'NONE', *, *, #715, .F. ) ;
#540 = AXIS2_PLACEMENT_3D ( 'NONE', #325, #1236, #2206 ) ;
#541 = CARTESIAN_POINT ( 'NONE',  ( 5.664213562373105582, 0.000000000000000000, -11.00000000000001954 ) ) ;
#542 = ORIENTED_EDGE ( 'NONE', *, *, #371, .F. ) ;
#543 = CARTESIAN_POINT ( 'NONE',  ( 14.99999999999999467, 0.000000000000000000, 5.000000000000052403 ) ) ;
#544 = ORIENTED_EDGE ( 'NONE', *, *, #1241, .F. ) ;
#545 = DIRECTION ( 'NONE',  ( 0.000000000000000000, 0.000000000000000000, -1.000000000000000000 ) ) ;
#546 = AXIS2_PLACEMENT_3D ( 'NONE', #313, #637, #3723 ) ;
#547 = VERTEX_POINT ( 'NONE', #2577 ) ;
#548 = CARTESIAN_POINT ( 'NONE',  ( -7.049999999999997158, 9.000000000000001776, -0.9999999999999991118 ) ) ;
#549 = AXIS2_PLACEMENT_3D ( 'NONE', #2869, #689, #3436 ) ;
#550 = ORIENTED_EDGE ( 'NONE', *, *, #3119, .T. ) ;
#551 = DIRECTION ( 'NONE',  ( 0.000000000000000000, 1.000000000000000000, 0.000000000000000000 ) ) ;
#552 = VERTEX_POINT ( 'NONE', #630 ) ;
#553 = ORIENTED_EDGE ( 'NONE', *, *, #3885, .F. ) ;
#554 = EDGE_CURVE ( 'NONE', #2071, #453, #398, .T. ) ;
#555 = ORIENTED_EDGE ( 'NONE', *, *, #2493, .T. ) ;
#556 = DIRECTION ( 'NONE',  ( -1.000000000000000000, 0.000000000000000000, 0.000000000000000000 ) ) ;
#557 = AXIS2_PLACEMENT_3D ( 'NONE', #2936, #1387, #2638 ) ;
#558 = DIRECTION ( 'NONE',  ( -0.000000000000000000, -1.000000000000000000, -0.000000000000000000 ) ) ;
#559 = ADVANCED_FACE ( 'NONE', ( #3443 ), #1249, .T. ) ;
#560 = DIRECTION ( 'NONE',  ( 0.000000000000000000, -1.000000000000000000, 0.000000000000000000 ) ) ;
#561 = CIRCLE ( 'NONE', #3604, 3.000000000000002665 ) ;
#562 = EDGE_CURVE ( 'NONE', #159, #2731, #375, .T. ) ;
#563 = CARTESIAN_POINT ( 'NONE',  ( 20.00000000000000355, 4.999999999999997335, 5.000000000000000888 ) ) ;
#564 = DIRECTION ( 'NONE',  ( 0.000000000000000000, 0.000000000000000000, 1.000000000000000000 ) ) ;
#565 = PLANE ( 'NONE',  #228 ) ;
#566 = ORIENTED_EDGE ( 'NONE', *, *, #675, .F. ) ;
#567 = CARTESIAN_POINT ( 'NONE',  ( -16.50000000000000711, 1.500000000000025535, 5.750000000000000888 ) ) ;
#568 = CARTESIAN_POINT ( 'NONE',  ( 14.00000000000000000, 1.000000000000000888, -15.00000000000000000 ) ) ;
#569 = DIRECTION ( 'NONE',  ( -0.000000000000000000, -1.000000000000000000, -0.000000000000000000 ) ) ;
#570 = ORIENTED_EDGE ( 'NONE', *, *, #1507, .T. ) ;
#571 = CARTESIAN_POINT ( 'NONE',  ( 14.00000000000000000, 4.999999999999997335, 9.000000000000049738 ) ) ;
#572 = PLANE ( 'NONE',  #3277 ) ;
#573 = ORIENTED_EDGE ( 'NONE', *, *, #2841, .T. ) ;
#574 = ORIENTED_EDGE ( 'NONE', *, *, #357, .F. ) ;
#575 = ORIENTED_EDGE ( 'NONE', *, *, #3238, .F. ) ;
#576 = DIRECTION ( 'NONE',  ( 1.445602896647341875E-16, -0.000000000000000000, 1.000000000000000000 ) ) ;
#577 = DIRECTION ( 'NONE',  ( 0.000000000000000000, 0.000000000000000000, 1.000000000000000000 ) ) ;
#578 = AXIS2_PLACEMENT_3D ( 'NONE', #2838, #333, #3765 ) ;
#579 = CARTESIAN_POINT ( 'NONE',  ( -16.99999999999999645, 7.000000000000000000, -12.00000000000000000 ) ) ;
#580 = EDGE_LOOP ( 'NONE', ( #461, #3950, #3567, #2740 ) ) ;
#581 = CARTESIAN_POINT ( 'NONE',  ( -15.20096189432330469, 0.2009618943233301702, 4.999999999999948486 ) ) ;
#582 = EDGE_CURVE ( 'NONE', #2130, #3887, #3390, .T. ) ;
#583 = EDGE_CURVE ( 'NONE', #847, #2924, #644, .T. ) ;
#584 = DIRECTION ( 'NONE',  ( 0.000000000000000000, 1.000000000000000000, 0.000000000000000000 ) ) ;
#585 = EDGE_CURVE ( 'NONE', #3031, #1573, #2244, .T. ) ;
#586 = ORIENTED_EDGE ( 'NONE', *, *, #2204, .T. ) ;
#587 = CARTESIAN_POINT ( 'NONE',  ( 19.99999999999997158, 4.999999999999963585, 7.000000000000068390 ) ) ;
#588 = DIRECTION ( 'NONE',  ( 1.156482317317873105E-15, 0.000000000000000000, 1.000000000000000000 ) ) ;
#589 = VECTOR ( 'NONE', #3691, 1000.000000000000000 ) ;
#590 = VERTEX_POINT ( 'NONE', #2553 ) ;
#591 = DIRECTION ( 'NONE',  ( -0.000000000000000000, -1.000000000000000000, -0.000000000000000000 ) ) ;
#592 = DIRECTION ( 'NONE',  ( 0.7071067811865489050, -0.7071067811865460184, -0.000000000000000000 ) ) ;
#593 = ORIENTED_EDGE ( 'NONE', *, *, #38, .T. ) ;
#594 = FACE_BOUND ( 'NONE', #33, .T. ) ;
#595 = FACE_OUTER_BOUND ( 'NONE', #3484, .T. ) ;
#596 = ORIENTED_EDGE ( 'NONE', *, *, #2238, .F. ) ;
#597 = LINE ( 'NONE', #2472, #2103 ) ;
#598 = LINE ( 'NONE', #1926, #3147 ) ;
#599 = CARTESIAN_POINT ( 'NONE',  ( 17.00000000000000711, 4.999999999999997335, 12.00000000000000000 ) ) ;
#600 = CARTESIAN_POINT ( 'NONE',  ( 20.00000000000000711, 7.000000000000000000, 9.000000000000005329 ) ) ;
#601 = VECTOR ( 'NONE', #1661, 1000.000000000000000 ) ;
#602 = PRODUCT_DEFINITION ( 'UNKNOWN', '', #749, #768 ) ;
#603 = EDGE_CURVE ( 'NONE', #1079, #326, #337, .T. ) ;
#604 = ORIENTED_EDGE ( 'NONE', *, *, #849, .F. ) ;
#605 = DIRECTION ( 'NONE',  ( 5.782411586589365527E-16, -0.000000000000000000, 1.000000000000000000 ) ) ;
#606 = EDGE_CURVE ( 'NONE', #2282, #103, #2533, .T. ) ;
#607 = ORIENTED_EDGE ( 'NONE', *, *, #351, .T. ) ;
#608 = CARTESIAN_POINT ( 'NONE',  ( -16.99999999999997868, 7.000000000000000000, 15.00000000000000000 ) ) ;
#609 = CIRCLE ( 'NONE', #2970, 2.999999999999999112 ) ;
#610 = EDGE_LOOP ( 'NONE', ( #3683, #2024, #1325, #3276 ) ) ;
#611 = LINE ( 'NONE', #1158, #2346 ) ;
#612 = EDGE_CURVE ( 'NONE', #986, #452, #2858, .T. ) ;
#613 = AXIS2_PLACEMENT_3D ( 'NONE', #730, #3200, #2569 ) ;
#614 = CARTESIAN_POINT ( 'NONE',  ( 15.00000000000000711, 6.999999999999999112, 3.000000000000005773 ) ) ;
#615 = VECTOR ( 'NONE', #2693, 1000.000000000000000 ) ;
#616 = EDGE_LOOP ( 'NONE', ( #949, #3679, #2239, #3741 ) ) ;
#617 = VECTOR ( 'NONE', #3216, 1000.000000000000114 ) ;
#618 = CARTESIAN_POINT ( 'NONE',  ( 17.00000000000000000, 10.00000000000000000, 12.00000000000000355 ) ) ;
#619 = VECTOR ( 'NONE', #366, 1000.000000000000000 ) ;
#620 =( LENGTH_UNIT ( ) NAMED_UNIT ( * ) SI_UNIT ( .MILLI., .METRE. ) );
#621 = DIRECTION ( 'NONE',  ( 0.000000000000000000, 1.000000000000000000, 0.000000000000000000 ) ) ;
#622 = AXIS2_PLACEMENT_3D ( 'NONE', #1897, #2241, #1280 ) ;
#623 = DIRECTION ( 'NONE',  ( -0.000000000000000000, 1.000000000000000000, 0.000000000000000000 ) ) ;
#624 = PLANE ( 'NONE',  #1322 ) ;
#625 = VECTOR ( 'NONE', #957, 1000.000000000000000 ) ;
#626 = ORIENTED_EDGE ( 'NONE', *, *, #2689, .T. ) ;
#627 = DIRECTION ( 'NONE',  ( 0.000000000000000000, 1.000000000000000000, 0.000000000000000000 ) ) ;
#628 = LINE ( 'NONE', #1558, #2951 ) ;
#629 = ORIENTED_EDGE ( 'NONE', *, *, #2425, .F. ) ;
#630 = CARTESIAN_POINT ( 'NONE',  ( 8.164213562373110022, 0.000000000000000000, 11.00000000000002842 ) ) ;
#631 = EDGE_CURVE ( 'NONE', #3303, #1667, #360, .T. ) ;
#632 = LINE ( 'NONE', #3374, #2167 ) ;
#633 = EDGE_CURVE ( 'NONE', #778, #2209, #2843, .T. ) ;
#634 = EDGE_LOOP ( 'NONE', ( #2320, #1005, #3358, #3845, #44, #1135 ) ) ;
#635 = CARTESIAN_POINT ( 'NONE',  ( -14.99999999999997868, -0.000000000000000000, -4.999999999999949374 ) ) ;
#636 = ORIENTED_EDGE ( 'NONE', *, *, #164, .T. ) ;
#637 = DIRECTION ( 'NONE',  ( -1.000000000000000000, 0.000000000000000000, -2.891205793294678326E-16 ) ) ;
#638 = LINE ( 'NONE', #975, #3871 ) ;
#639 = DIRECTION ( 'NONE',  ( 0.000000000000000000, -0.000000000000000000, 1.000000000000000000 ) ) ;
#640 = ORIENTED_EDGE ( 'NONE', *, *, #3525, .T. ) ;
#641 = CARTESIAN_POINT ( 'NONE',  ( -14.99999999999999289, 0.000000000000000000, 4.250000000000000000 ) ) ;
#642 = CARTESIAN_POINT ( 'NONE',  ( 13.00000000000000888, 0.000000000000000000, 11.99999999999998224 ) ) ;
#643 = ORIENTED_EDGE ( 'NONE', *, *, #3804, .F. ) ;
#644 = LINE ( 'NONE', #1268, #3511 ) ;
#645 = FACE_OUTER_BOUND ( 'NONE', #1418, .T. ) ;
#646 = ORIENTED_EDGE ( 'NONE', *, *, #2235, .F. ) ;
#647 = ADVANCED_FACE ( 'NONE', ( #3172 ), #1028, .F. ) ;
#648 = ADVANCED_FACE ( 'NONE', ( #2219 ), #1301, .F. ) ;
#649 = DIRECTION ( 'NONE',  ( -1.000000000000000000, -0.000000000000000000, -0.000000000000000000 ) ) ;
#650 = EDGE_CURVE ( 'NONE', #2529, #4015, #3190, .T. ) ;
#651 = LINE ( 'NONE', #2273, #619 ) ;
#652 = CARTESIAN_POINT ( 'NONE',  ( 11.15000000000000746, 8.900000000000000355, -2.500000000000001332 ) ) ;
#653 = CARTESIAN_POINT ( 'NONE',  ( 17.00000000000000000, 10.00000000000000000, 9.000000000000003553 ) ) ;
#654 = ORIENTED_EDGE ( 'NONE', *, *, #3689, .T. ) ;
#655 = DIRECTION ( 'NONE',  ( -0.000000000000000000, -1.000000000000000000, -0.000000000000000000 ) ) ;
#656 = AXIS2_PLACEMENT_3D ( 'NONE', #2482, #1486, #2165 ) ;
#657 = LINE ( 'NONE', #3151, #3596 ) ;
#658 = VERTEX_POINT ( 'NONE', #79 ) ;
#659 = DIRECTION ( 'NONE',  ( 0.000000000000000000, 0.000000000000000000, 1.000000000000000000 ) ) ;
#660 = DIRECTION ( 'NONE',  ( -0.000000000000000000, -1.000000000000000000, -0.000000000000000000 ) ) ;
#661 = ORIENTED_EDGE ( 'NONE', *, *, #2823, .T. ) ;
#662 = LINE ( 'NONE', #45, #1365 ) ;
#663 = VECTOR ( 'NONE', #1986, 1000.000000000000000 ) ;
#664 = CARTESIAN_POINT ( 'NONE',  ( -4.470305991407944065E-14, -0.000000000000000000, -13.00000000000000178 ) ) ;
#665 = DIRECTION ( 'NONE',  ( -0.7071067811865444641, -0.7071067811865505703, 2.431525908079535321E-15 ) ) ;
#666 = EDGE_CURVE ( 'NONE', #3078, #459, #1327, .T. ) ;
#667 =( NAMED_UNIT ( * ) PLANE_ANGLE_UNIT ( ) SI_UNIT ( $, .RADIAN. ) );
#668 = VECTOR ( 'NONE', #3793, 1000.000000000000000 ) ;
#669 = EDGE_CURVE ( 'NONE', #3423, #3556, #2676, .T. ) ;
#670 = LINE ( 'NONE', #2526, #2824 ) ;
#671 = DIRECTION ( 'NONE',  ( 0.000000000000000000, 1.000000000000000000, 0.000000000000000000 ) ) ;
#672 = VECTOR ( 'NONE', #3949, 1000.000000000000000 ) ;
#673 = EDGE_CURVE ( 'NONE', #958, #1899, #2266, .T. ) ;
#674 = DIRECTION ( 'NONE',  ( 1.000000000000000000, -0.000000000000000000, 3.061276722312012491E-16 ) ) ;
#675 = EDGE_CURVE ( 'NONE', #2846, #2864, #2305, .T. ) ;
#676 = VERTEX_POINT ( 'NONE', #2938 ) ;
#677 = FACE_OUTER_BOUND ( 'NONE', #236, .T. ) ;
#678 = VECTOR ( 'NONE', #3849, 1000.000000000000000 ) ;
#679 = LINE ( 'NONE', #372, #20 ) ;
#680 = ORIENTED_EDGE ( 'NONE', *, *, #349, .T. ) ;
#681 = AXIS2_PLACEMENT_3D ( 'NONE', #246, #3597, #513 ) ;
#682 = DIRECTION ( 'NONE',  ( -3.422777023335854256E-15, 0.000000000000000000, -1.000000000000000000 ) ) ;
#683 = ORIENTED_EDGE ( 'NONE', *, *, #666, .T. ) ;
#684 = LINE ( 'NONE', #2520, #3464 ) ;
#685 = EDGE_LOOP ( 'NONE', ( #2412, #1029 ) ) ;
#686 = DIRECTION ( 'NONE',  ( -0.000000000000000000, -1.000000000000000000, -0.000000000000000000 ) ) ;
#687 = LINE ( 'NONE', #3490, #3721 ) ;
#688 = DIRECTION ( 'NONE',  ( 0.000000000000000000, 0.000000000000000000, 1.000000000000000000 ) ) ;
#689 = DIRECTION ( 'NONE',  ( -3.438696916467649099E-15, 0.000000000000000000, -1.000000000000000000 ) ) ;
#690 = DIRECTION ( 'NONE',  ( 1.000000000000000000, 0.000000000000000000, -3.438696916467649493E-15 ) ) ;
#691 = DIRECTION ( 'NONE',  ( -1.000000000000000000, 0.000000000000000000, -3.438696916467649493E-15 ) ) ;
#692 = ORIENTED_EDGE ( 'NONE', *, *, #3050, .T. ) ;
#693 = ADVANCED_FACE ( 'NONE', ( #718 ), #2283, .T. ) ;
#694 = ADVANCED_FACE ( 'NONE', ( #1066 ), #1046, .F. ) ;
#695 = CARTESIAN_POINT ( 'NONE',  ( -8.249999999999992895, 4.999999999999997335, -1.683702197271605366E-15 ) ) ;
#696 = ADVANCED_FACE ( 'NONE', ( #1981 ), #501, .F. ) ;
#697 = AXIS2_PLACEMENT_3D ( 'NONE', #3024, #1516, #3976 ) ;
#698 = LINE ( 'NONE', #2802, #3531 ) ;
#699 = LINE ( 'NONE', #3814, #992 ) ;
#700 = CIRCLE ( 'NONE', #2978, 1.600000000000002531 ) ;
#701 = VERTEX_POINT ( 'NONE', #119 ) ;
#702 = CARTESIAN_POINT ( 'NONE',  ( -1.029221090970525543E-14, 45.04996878900156787, -3.000000000000000000 ) ) ;
#703 = VERTEX_POINT ( 'NONE', #1955 ) ;
#704 = CARTESIAN_POINT ( 'NONE',  ( -13.99999999999999467, 10.00000000000000000, -11.99999999999999645 ) ) ;
#705 = VERTEX_POINT ( 'NONE', #1738 ) ;
#706 = CARTESIAN_POINT ( 'NONE',  ( 13.00000000000000711, 0.000000000000000000, 9.000000000000046185 ) ) ;
#707 = DIRECTION ( 'NONE',  ( 0.000000000000000000, 1.000000000000000000, 0.000000000000000000 ) ) ;
#708 = DIRECTION ( 'NONE',  ( 5.782411586589365527E-16, 0.000000000000000000, 1.000000000000000000 ) ) ;
#709 = LINE ( 'NONE', #2210, #738 ) ;
#710 = DIRECTION ( 'NONE',  ( -0.000000000000000000, -1.000000000000000000, -0.000000000000000000 ) ) ;
#711 = FACE_OUTER_BOUND ( 'NONE', #3861, .T. ) ;
#712 = ORIENTED_EDGE ( 'NONE', *, *, #1595, .F. ) ;
#713 = LINE ( 'NONE', #97, #2979 ) ;
#714 = DIRECTION ( 'NONE',  ( 0.7071067811865451302, -0.7071067811865500152, -2.431525908079537293E-15 ) ) ;
#715 = EDGE_CURVE ( 'NONE', #3310, #1510, #1841, .T. ) ;
#716 = ORIENTED_EDGE ( 'NONE', *, *, #2814, .F. ) ;
#717 = CIRCLE ( 'NONE', #656, 1.600000000000002531 ) ;
#718 = FACE_OUTER_BOUND ( 'NONE', #2404, .T. ) ;
#719 = ORIENTED_EDGE ( 'NONE', *, *, #2565, .T. ) ;
#720 = CARTESIAN_POINT ( 'NONE',  ( 14.00000000000000000, 1.000000000000000888, -11.99999999999999645 ) ) ;
#721 = ADVANCED_FACE ( 'NONE', ( #1657 ), #479, .F. ) ;
#722 = VERTEX_POINT ( 'NONE', #3207 ) ;
#723 = DIRECTION ( 'NONE',  ( -0.000000000000000000, -1.000000000000000000, -0.000000000000000000 ) ) ;
#724 = CARTESIAN_POINT ( 'NONE',  ( -3.782566608114415034E-14, -0.000000000000000000, 11.00000000000000178 ) ) ;
#725 = LINE ( 'NONE', #1946, #3152 ) ;
#726 = EDGE_LOOP ( 'NONE', ( #2842, #3590, #2572, #2508, #2382, #2091, #983, #2702, #2403 ) ) ;
#727 = CIRCLE ( 'NONE', #3579, 2.999999999999999112 ) ;
#728 = LINE ( 'NONE', #1890, #3023 ) ;
#729 = VECTOR ( 'NONE', #1669, 1000.000000000000000 ) ;
#730 = CARTESIAN_POINT ( 'NONE',  ( -5.749999999999996447, 31.00000000000000000, -20.00000000000000000 ) ) ;
#731 = VECTOR ( 'NONE', #3044, 1000.000000000000000 ) ;
#732 = LINE ( 'NONE', #3259, #3415 ) ;
#733 = ORIENTED_EDGE ( 'NONE', *, *, #93, .F. ) ;
#734 = ORIENTED_EDGE ( 'NONE', *, *, #2231, .F. ) ;
#735 = VECTOR ( 'NONE', #2474, 1000.000000000000000 ) ;
#736 = CARTESIAN_POINT ( 'NONE',  ( 17.00000000000000000, 10.00000000000000000, 13.60000000000000675 ) ) ;
#737 = LINE ( 'NONE', #98, #1143 ) ;
#738 = VECTOR ( 'NONE', #3180, 1000.000000000000000 ) ;
#739 = EDGE_LOOP ( 'NONE', ( #1404, #1784, #304, #596, #1858 ) ) ;
#740 = CARTESIAN_POINT ( 'NONE',  ( -4.470305991407944065E-14, 45.04996878900156787, 13.00000000000000178 ) ) ;
#741 = AXIS2_PLACEMENT_3D ( 'NONE', #3389, #2162, #1806 ) ;
#742 = ORIENTED_EDGE ( 'NONE', *, *, #197, .T. ) ;
#743 = CARTESIAN_POINT ( 'NONE',  ( 0.000000000000000000, 5.000000000000000000, 0.000000000000000000 ) ) ;
#744 = AXIS2_PLACEMENT_3D ( 'NONE', #2217, #1003, #1323 ) ;
#745 = EDGE_LOOP ( 'NONE', ( #3129, #1383, #712, #806 ) ) ;
#746 = PLANE ( 'NONE',  #127 ) ;
#747 = EDGE_CURVE ( 'NONE', #790, #3249, #1250, .T. ) ;
#748 = CARTESIAN_POINT ( 'NONE',  ( -19.99999999999998579, 4.999999999999985789, -4.999999999999932498 ) ) ;
#749 = PRODUCT_DEFINITION_FORMATION_WITH_SPECIFIED_SOURCE ( 'ANY', '', #4000, .NOT_KNOWN. ) ;
#750 = PLANE ( 'NONE',  #2948 ) ;
#751 = EDGE_CURVE ( 'NONE', #3800, #1547, #3581, .T. ) ;
#752 = ORIENTED_EDGE ( 'NONE', *, *, #1594, .F. ) ;
#753 = DIRECTION ( 'NONE',  ( -1.000000000000000000, 0.000000000000000000, -3.438696916467649099E-15 ) ) ;
#754 = CARTESIAN_POINT ( 'NONE',  ( -16.99999999999999289, 7.000000000000000000, 9.000000000000005329 ) ) ;
#755 = EDGE_LOOP ( 'NONE', ( #466, #771 ) ) ;
#756 = DIRECTION ( 'NONE',  ( 1.000000000000000000, 0.000000000000000000, 0.000000000000000000 ) ) ;
#757 = DIRECTION ( 'NONE',  ( -1.156482317317873105E-15, 0.000000000000000000, -1.000000000000000000 ) ) ;
#758 = ORIENTED_EDGE ( 'NONE', *, *, #430, .T. ) ;
#759 = DIRECTION ( 'NONE',  ( 0.000000000000000000, -0.000000000000000000, 1.000000000000000000 ) ) ;
#760 = VECTOR ( 'NONE', #1735, 1000.000000000000000 ) ;
#761 = ORIENTED_EDGE ( 'NONE', *, *, #1794, .T. ) ;
#762 = LINE ( 'NONE', #3311, #1064 ) ;
#763 = CIRCLE ( 'NONE', #3370, 1.600000000000002531 ) ;
#764 = ORIENTED_EDGE ( 'NONE', *, *, #899, .T. ) ;
#765 = DIRECTION ( 'NONE',  ( 0.000000000000000000, 1.000000000000000000, 0.000000000000000000 ) ) ;
#766 = CARTESIAN_POINT ( 'NONE',  ( -16.99999999999999289, 10.00000000000000000, -8.999999999999998224 ) ) ;
#767 = CARTESIAN_POINT ( 'NONE',  ( -19.99999999999999645, 4.999999999999997335, -11.99999999999997691 ) ) ;
#768 = PRODUCT_DEFINITION_CONTEXT ( 'detailed design', #456, 'design' ) ;
#769 = ADVANCED_FACE ( 'NONE', ( #3541 ), #3897, .F. ) ;
#770 = EDGE_CURVE ( 'NONE', #3800, #3907, #3560, .T. ) ;
#771 = ORIENTED_EDGE ( 'NONE', *, *, #1264, .T. ) ;
#772 = EDGE_CURVE ( 'NONE', #353, #2071, #3248, .T. ) ;
#773 = CARTESIAN_POINT ( 'NONE',  ( -6.749999999999997335, 6.999999999999999112, 9.999999999999998224 ) ) ;
#774 = CIRCLE ( 'NONE', #261, 1.600000000000002531 ) ;
#775 = CARTESIAN_POINT ( 'NONE',  ( 17.00000000000000000, 10.00000000000000000, -11.99999999999999645 ) ) ;
#776 = CARTESIAN_POINT ( 'NONE',  ( 17.00000000000000000, 10.00000000000000000, 9.000000000000003553 ) ) ;
#777 = EDGE_CURVE ( 'NONE', #189, #658, #2437, .T. ) ;
#778 = VERTEX_POINT ( 'NONE', #2640 ) ;
#779 = DIRECTION ( 'NONE',  ( 1.000000000000000000, 0.000000000000000000, 0.000000000000000000 ) ) ;
#780 = LINE ( 'NONE', #2614, #3866 ) ;
#781 = VERTEX_POINT ( 'NONE', #3876 ) ;
#782 = DIRECTION ( 'NONE',  ( -0.000000000000000000, -1.000000000000000000, -0.000000000000000000 ) ) ;
#783 = VERTEX_POINT ( 'NONE', #3268 ) ;
#784 = ORIENTED_EDGE ( 'NONE', *, *, #991, .F. ) ;
#785 = CARTESIAN_POINT ( 'NONE',  ( 20.00000000000000355, 10.00000000000000000, -11.99999999999999645 ) ) ;
#786 = ORIENTED_EDGE ( 'NONE', *, *, #2470, .F. ) ;
#787 = LINE ( 'NONE', #2352, #1045 ) ;
#788 = CARTESIAN_POINT ( 'NONE',  ( 17.00000000000000000, 5.000000000000000000, 15.00000000000001243 ) ) ;
#789 = VECTOR ( 'NONE', #3114, 1000.000000000000000 ) ;
#790 = VERTEX_POINT ( 'NONE', #1719 ) ;
#791 = EDGE_LOOP ( 'NONE', ( #311, #1941, #2803, #4022, #3990, #3267 ) ) ;
#792 = CARTESIAN_POINT ( 'NONE',  ( -16.99999999999999645, 0.000000000000000000, 12.00000000000000000 ) ) ;
#793 = DIRECTION ( 'NONE',  ( 0.000000000000000000, 0.000000000000000000, 1.000000000000000000 ) ) ;
#794 = DIRECTION ( 'NONE',  ( 0.000000000000000000, 0.000000000000000000, 1.000000000000000000 ) ) ;
#795 = CARTESIAN_POINT ( 'NONE',  ( 11.15000000000000746, 7.000000000000000000, -2.500000000000001332 ) ) ;
#796 = LINE ( 'NONE', #2261, #2065 ) ;
#797 = EDGE_CURVE ( 'NONE', #1718, #3357, #1109, .T. ) ;
#798 = VECTOR ( 'NONE', #3513, 1000.000000000000000 ) ;
#799 = CARTESIAN_POINT ( 'NONE',  ( -19.99999999999999645, 4.999999999999997335, 5.750000000000000000 ) ) ;
#800 = EDGE_CURVE ( 'NONE', #2873, #3247, #1822, .T. ) ;
#801 = AXIS2_PLACEMENT_3D ( 'NONE', #3253, #1035, #2271 ) ;
#802 = EDGE_LOOP ( 'NONE', ( #2015, #500, #2133, #683, #1465, #1098 ) ) ;
#803 = CARTESIAN_POINT ( 'NONE',  ( 14.00000000000000178, 10.00000000000000000, 15.00000000000000000 ) ) ;
#804 = ORIENTED_EDGE ( 'NONE', *, *, #2335, .T. ) ;
#805 = VECTOR ( 'NONE', #2208, 1000.000000000000000 ) ;
#806 = ORIENTED_EDGE ( 'NONE', *, *, #1570, .F. ) ;
#807 = FACE_OUTER_BOUND ( 'NONE', #2726, .T. ) ;
#808 = ORIENTED_EDGE ( 'NONE', *, *, #1717, .F. ) ;
#809 = AXIS2_PLACEMENT_3D ( 'NONE', #3173, #2862, #57 ) ;
#810 = LINE ( 'NONE', #2049, #2807 ) ;
#811 = DIRECTION ( 'NONE',  ( -0.000000000000000000, -1.000000000000000000, -0.000000000000000000 ) ) ;
#812 = ORIENTED_EDGE ( 'NONE', *, *, #3551, .T. ) ;
#813 = AXIS2_PLACEMENT_3D ( 'NONE', #2458, #3049, #3692 ) ;
#814 = ORIENTED_EDGE ( 'NONE', *, *, #1072, .T. ) ;
#815 = ORIENTED_EDGE ( 'NONE', *, *, #2337, .F. ) ;
#816 = ORIENTED_EDGE ( 'NONE', *, *, #38, .F. ) ;
#817 = DIRECTION ( 'NONE',  ( 0.000000000000000000, 0.000000000000000000, 1.000000000000000000 ) ) ;
#818 = LINE ( 'NONE', #2055, #3274 ) ;
#819 = PLANE ( 'NONE',  #406 ) ;
#820 = CARTESIAN_POINT ( 'NONE',  ( -16.99999999999999645, 0.000000000000000000, 12.00000000000000000 ) ) ;
#821 = DIRECTION ( 'NONE',  ( 0.000000000000000000, 0.000000000000000000, -1.000000000000000000 ) ) ;
#822 = EDGE_CURVE ( 'NONE', #1510, #705, #3979, .T. ) ;
#823 = EDGE_CURVE ( 'NONE', #1563, #2609, #1781, .T. ) ;
#824 = EDGE_LOOP ( 'NONE', ( #3118, #3137, #2459, #2329, #2898, #1009 ) ) ;
#825 = DIRECTION ( 'NONE',  ( 0.000000000000000000, 0.000000000000000000, -1.000000000000000000 ) ) ;
#826 = EDGE_CURVE ( 'NONE', #3637, #3633, #2079, .T. ) ;
#827 = ORIENTED_EDGE ( 'NONE', *, *, #2281, .F. ) ;
#828 = LINE ( 'NONE', #483, #3732 ) ;
#829 = EDGE_LOOP ( 'NONE', ( #3212, #834, #2383, #1489 ) ) ;
#830 = ORIENTED_EDGE ( 'NONE', *, *, #2416, .T. ) ;
#831 = CARTESIAN_POINT ( 'NONE',  ( -16.99999999999999289, 4.999999999999997335, -10.39999999999999503 ) ) ;
#832 = ORIENTED_EDGE ( 'NONE', *, *, #481, .T. ) ;
#833 = FACE_OUTER_BOUND ( 'NONE', #167, .T. ) ;
#834 = ORIENTED_EDGE ( 'NONE', *, *, #612, .F. ) ;
#835 = EDGE_LOOP ( 'NONE', ( #521, #1687, #1611, #2503 ) ) ;
#836 = AXIS2_PLACEMENT_3D ( 'NONE', #3405, #627, #2197 ) ;
#837 = DIRECTION ( 'NONE',  ( 0.000000000000000000, 0.000000000000000000, -1.000000000000000000 ) ) ;
#838 = DIRECTION ( 'NONE',  ( 0.000000000000000000, 0.000000000000000000, -1.000000000000000000 ) ) ;
#839 = DIRECTION ( 'NONE',  ( 0.000000000000000000, 0.000000000000000000, 1.000000000000000000 ) ) ;
#840 = FACE_OUTER_BOUND ( 'NONE', #3037, .T. ) ;
#841 = FACE_BOUND ( 'NONE', #1697, .T. ) ;
#842 = DIRECTION ( 'NONE',  ( 1.000000000000000000, -0.000000000000000000, 3.061276722312012491E-16 ) ) ;
#843 = VERTEX_POINT ( 'NONE', #567 ) ;
#844 = DIRECTION ( 'NONE',  ( -1.445602896647341875E-16, 0.000000000000000000, -1.000000000000000000 ) ) ;
#845 = ORIENTED_EDGE ( 'NONE', *, *, #2471, .F. ) ;
#846 = CARTESIAN_POINT ( 'NONE',  ( 8.250000000000003553, 31.00000000000000000, 20.00000000000000000 ) ) ;
#847 = VERTEX_POINT ( 'NONE', #1804 ) ;
#848 = DIRECTION ( 'NONE',  ( -0.000000000000000000, -1.000000000000000000, -0.000000000000000000 ) ) ;
#849 = EDGE_CURVE ( 'NONE', #3828, #2336, #891, .T. ) ;
#850 = ORIENTED_EDGE ( 'NONE', *, *, #93, .T. ) ;
#851 = DIRECTION ( 'NONE',  ( 0.000000000000000000, 0.000000000000000000, 1.000000000000000000 ) ) ;
#852 = ADVANCED_FACE ( 'NONE', ( #257 ), #3942, .T. ) ;
#853 = DIRECTION ( 'NONE',  ( 0.000000000000000000, 1.000000000000000000, 0.000000000000000000 ) ) ;
#854 = ORIENTED_EDGE ( 'NONE', *, *, #1398, .F. ) ;
#855 = ORIENTED_EDGE ( 'NONE', *, *, #1614, .T. ) ;
#856 = EDGE_CURVE ( 'NONE', #2651, #108, #3326, .T. ) ;
#857 = ORIENTED_EDGE ( 'NONE', *, *, #4013, .F. ) ;
#858 = AXIS2_PLACEMENT_3D ( 'NONE', #2682, #3273, #2025 ) ;
#859 = PLANE ( 'NONE',  #2429 ) ;
#860 = DIRECTION ( 'NONE',  ( 0.000000000000000000, 1.000000000000000000, 0.000000000000000000 ) ) ;
#861 = FACE_OUTER_BOUND ( 'NONE', #942, .T. ) ;
#862 = ORIENTED_EDGE ( 'NONE', *, *, #669, .F. ) ;
#863 = LINE ( 'NONE', #2076, #3177 ) ;
#864 = PLANE ( 'NONE',  #813 ) ;
#865 = EDGE_LOOP ( 'NONE', ( #804, #2147, #1033, #1074 ) ) ;
#866 = VECTOR ( 'NONE', #837, 1000.000000000000000 ) ;
#867 = CARTESIAN_POINT ( 'NONE',  ( 20.00000000000000355, 4.999999999999997335, -11.99999999999997868 ) ) ;
#868 = CARTESIAN_POINT ( 'NONE',  ( -16.99999999999999289, 4.999999999999997335, -13.59999999999999964 ) ) ;
#869 = VECTOR ( 'NONE', #2387, 1000.000000000000000 ) ;
#870 = EDGE_LOOP ( 'NONE', ( #1994, #1918, #1602, #2439 ) ) ;
#871 = CARTESIAN_POINT ( 'NONE',  ( -16.99999999999999289, 10.00000000000000000, -13.59999999999999964 ) ) ;
#872 = VECTOR ( 'NONE', #1184, 1000.000000000000000 ) ;
#873 = ORIENTED_EDGE ( 'NONE', *, *, #3098, .F. ) ;
#874 = LINE ( 'NONE', #305, #1511 ) ;
#875 = AXIS2_PLACEMENT_3D ( 'NONE', #3494, #1275, #955 ) ;
#876 = DIRECTION ( 'NONE',  ( -1.000000000000000000, 0.000000000000000000, -3.422777023335854650E-15 ) ) ;
#877 = VECTOR ( 'NONE', #3506, 1000.000000000000000 ) ;
#878 = ORIENTED_EDGE ( 'NONE', *, *, #451, .F. ) ;
#879 = EDGE_CURVE ( 'NONE', #3220, #26, #1839, .T. ) ;
#880 = ADVANCED_FACE ( 'NONE', ( #204 ), #3350, .T. ) ;
#881 = VERTEX_POINT ( 'NONE', #541 ) ;
#882 = LINE ( 'NONE', #2118, #3271 ) ;
#883 = ADVANCED_FACE ( 'NONE', ( #1541 ), #2720, .T. ) ;
#884 = AXIS2_PLACEMENT_3D ( 'NONE', #1246, #21, #35 ) ;
#885 = DIRECTION ( 'NONE',  ( 0.000000000000000000, 1.000000000000000000, 0.000000000000000000 ) ) ;
#886 = CARTESIAN_POINT ( 'NONE',  ( 17.00000000000000000, 10.00000000000000000, 15.00000000000000533 ) ) ;
#887 = CARTESIAN_POINT ( 'NONE',  ( -4.249999999999996447, 31.00000000000000000, -11.49999999999999822 ) ) ;
#888 = CARTESIAN_POINT ( 'NONE',  ( -13.99999999999999467, 5.000000000000000000, 15.00000000000000000 ) ) ;
#889 = CARTESIAN_POINT ( 'NONE',  ( -8.249999999999996447, 31.00000000000000000, 11.49999999999999822 ) ) ;
#890 = ORIENTED_EDGE ( 'NONE', *, *, #223, .F. ) ;
#891 = LINE ( 'NONE', #1169, #1745 ) ;
#892 = ORIENTED_EDGE ( 'NONE', *, *, #1565, .F. ) ;
#893 = CARTESIAN_POINT ( 'NONE',  ( 16.50000000000000711, 6.999999999999999112, -2.999999999999995115 ) ) ;
#894 = ORIENTED_EDGE ( 'NONE', *, *, #2496, .T. ) ;
#895 = DIRECTION ( 'NONE',  ( 1.000000000000000000, 0.000000000000000000, 0.000000000000000000 ) ) ;
#896 = CARTESIAN_POINT ( 'NONE',  ( -16.99999999999999289, 7.000000000000000000, 12.00000000000000355 ) ) ;
#897 = ORIENTED_EDGE ( 'NONE', *, *, #797, .T. ) ;
#898 = ORIENTED_EDGE ( 'NONE', *, *, #995, .T. ) ;
#899 = EDGE_CURVE ( 'NONE', #3693, #2634, #1501, .T. ) ;
#900 = EDGE_CURVE ( 'NONE', #3633, #552, #2134, .T. ) ;
#901 = CARTESIAN_POINT ( 'NONE',  ( 17.00000000000000000, 10.00000000000000000, -8.999999999999996447 ) ) ;
#902 = ADVANCED_FACE ( 'NONE', ( #3028 ), #2440, .F. ) ;
#903 = DIRECTION ( 'NONE',  ( 0.000000000000000000, -1.000000000000000000, 0.000000000000000000 ) ) ;
#904 = LINE ( 'NONE', #1964, #3850 ) ;
#905 = DIRECTION ( 'NONE',  ( 0.000000000000000000, 1.000000000000000000, 0.000000000000000000 ) ) ;
#906 = LINE ( 'NONE', #2142, #489 ) ;
#907 = EDGE_CURVE ( 'NONE', #4041, #3033, #2784, .T. ) ;
#908 = ORIENTED_EDGE ( 'NONE', *, *, #4040, .T. ) ;
#909 = DIRECTION ( 'NONE',  ( -3.438696916467649493E-15, 0.000000000000000000, -1.000000000000000000 ) ) ;
#910 = EDGE_LOOP ( 'NONE', ( #78, #3328, #1305, #894, #2317, #1426 ) ) ;
#911 = LINE ( 'NONE', #927, #2888 ) ;
#912 = VERTEX_POINT ( 'NONE', #3090 ) ;
#913 = CARTESIAN_POINT ( 'NONE',  ( 15.00000000000000533, 0.000000000000000000, 3.000000000000005329 ) ) ;
#914 = DIRECTION ( 'NONE',  ( -0.000000000000000000, -1.000000000000000000, -0.000000000000000000 ) ) ;
#915 = ORIENTED_EDGE ( 'NONE', *, *, #2120, .T. ) ;
#916 = ORIENTED_EDGE ( 'NONE', *, *, #1200, .F. ) ;
#917 = CARTESIAN_POINT ( 'NONE',  ( -16.99999999999997868, 7.000000000000000000, -15.00000000000000000 ) ) ;
#918 = CARTESIAN_POINT ( 'NONE',  ( -19.99999999999999645, 4.999999999999997335, -6.999999999999999112 ) ) ;
#919 = CARTESIAN_POINT ( 'NONE',  ( -16.50000000000000711, 6.999999999999999112, 5.750000000000000888 ) ) ;
#920 = PLANE ( 'NONE',  #299 ) ;
#921 = VECTOR ( 'NONE', #3392, 1000.000000000000000 ) ;
#922 = ORIENTED_EDGE ( 'NONE', *, *, #2522, .F. ) ;
#923 = EDGE_CURVE ( 'NONE', #1573, #1599, #2725, .T. ) ;
#924 = DIRECTION ( 'NONE',  ( 0.000000000000000000, 0.000000000000000000, 1.000000000000000000 ) ) ;
#925 = ORIENTED_EDGE ( 'NONE', *, *, #2988, .F. ) ;
#926 = EDGE_CURVE ( 'NONE', #1366, #1425, #2372, .T. ) ;
#927 = CARTESIAN_POINT ( 'NONE',  ( 5.664213562373105582, 45.04996878900156787, -11.00000000000001954 ) ) ;
#928 = ORIENTED_EDGE ( 'NONE', *, *, #1614, .F. ) ;
#929 = DIRECTION ( 'NONE',  ( -0.000000000000000000, -1.000000000000000000, -0.000000000000000000 ) ) ;
#930 = VECTOR ( 'NONE', #2409, 1000.000000000000000 ) ;
#931 = CIRCLE ( 'NONE', #3656, 1.499999999999999556 ) ;
#932 = LINE ( 'NONE', #1178, #1526 ) ;
#933 = AXIS2_PLACEMENT_3D ( 'NONE', #2347, #2917, #2677 ) ;
#934 = VERTEX_POINT ( 'NONE', #1757 ) ;
#935 = CARTESIAN_POINT ( 'NONE',  ( -8.249999999999996447, 4.999999999999997335, 11.49999999999999822 ) ) ;
#936 = AXIS2_PLACEMENT_3D ( 'NONE', #1333, #4020, #2603 ) ;
#937 = FACE_OUTER_BOUND ( 'NONE', #238, .T. ) ;
#938 = VECTOR ( 'NONE', #397, 1000.000000000000000 ) ;
#939 = CARTESIAN_POINT ( 'NONE',  ( 8.250000000000003553, 0.000000000000000000, 15.00000000000000000 ) ) ;
#940 = FACE_OUTER_BOUND ( 'NONE', #1414, .T. ) ;
#941 = VECTOR ( 'NONE', #1227, 1000.000000000000000 ) ;
#942 = EDGE_LOOP ( 'NONE', ( #2995, #3606, #2678, #3951 ) ) ;
#943 = DIRECTION ( 'NONE',  ( 0.000000000000000000, 1.000000000000000000, 0.000000000000000000 ) ) ;
#944 = VECTOR ( 'NONE', #1493, 1000.000000000000000 ) ;
#945 = FACE_OUTER_BOUND ( 'NONE', #739, .T. ) ;
#946 = EDGE_CURVE ( 'NONE', #703, #1262, #2060, .T. ) ;
#947 = EDGE_CURVE ( 'NONE', #3544, #417, #317, .T. ) ;
#948 = EDGE_CURVE ( 'NONE', #132, #552, #1596, .T. ) ;
#949 = ORIENTED_EDGE ( 'NONE', *, *, #1445, .T. ) ;
#950 = DIRECTION ( 'NONE',  ( 0.000000000000000000, 0.000000000000000000, 1.000000000000000000 ) ) ;
#951 = LINE ( 'NONE', #2149, #999 ) ;
#952 = ORIENTED_EDGE ( 'NONE', *, *, #2615, .T. ) ;
#953 = CARTESIAN_POINT ( 'NONE',  ( -16.99999999999999289, 10.00000000000000000, 15.00000000000000000 ) ) ;
#954 = PRODUCT_CONTEXT ( 'NONE', #2245, 'mechanical' ) ;
#955 = DIRECTION ( 'NONE',  ( 0.000000000000000000, 0.000000000000000000, -1.000000000000000000 ) ) ;
#956 = CARTESIAN_POINT ( 'NONE',  ( -7.049999999999997158, 9.000000000000001776, -0.9999999999999991118 ) ) ;
#957 = DIRECTION ( 'NONE',  ( 1.000000000000000000, 0.000000000000000000, -3.422777023335854256E-15 ) ) ;
#958 = VERTEX_POINT ( 'NONE', #3130 ) ;
#959 = LINE ( 'NONE', #979, #1417 ) ;
#960 = CIRCLE ( 'NONE', #1091, 3.000000000000006217 ) ;
#961 = LINE ( 'NONE', #2531, #3280 ) ;
#962 = EDGE_LOOP ( 'NONE', ( #2048, #287, #1087, #99, #3059 ) ) ;
#963 = ORIENTED_EDGE ( 'NONE', *, *, #1099, .F. ) ;
#964 = DIRECTION ( 'NONE',  ( 0.000000000000000000, 1.000000000000000000, 0.000000000000000000 ) ) ;
#965 = EDGE_CURVE ( 'NONE', #1768, #2424, #1574, .T. ) ;
#966 = EDGE_CURVE ( 'NONE', #1813, #2336, #1296, .T. ) ;
#967 = LINE ( 'NONE', #102, #877 ) ;
#968 = ORIENTED_EDGE ( 'NONE', *, *, #3218, .F. ) ;
#969 = CARTESIAN_POINT ( 'NONE',  ( 20.00000000000000355, 4.999999999999997335, -11.99999999999997868 ) ) ;
#970 = EDGE_CURVE ( 'NONE', #496, #203, #3150, .T. ) ;
#971 = CARTESIAN_POINT ( 'NONE',  ( 5.750000000000003553, 0.000000000000000000, -15.00000000000000000 ) ) ;
#972 = LINE ( 'NONE', #3235, #805 ) ;
#973 = ADVANCED_FACE ( 'NONE', ( #2801 ), #2548, .F. ) ;
#974 = DIRECTION ( 'NONE',  ( -0.000000000000000000, -1.000000000000000000, -0.000000000000000000 ) ) ;
#975 = CARTESIAN_POINT ( 'NONE',  ( 17.00000000000000000, 7.000000000000000000, -8.999999999999996447 ) ) ;
#976 = ORIENTED_EDGE ( 'NONE', *, *, #2286, .F. ) ;
#977 = PLANE ( 'NONE',  #3284 ) ;
#978 = ORIENTED_EDGE ( 'NONE', *, *, #1205, .F. ) ;
#979 = CARTESIAN_POINT ( 'NONE',  ( 8.250000000000003553, 31.00000000000000000, 11.49999999999999822 ) ) ;
#980 = VECTOR ( 'NONE', #100, 1000.000000000000000 ) ;
#981 = DIRECTION ( 'NONE',  ( -0.7071067811865505703, 0.7071067811865444641, 4.088782444489021367E-16 ) ) ;
#982 = VERTEX_POINT ( 'NONE', #3185 ) ;
#983 = ORIENTED_EDGE ( 'NONE', *, *, #1748, .F. ) ;
#984 = DIRECTION ( 'NONE',  ( -1.000000000000000000, 0.000000000000000000, 3.422777023335854256E-15 ) ) ;
#985 = FACE_OUTER_BOUND ( 'NONE', #1958, .T. ) ;
#986 = VERTEX_POINT ( 'NONE', #2821 ) ;
#987 = FACE_OUTER_BOUND ( 'NONE', #2182, .T. ) ;
#988 = VECTOR ( 'NONE', #3664, 1000.000000000000000 ) ;
#989 = DIRECTION ( 'NONE',  ( 0.7071067811865489050, -0.7071067811865460184, -2.420268843690292885E-15 ) ) ;
#990 = CARTESIAN_POINT ( 'NONE',  ( 14.00000000000000000, -26.00000000000000000, 12.00000000000000355 ) ) ;
#991 = EDGE_CURVE ( 'NONE', #1922, #22, #389, .T. ) ;
#992 = VECTOR ( 'NONE', #2074, 1000.000000000000000 ) ;
#993 = EDGE_CURVE ( 'NONE', #1975, #4041, #17, .T. ) ;
#994 = CARTESIAN_POINT ( 'NONE',  ( -9.299999999999995381, 9.000000000000001776, -0.9999999999999991118 ) ) ;
#995 = EDGE_CURVE ( 'NONE', #2698, #216, #3694, .T. ) ;
#996 = CARTESIAN_POINT ( 'NONE',  ( -12.99999999999999467, 0.000000000000000000, 12.00000000000000000 ) ) ;
#997 = AXIS2_PLACEMENT_3D ( 'NONE', #1790, #1488, #3739 ) ;
#998 = DIRECTION ( 'NONE',  ( -1.000000000000000000, 0.000000000000000000, 5.782411586589365527E-16 ) ) ;
#999 = VECTOR ( 'NONE', #3334, 1000.000000000000000 ) ;
#1000 = ORIENTED_EDGE ( 'NONE', *, *, #3752, .T. ) ;
#1001 = DIRECTION ( 'NONE',  ( 0.000000000000000000, 0.000000000000000000, 1.000000000000000000 ) ) ;
#1002 = VECTOR ( 'NONE', #674, 1000.000000000000000 ) ;
#1003 = DIRECTION ( 'NONE',  ( 3.426756996618803558E-15, 0.000000000000000000, -1.000000000000000000 ) ) ;
#1004 = DIRECTION ( 'NONE',  ( -1.156482317317873105E-15, 0.000000000000000000, -1.000000000000000000 ) ) ;
#1005 = ORIENTED_EDGE ( 'NONE', *, *, #1307, .F. ) ;
#1006 = AXIS2_PLACEMENT_3D ( 'NONE', #3179, #2229, #2154 ) ;
#1007 = DIRECTION ( 'NONE',  ( -1.000000000000000000, 0.000000000000000000, 3.430736969901751677E-15 ) ) ;
#1008 = ORIENTED_EDGE ( 'NONE', *, *, #428, .T. ) ;
#1009 = ORIENTED_EDGE ( 'NONE', *, *, #1197, .T. ) ;
#1010 = CARTESIAN_POINT ( 'NONE',  ( 17.00000000000000355, 7.000000000000000000, -12.00000000000000000 ) ) ;
#1011 = VERTEX_POINT ( 'NONE', #4042 ) ;
#1012 = PLANE ( 'NONE',  #2018 ) ;
#1013 = DIRECTION ( 'NONE',  ( 0.000000000000000000, 1.000000000000000000, 0.000000000000000000 ) ) ;
#1014 = CARTESIAN_POINT ( 'NONE',  ( -13.00000000000000533, 0.000000000000000000, 11.99999999999999467 ) ) ;
#1015 = CYLINDRICAL_SURFACE ( 'NONE', #875, 1.600000000000002531 ) ;
#1016 = LINE ( 'NONE', #1162, #2686 ) ;
#1017 = EDGE_CURVE ( 'NONE', #1050, #217, #959, .T. ) ;
#1018 = EDGE_CURVE ( 'NONE', #143, #189, #3748, .T. ) ;
#1019 = CARTESIAN_POINT ( 'NONE',  ( -1.711388511667927443E-14, -0.000000000000000000, -5.000000000000000888 ) ) ;
#1020 = EDGE_CURVE ( 'NONE', #847, #1792, #3110, .T. ) ;
#1021 = ORIENTED_EDGE ( 'NONE', *, *, #1175, .T. ) ;
#1022 = FACE_OUTER_BOUND ( 'NONE', #51, .T. ) ;
#1023 = VECTOR ( 'NONE', #1186, 1000.000000000000000 ) ;
#1024 = LINE ( 'NONE', #3460, #1722 ) ;
#1025 = CARTESIAN_POINT ( 'NONE',  ( -13.29999999999999538, 10.00000000000000000, -0.9999999999999991118 ) ) ;
#1026 = AXIS2_PLACEMENT_3D ( 'NONE', #1263, #3711, #924 ) ;
#1027 = VERTEX_POINT ( 'NONE', #1612 ) ;
#1028 = PLANE ( 'NONE',  #1181 ) ;
#1029 = ORIENTED_EDGE ( 'NONE', *, *, #449, .T. ) ;
#1030 = AXIS2_PLACEMENT_3D ( 'NONE', #1520, #2764, #1132 ) ;
#1031 = ORIENTED_EDGE ( 'NONE', *, *, #2912, .F. ) ;
#1032 = DIRECTION ( 'NONE',  ( 1.000000000000000000, 0.000000000000000000, -3.422777023335854650E-15 ) ) ;
#1033 = ORIENTED_EDGE ( 'NONE', *, *, #421, .F. ) ;
#1034 = CARTESIAN_POINT ( 'NONE',  ( -14.99999999999999289, 7.000000000000000000, 12.00000000000000000 ) ) ;
#1035 = DIRECTION ( 'NONE',  ( -0.000000000000000000, -1.000000000000000000, -0.000000000000000000 ) ) ;
#1036 = LINE ( 'NONE', #1663, #3666 ) ;
#1037 = CARTESIAN_POINT ( 'NONE',  ( -30.02498439450075196, 15.02498439450071110, -6.999999999999897859 ) ) ;
#1038 = DIRECTION ( 'NONE',  ( -1.445602896647341875E-16, -0.000000000000000000, -1.000000000000000000 ) ) ;
#1039 = CARTESIAN_POINT ( 'NONE',  ( -16.99999999999999289, 10.00000000000000000, 12.00000000000000355 ) ) ;
#1040 = ORIENTED_EDGE ( 'NONE', *, *, #3169, .F. ) ;
#1041 = LINE ( 'NONE', #3847, #3953 ) ;
#1042 = DIRECTION ( 'NONE',  ( -0.7071067811865444641, -0.7071067811865505703, -2.431525908079534926E-15 ) ) ;
#1043 = ADVANCED_FACE ( 'NONE', ( #677 ), #2479, .F. ) ;
#1044 = ORIENTED_EDGE ( 'NONE', *, *, #115, .F. ) ;
#1045 = VECTOR ( 'NONE', #3839, 1000.000000000000000 ) ;
#1046 = PLANE ( 'NONE',  #1698 ) ;
#1047 = EDGE_CURVE ( 'NONE', #3626, #502, #1896, .T. ) ;
#1048 = ORIENTED_EDGE ( 'NONE', *, *, #2565, .F. ) ;
#1049 = DIRECTION ( 'NONE',  ( 1.000000000000000000, 0.000000000000000000, -3.438696916467649099E-15 ) ) ;
#1050 = VERTEX_POINT ( 'NONE', #2530 ) ;
#1051 = CARTESIAN_POINT ( 'NONE',  ( 17.00000000000000000, 7.000000000000000000, -8.999999999999996447 ) ) ;
#1052 = CARTESIAN_POINT ( 'NONE',  ( 11.15000000000000746, 10.00000000000000000, -2.500000000000001332 ) ) ;
#1053 = CARTESIAN_POINT ( 'NONE',  ( 17.00000000000000000, 10.00000000000000000, -11.99999999999999645 ) ) ;
#1054 = ORIENTED_EDGE ( 'NONE', *, *, #2522, .T. ) ;
#1055 = AXIS2_PLACEMENT_3D ( 'NONE', #1662, #707, #2005 ) ;
#1056 = CARTESIAN_POINT ( 'NONE',  ( -16.99999999999999289, 4.999999999999997335, 10.40000000000000213 ) ) ;
#1057 = AXIS2_PLACEMENT_3D ( 'NONE', #3364, #903, #2137 ) ;
#1058 = FACE_OUTER_BOUND ( 'NONE', #1916, .T. ) ;
#1059 = ORIENTED_EDGE ( 'NONE', *, *, #115, .T. ) ;
#1060 = ORIENTED_EDGE ( 'NONE', *, *, #899, .F. ) ;
#1061 = VECTOR ( 'NONE', #1910, 1000.000000000000114 ) ;
#1062 = CARTESIAN_POINT ( 'NONE',  ( 11.15000000000000746, 7.000000000000000000, -2.500000000000001332 ) ) ;
#1063 = LINE ( 'NONE', #2303, #3157 ) ;
#1064 = VECTOR ( 'NONE', #2328, 1000.000000000000000 ) ;
#1065 = ORIENTED_EDGE ( 'NONE', *, *, #2593, .T. ) ;
#1066 = FACE_OUTER_BOUND ( 'NONE', #1820, .T. ) ;
#1067 = VECTOR ( 'NONE', #3025, 1000.000000000000000 ) ;
#1068 = ADVANCED_FACE ( 'NONE', ( #1920 ), #1880, .T. ) ;
#1069 = EDGE_CURVE ( 'NONE', #19, #781, #700, .T. ) ;
#1070 = ORIENTED_EDGE ( 'NONE', *, *, #2011, .T. ) ;
#1071 = CYLINDRICAL_SURFACE ( 'NONE', #1138, 1.600000000000002531 ) ;
#1072 = EDGE_CURVE ( 'NONE', #2485, #3100, #3731, .T. ) ;
#1073 = VECTOR ( 'NONE', #2928, 1000.000000000000000 ) ;
#1074 = ORIENTED_EDGE ( 'NONE', *, *, #3240, .T. ) ;
#1075 = DIRECTION ( 'NONE',  ( -5.782411586589365527E-16, 0.000000000000000000, -1.000000000000000000 ) ) ;
#1076 = FACE_OUTER_BOUND ( 'NONE', #1188, .T. ) ;
#1077 = CARTESIAN_POINT ( 'NONE',  ( 14.00000000000000178, 7.000000000000000000, -12.00000000000000000 ) ) ;
#1078 = ADVANCED_FACE ( 'NONE', ( #2240 ), #74, .T. ) ;
#1079 = VERTEX_POINT ( 'NONE', #473 ) ;
#1080 = FACE_OUTER_BOUND ( 'NONE', #3430, .T. ) ;
#1081 = DIRECTION ( 'NONE',  ( -0.000000000000000000, -1.000000000000000000, -0.000000000000000000 ) ) ;
#1082 = ORIENTED_EDGE ( 'NONE', *, *, #1197, .F. ) ;
#1083 = DIRECTION ( 'NONE',  ( -1.000000000000000000, 0.000000000000000000, 1.445602896647341875E-16 ) ) ;
#1084 = CARTESIAN_POINT ( 'NONE',  ( 29.02498439450083012, 16.02498439450095447, 9.000000000000101252 ) ) ;
#1085 = ORIENTED_EDGE ( 'NONE', *, *, #2039, .F. ) ;
#1086 = CARTESIAN_POINT ( 'NONE',  ( 14.00000000000000000, 45.04996878900156787, 13.00000000000004974 ) ) ;
#1087 = ORIENTED_EDGE ( 'NONE', *, *, #2965, .F. ) ;
#1088 = EDGE_LOOP ( 'NONE', ( #2467, #2831, #3648, #845 ) ) ;
#1089 = DIRECTION ( 'NONE',  ( 0.000000000000000000, 1.000000000000000000, 0.000000000000000000 ) ) ;
#1090 = VECTOR ( 'NONE', #2216, 1000.000000000000000 ) ;
#1091 = AXIS2_PLACEMENT_3D ( 'NONE', #2322, #1410, #1976 ) ;
#1092 = ORIENTED_EDGE ( 'NONE', *, *, #2416, .F. ) ;
#1093 = EDGE_CURVE ( 'NONE', #3303, #409, #1321, .T. ) ;
#1094 = CARTESIAN_POINT ( 'NONE',  ( 14.00000000000000000, 5.000000000000000000, -11.00000000000005151 ) ) ;
#1095 = ADVANCED_FACE ( 'NONE', ( #1022 ), #2278, .F. ) ;
#1096 = LINE ( 'NONE', #2332, #3521 ) ;
#1097 = ORIENTED_EDGE ( 'NONE', *, *, #3067, .T. ) ;
#1098 = ORIENTED_EDGE ( 'NONE', *, *, #3450, .T. ) ;
#1099 = EDGE_CURVE ( 'NONE', #3071, #216, #2343, .T. ) ;
#1100 = CARTESIAN_POINT ( 'NONE',  ( -16.99999999999999289, 4.999999999999997335, 13.60000000000000675 ) ) ;
#1101 = ADVANCED_FACE ( 'NONE', ( #3577 ), #1714, .F. ) ;
#1102 = AXIS2_PLACEMENT_3D ( 'NONE', #820, #2057, #252 ) ;
#1103 = CYLINDRICAL_SURFACE ( 'NONE', #302, 1.600000000000002531 ) ;
#1104 = DIRECTION ( 'NONE',  ( 0.000000000000000000, -1.000000000000000000, 0.000000000000000000 ) ) ;
#1105 = CARTESIAN_POINT ( 'NONE',  ( 16.50000000000000711, 31.00000000000000000, -2.999999999999995115 ) ) ;
#1106 = CARTESIAN_POINT ( 'NONE',  ( 14.00000000000000000, 1.000000000000000888, -11.00000000000004974 ) ) ;
#1107 = CARTESIAN_POINT ( 'NONE',  ( -4.470305991407944065E-14, 45.04996878900156787, -13.00000000000000178 ) ) ;
#1108 = ORIENTED_EDGE ( 'NONE', *, *, #3288, .F. ) ;
#1109 = LINE ( 'NONE', #803, #2761 ) ;
#1110 = ORIENTED_EDGE ( 'NONE', *, *, #3687, .T. ) ;
#1111 = CARTESIAN_POINT ( 'NONE',  ( 17.00000000000000000, 10.00000000000000000, 12.00000000000000355 ) ) ;
#1112 = VECTOR ( 'NONE', #723, 1000.000000000000000 ) ;
#1113 = VERTEX_POINT ( 'NONE', #1062 ) ;
#1114 = CARTESIAN_POINT ( 'NONE',  ( 14.00000000000000000, 10.00000000000000000, -15.00000000000000000 ) ) ;
#1115 = PLANE ( 'NONE',  #3461 ) ;
#1116 = CIRCLE ( 'NONE', #2870, 2.999999999999999112 ) ;
#1117 = ORIENTED_EDGE ( 'NONE', *, *, #3959, .T. ) ;
#1118 = VERTEX_POINT ( 'NONE', #736 ) ;
#1119 = ORIENTED_EDGE ( 'NONE', *, *, #139, .T. ) ;
#1120 = DIRECTION ( 'NONE',  ( 1.000000000000000000, 0.000000000000000000, -0.000000000000000000 ) ) ;
#1121 = EDGE_CURVE ( 'NONE', #722, #1144, #796, .T. ) ;
#1122 = EDGE_CURVE ( 'NONE', #2710, #4032, #434, .T. ) ;
#1123 = CARTESIAN_POINT ( 'NONE',  ( 6.150000000000009237, 7.000000000000000000, 2.499999999999998668 ) ) ;
#1124 = EDGE_CURVE ( 'NONE', #1179, #3005, #960, .T. ) ;
#1125 = CARTESIAN_POINT ( 'NONE',  ( -19.99999999999999645, 4.999999999999997335, -11.99999999999997691 ) ) ;
#1126 = CYLINDRICAL_SURFACE ( 'NONE', #1963, 1.500000000000000888 ) ;
#1127 = PLANE ( 'NONE',  #1102 ) ;
#1128 = VECTOR ( 'NONE', #556, 1000.000000000000000 ) ;
#1129 = CARTESIAN_POINT ( 'NONE',  ( -7.049999999999997158, 9.000000000000001776, -0.9999999999999991118 ) ) ;
#1130 = VECTOR ( 'NONE', #2721, 1000.000000000000000 ) ;
#1131 = VERTEX_POINT ( 'NONE', #2656 ) ;
#1132 = DIRECTION ( 'NONE',  ( 0.000000000000000000, 0.000000000000000000, 1.000000000000000000 ) ) ;
#1133 = ORIENTED_EDGE ( 'NONE', *, *, #3708, .T. ) ;
#1134 = VECTOR ( 'NONE', #445, 1000.000000000000000 ) ;
#1135 = ORIENTED_EDGE ( 'NONE', *, *, #2231, .T. ) ;
#1136 = CARTESIAN_POINT ( 'NONE',  ( 5.750000000000003553, 0.000000000000000000, -20.00000000000000000 ) ) ;
#1137 = ORIENTED_EDGE ( 'NONE', *, *, #800, .T. ) ;
#1138 = AXIS2_PLACEMENT_3D ( 'NONE', #3543, #1395, #3583 ) ;
#1139 = CARTESIAN_POINT ( 'NONE',  ( 17.00000000000000000, 7.000000000000000000, 12.00000000000000355 ) ) ;
#1140 = ORIENTED_EDGE ( 'NONE', *, *, #2538, .F. ) ;
#1141 = DIRECTION ( 'NONE',  ( 0.000000000000000000, 0.000000000000000000, 1.000000000000000000 ) ) ;
#1142 = ORIENTED_EDGE ( 'NONE', *, *, #3409, .F. ) ;
#1143 = VECTOR ( 'NONE', #2017, 1000.000000000000000 ) ;
#1144 = VERTEX_POINT ( 'NONE', #3893 ) ;
#1145 = VECTOR ( 'NONE', #2275, 1000.000000000000000 ) ;
#1146 = CARTESIAN_POINT ( 'NONE',  ( 14.00000000000000178, -26.00000000000000000, 15.00000000000000000 ) ) ;
#1147 = CARTESIAN_POINT ( 'NONE',  ( 17.00000000000000000, 7.000000000000000000, -10.39999999999999503 ) ) ;
#1148 = CARTESIAN_POINT ( 'NONE',  ( -14.99999999999999289, 45.04996878900156787, 3.000000000000008438 ) ) ;
#1149 = CARTESIAN_POINT ( 'NONE',  ( -6.749999999999997335, 0.000000000000000000, 9.999999999999998224 ) ) ;
#1150 = CARTESIAN_POINT ( 'NONE',  ( -13.99999999999999467, 1.000000000000007772, -11.99999999999999645 ) ) ;
#1151 = EDGE_CURVE ( 'NONE', #2864, #187, #713, .T. ) ;
#1152 = DIRECTION ( 'NONE',  ( 0.000000000000000000, 0.000000000000000000, 1.000000000000000000 ) ) ;
#1153 = VERTEX_POINT ( 'NONE', #1106 ) ;
#1154 = DIRECTION ( 'NONE',  ( -1.156482317317873105E-15, 0.000000000000000000, -1.000000000000000000 ) ) ;
#1155 = DIRECTION ( 'NONE',  ( 0.000000000000000000, -1.000000000000000000, 0.000000000000000000 ) ) ;
#1156 = CARTESIAN_POINT ( 'NONE',  ( -13.99999999999999467, 1.000000000000007772, 15.00000000000000000 ) ) ;
#1157 = ORIENTED_EDGE ( 'NONE', *, *, #1565, .T. ) ;
#1158 = CARTESIAN_POINT ( 'NONE',  ( -1.029221090970525543E-14, -0.000000000000000000, 3.000000000000000000 ) ) ;
#1159 = DIRECTION ( 'NONE',  ( 0.000000000000000000, 0.000000000000000000, 1.000000000000000000 ) ) ;
#1160 = VERTEX_POINT ( 'NONE', #2896 ) ;
#1161 = ORIENTED_EDGE ( 'NONE', *, *, #232, .F. ) ;
#1162 = CARTESIAN_POINT ( 'NONE',  ( -13.99999999999999467, 10.00000000000000000, -11.99999999999999645 ) ) ;
#1163 = DIRECTION ( 'NONE',  ( 0.000000000000000000, 0.000000000000000000, -1.000000000000000000 ) ) ;
#1164 = DIRECTION ( 'NONE',  ( -0.000000000000000000, -1.000000000000000000, -0.000000000000000000 ) ) ;
#1165 = CARTESIAN_POINT ( 'NONE',  ( -16.50000000000000711, 31.00000000000000000, 5.750000000000000888 ) ) ;
#1166 = LINE ( 'NONE', #1150, #2521 ) ;
#1167 = CARTESIAN_POINT ( 'NONE',  ( -13.99999999999999467, -26.00000000000000000, 15.00000000000000000 ) ) ;
#1168 = VERTEX_POINT ( 'NONE', #3286 ) ;
#1169 = CARTESIAN_POINT ( 'NONE',  ( -4.470305991407944065E-14, 4.999999999999997335, 13.00000000000000178 ) ) ;
#1170 = DIRECTION ( 'NONE',  ( -1.000000000000000000, -0.000000000000000000, -0.000000000000000000 ) ) ;
#1171 = ORIENTED_EDGE ( 'NONE', *, *, #1307, .T. ) ;
#1172 = DIRECTION ( 'NONE',  ( -0.000000000000000000, -1.000000000000000000, -0.000000000000000000 ) ) ;
#1173 = ADVANCED_FACE ( 'NONE', ( #3226 ), #497, .F. ) ;
#1174 = ADVANCED_FACE ( 'NONE', ( #1674 ), #1952, .F. ) ;
#1175 = EDGE_CURVE ( 'NONE', #4032, #1582, #1693, .T. ) ;
#1176 = ORIENTED_EDGE ( 'NONE', *, *, #2587, .T. ) ;
#1177 = DIRECTION ( 'NONE',  ( -1.000000000000000000, 0.000000000000000000, 0.000000000000000000 ) ) ;
#1178 = CARTESIAN_POINT ( 'NONE',  ( -13.99999999999999467, 5.000000000000000000, -11.99999999999999645 ) ) ;
#1179 = VERTEX_POINT ( 'NONE', #411 ) ;
#1180 = ORIENTED_EDGE ( 'NONE', *, *, #2288, .F. ) ;
#1181 = AXIS2_PLACEMENT_3D ( 'NONE', #3463, #682, #984 ) ;
#1182 = CARTESIAN_POINT ( 'NONE',  ( -7.049999999999997158, 10.00000000000000000, -0.9999999999999991118 ) ) ;
#1183 = LINE ( 'NONE', #3686, #2773 ) ;
#1184 = DIRECTION ( 'NONE',  ( 0.000000000000000000, 0.000000000000000000, -1.000000000000000000 ) ) ;
#1185 = ORIENTED_EDGE ( 'NONE', *, *, #1865, .T. ) ;
#1186 = DIRECTION ( 'NONE',  ( -0.000000000000000000, -0.000000000000000000, 1.000000000000000000 ) ) ;
#1187 = FACE_OUTER_BOUND ( 'NONE', #211, .T. ) ;
#1188 = EDGE_LOOP ( 'NONE', ( #2186, #1191, #1295, #2222 ) ) ;
#1189 = AXIS2_PLACEMENT_3D ( 'NONE', #2561, #2539, #2866 ) ;
#1190 = DIRECTION ( 'NONE',  ( 0.000000000000000000, -1.000000000000000000, 0.000000000000000000 ) ) ;
#1191 = ORIENTED_EDGE ( 'NONE', *, *, #2644, .T. ) ;
#1192 = LINE ( 'NONE', #1484, #1257 ) ;
#1193 = AXIS2_PLACEMENT_3D ( 'NONE', #2509, #2834, #3825 ) ;
#1194 = EDGE_LOOP ( 'NONE', ( #420, #3330, #1021, #1530 ) ) ;
#1195 = LINE ( 'NONE', #2113, #2745 ) ;
#1196 = VECTOR ( 'NONE', #3904, 1000.000000000000000 ) ;
#1197 = EDGE_CURVE ( 'NONE', #1131, #2330, #2613, .T. ) ;
#1198 = LINE ( 'NONE', #2132, #2365 ) ;
#1199 = ORIENTED_EDGE ( 'NONE', *, *, #1664, .T. ) ;
#1200 = EDGE_CURVE ( 'NONE', #1235, #701, #1041, .T. ) ;
#1201 = VECTOR ( 'NONE', #1437, 1000.000000000000000 ) ;
#1202 = ORIENTED_EDGE ( 'NONE', *, *, #2390, .T. ) ;
#1203 = LINE ( 'NONE', #3123, #3921 ) ;
#1204 = AXIS2_PLACEMENT_3D ( 'NONE', #1433, #3605, #821 ) ;
#1205 = EDGE_CURVE ( 'NONE', #3790, #3626, #2934, .T. ) ;
#1206 = DIRECTION ( 'NONE',  ( 0.000000000000000000, 0.000000000000000000, 1.000000000000000000 ) ) ;
#1207 = CARTESIAN_POINT ( 'NONE',  ( 8.250000000000003553, 7.000000000000000000, 12.00000000000000000 ) ) ;
#1208 = AXIS2_PLACEMENT_3D ( 'NONE', #2910, #179, #3514 ) ;
#1209 = DIRECTION ( 'NONE',  ( 0.000000000000000000, 0.000000000000000000, -1.000000000000000000 ) ) ;
#1210 = LINE ( 'NONE', #230, #1023 ) ;
#1211 = DIRECTION ( 'NONE',  ( -0.000000000000000000, -1.000000000000000000, -0.000000000000000000 ) ) ;
#1212 = VERTEX_POINT ( 'NONE', #134 ) ;
#1213 = DIRECTION ( 'NONE',  ( 1.000000000000000000, -0.000000000000000000, 3.430736969901751677E-15 ) ) ;
#1214 = CARTESIAN_POINT ( 'NONE',  ( 14.00000000000000000, 10.00000000000000000, -11.99999999999999645 ) ) ;
#1215 = ORIENTED_EDGE ( 'NONE', *, *, #2795, .T. ) ;
#1216 = LINE ( 'NONE', #1466, #2610 ) ;
#1217 = DIRECTION ( 'NONE',  ( 0.000000000000000000, -1.000000000000000000, 0.000000000000000000 ) ) ;
#1218 = ORIENTED_EDGE ( 'NONE', *, *, #2618, .T. ) ;
#1219 = ORIENTED_EDGE ( 'NONE', *, *, #394, .T. ) ;
#1220 = CARTESIAN_POINT ( 'NONE',  ( 17.00000000000000000, 10.00000000000000000, -8.999999999999996447 ) ) ;
#1221 = EDGE_CURVE ( 'NONE', #3941, #1409, #1210, .T. ) ;
#1222 = VECTOR ( 'NONE', #1001, 1000.000000000000000 ) ;
#1223 = DIRECTION ( 'NONE',  ( 0.000000000000000000, 0.000000000000000000, -1.000000000000000000 ) ) ;
#1224 = EDGE_CURVE ( 'NONE', #3769, #203, #1166, .T. ) ;
#1225 = DIRECTION ( 'NONE',  ( 0.000000000000000000, 0.000000000000000000, 1.000000000000000000 ) ) ;
#1226 = CARTESIAN_POINT ( 'NONE',  ( -14.99999999999999289, 45.04996878900156787, -1.000000000000000000 ) ) ;
#1227 = DIRECTION ( 'NONE',  ( 1.445602896647341875E-16, 0.000000000000000000, 1.000000000000000000 ) ) ;
#1228 = ORIENTED_EDGE ( 'NONE', *, *, #1696, .T. ) ;
#1229 = DIRECTION ( 'NONE',  ( 0.000000000000000000, 1.000000000000000000, 0.000000000000000000 ) ) ;
#1230 = DIRECTION ( 'NONE',  ( 1.000000000000000000, -0.000000000000000000, 3.438696916467649099E-15 ) ) ;
#1231 = EDGE_LOOP ( 'NONE', ( #3337, #2042, #2230, #2786 ) ) ;
#1232 = FACE_BOUND ( 'NONE', #3787, .T. ) ;
#1233 = DIRECTION ( 'NONE',  ( -1.000000000000000000, 0.000000000000000000, -1.020425574104004122E-16 ) ) ;
#1234 = ORIENTED_EDGE ( 'NONE', *, *, #946, .T. ) ;
#1235 = VERTEX_POINT ( 'NONE', #201 ) ;
#1236 = DIRECTION ( 'NONE',  ( -0.000000000000000000, -1.000000000000000000, -0.000000000000000000 ) ) ;
#1237 = CARTESIAN_POINT ( 'NONE',  ( 20.00000000000000355, 7.000000000000000000, -8.999999999999994671 ) ) ;
#1238 = AXIS2_PLACEMENT_3D ( 'NONE', #2519, #964, #2804 ) ;
#1239 = CARTESIAN_POINT ( 'NONE',  ( -13.29999999999999538, 10.00000000000000000, 2.000000000000000888 ) ) ;
#1240 = EDGE_CURVE ( 'NONE', #1667, #2529, #2736, .T. ) ;
#1241 = EDGE_CURVE ( 'NONE', #2598, #2284, #3886, .T. ) ;
#1242 = DIRECTION ( 'NONE',  ( 0.000000000000000000, 1.000000000000000000, 0.000000000000000000 ) ) ;
#1243 = EDGE_CURVE ( 'NONE', #881, #1212, #3645, .T. ) ;
#1244 = VERTEX_POINT ( 'NONE', #1754 ) ;
#1245 = DIRECTION ( 'NONE',  ( -0.000000000000000000, -0.000000000000000000, 1.000000000000000000 ) ) ;
#1246 = CARTESIAN_POINT ( 'NONE',  ( 4.250000000000003553, 31.00000000000000000, -11.49999999999999822 ) ) ;
#1247 = MECHANICAL_DESIGN_GEOMETRIC_PRESENTATION_REPRESENTATION (  '', ( #3006 ), #1452 ) ;
#1248 = ORIENTED_EDGE ( 'NONE', *, *, #1548, .T. ) ;
#1249 = PLANE ( 'NONE',  #1891 ) ;
#1250 = CIRCLE ( 'NONE', #71, 2.999999999999999112 ) ;
#1251 = CIRCLE ( 'NONE', #2163, 1.500000000000000444 ) ;
#1252 = LINE ( 'NONE', #3414, #1459 ) ;
#1253 = ORIENTED_EDGE ( 'NONE', *, *, #1124, .F. ) ;
#1254 = VECTOR ( 'NONE', #403, 1000.000000000000000 ) ;
#1255 = DIRECTION ( 'NONE',  ( 0.000000000000000000, -0.000000000000000000, 1.000000000000000000 ) ) ;
#1256 = LINE ( 'NONE', #2543, #3856 ) ;
#1257 = VECTOR ( 'NONE', #2766, 1000.000000000000000 ) ;
#1258 = DIRECTION ( 'NONE',  ( 0.7071067811865500152, 0.7071067811865451302, 0.000000000000000000 ) ) ;
#1259 = LINE ( 'NONE', #1628, #3673 ) ;
#1260 = VECTOR ( 'NONE', #1042, 1000.000000000000000 ) ;
#1261 = ADVANCED_FACE ( 'NONE', ( #3671, #841 ), #1476, .T. ) ;
#1262 = VERTEX_POINT ( 'NONE', #888 ) ;
#1263 = CARTESIAN_POINT ( 'NONE',  ( 17.00000000000000355, 4.999999999999997335, -12.00000000000000000 ) ) ;
#1264 = EDGE_CURVE ( 'NONE', #326, #1962, #763, .T. ) ;
#1265 = FACE_OUTER_BOUND ( 'NONE', #2536, .T. ) ;
#1266 = EDGE_CURVE ( 'NONE', #1743, #1860, #863, .T. ) ;
#1267 = ORIENTED_EDGE ( 'NONE', *, *, #1523, .T. ) ;
#1268 = CARTESIAN_POINT ( 'NONE',  ( -1.029221090970525543E-14, -0.000000000000000000, -3.000000000000000000 ) ) ;
#1269 = EDGE_CURVE ( 'NONE', #3041, #843, #431, .T. ) ;
#1270 = LINE ( 'NONE', #338, #352 ) ;
#1271 = EDGE_LOOP ( 'NONE', ( #3967, #3611, #3416, #1673 ) ) ;
#1272 = ORIENTED_EDGE ( 'NONE', *, *, #1240, .T. ) ;
#1273 = DIRECTION ( 'NONE',  ( 0.000000000000000000, 0.000000000000000000, -1.000000000000000000 ) ) ;
#1274 = PLANE ( 'NONE',  #1773 ) ;
#1275 = DIRECTION ( 'NONE',  ( -0.000000000000000000, -1.000000000000000000, -0.000000000000000000 ) ) ;
#1276 = LINE ( 'NONE', #2527, #3083 ) ;
#1277 = CARTESIAN_POINT ( 'NONE',  ( -19.99999999999999645, 10.00000000000000000, -8.999999999999998224 ) ) ;
#1278 = ORIENTED_EDGE ( 'NONE', *, *, #1499, .T. ) ;
#1279 = DIRECTION ( 'NONE',  ( 0.000000000000000000, -0.000000000000000000, 1.000000000000000000 ) ) ;
#1280 = DIRECTION ( 'NONE',  ( 1.000000000000000000, 0.000000000000000000, -5.782411586589351722E-16 ) ) ;
#1281 = ORIENTED_EDGE ( 'NONE', *, *, #3809, .F. ) ;
#1282 = LINE ( 'NONE', #3751, #1950 ) ;
#1283 = EDGE_CURVE ( 'NONE', #300, #26, #2673, .T. ) ;
#1284 = ADVANCED_FACE ( 'NONE', ( #2695 ), #3346, .F. ) ;
#1285 = DIRECTION ( 'NONE',  ( -0.000000000000000000, -1.000000000000000000, -0.000000000000000000 ) ) ;
#1286 = EDGE_CURVE ( 'NONE', #3357, #705, #3621, .T. ) ;
#1287 = ORIENTED_EDGE ( 'NONE', *, *, #2814, .T. ) ;
#1288 = CARTESIAN_POINT ( 'NONE',  ( -13.99999999999999467, 10.00000000000000000, 15.00000000000000000 ) ) ;
#1289 = LINE ( 'NONE', #3195, #2942 ) ;
#1290 = CARTESIAN_POINT ( 'NONE',  ( -16.99999999999997868, 0.000000000000000000, -15.00000000000000000 ) ) ;
#1291 = CARTESIAN_POINT ( 'NONE',  ( -19.99999999999999645, 10.00000000000000000, 9.000000000000003553 ) ) ;
#1292 = LINE ( 'NONE', #67, #344 ) ;
#1293 = DIRECTION ( 'NONE',  ( 0.000000000000000000, 0.000000000000000000, 1.000000000000000000 ) ) ;
#1294 = DIRECTION ( 'NONE',  ( -2.891205793294678326E-16, 0.000000000000000000, -1.000000000000000000 ) ) ;
#1295 = ORIENTED_EDGE ( 'NONE', *, *, #2669, .T. ) ;
#1296 = LINE ( 'NONE', #695, #511 ) ;
#1297 = CIRCLE ( 'NONE', #858, 1.499999999999999556 ) ;
#1298 = CARTESIAN_POINT ( 'NONE',  ( -13.99999999999999467, 7.000000000000000000, -15.00000000000000000 ) ) ;
#1299 = EDGE_LOOP ( 'NONE', ( #172, #39, #3471, #898, #1436, #178, #2307, #2622, #3411, #1355, #2723, #3929, #3336, #752, #523, #1943, #3972, #2608, #3089, #586 ) ) ;
#1300 = ORIENTED_EDGE ( 'NONE', *, *, #3574, .F. ) ;
#1301 = CYLINDRICAL_SURFACE ( 'NONE', #1632, 1.600000000000002531 ) ;
#1302 = VERTEX_POINT ( 'NONE', #3956 ) ;
#1303 = EDGE_LOOP ( 'NONE', ( #716, #3014, #72, #1097, #133, #3467 ) ) ;
#1304 = LINE ( 'NONE', #2557, #938 ) ;
#1305 = ORIENTED_EDGE ( 'NONE', *, *, #1017, .F. ) ;
#1306 = EDGE_CURVE ( 'NONE', #108, #3206, #2457, .T. ) ;
#1307 = EDGE_CURVE ( 'NONE', #3497, #217, #3366, .T. ) ;
#1308 = CARTESIAN_POINT ( 'NONE',  ( -9.299999999999995381, 9.000000000000001776, -0.9999999999999991118 ) ) ;
#1309 = VECTOR ( 'NONE', #1930, 1000.000000000000114 ) ;
#1310 = CARTESIAN_POINT ( 'NONE',  ( 16.50000000000000711, 4.999999999999997335, 3.000000000000005329 ) ) ;
#1311 = ADVANCED_FACE ( 'NONE', ( #3046 ), #1127, .F. ) ;
#1312 = DIRECTION ( 'NONE',  ( -1.000000000000000000, 0.000000000000000000, 5.782411586589365527E-16 ) ) ;
#1313 = VECTOR ( 'NONE', #1514, 1000.000000000000000 ) ;
#1314 = CARTESIAN_POINT ( 'NONE',  ( -14.99999999999999289, 6.999999999999999112, 4.250000000000000000 ) ) ;
#1315 = LINE ( 'NONE', #2586, #1378 ) ;
#1316 = EDGE_CURVE ( 'NONE', #3232, #1079, #774, .T. ) ;
#1317 = AXIS2_PLACEMENT_3D ( 'NONE', #1423, #1746, #1141 ) ;
#1318 = DIRECTION ( 'NONE',  ( 5.782411586589365527E-16, 0.000000000000000000, 1.000000000000000000 ) ) ;
#1319 = VECTOR ( 'NONE', #2198, 1000.000000000000000 ) ;
#1320 = EDGE_LOOP ( 'NONE', ( #2911, #1117, #544, #2178 ) ) ;
#1321 = LINE ( 'NONE', #3538, #2788 ) ;
#1322 = AXIS2_PLACEMENT_3D ( 'NONE', #1914, #50, #691 ) ;
#1323 = DIRECTION ( 'NONE',  ( -1.000000000000000000, 0.000000000000000000, -3.426756996618803558E-15 ) ) ;
#1324 = PLANE ( 'NONE',  #2498 ) ;
#1325 = ORIENTED_EDGE ( 'NONE', *, *, #3169, .T. ) ;
#1326 = VECTOR ( 'NONE', #3243, 1000.000000000000000 ) ;
#1327 = LINE ( 'NONE', #1560, #2997 ) ;
#1328 = ORIENTED_EDGE ( 'NONE', *, *, #2143, .T. ) ;
#1329 = CARTESIAN_POINT ( 'NONE',  ( 20.00000000000000711, 10.00000000000000000, 9.000000000000005329 ) ) ;
#1330 = VERTEX_POINT ( 'NONE', #516 ) ;
#1331 = DIRECTION ( 'NONE',  ( 1.000000000000000000, -0.000000000000000000, 0.000000000000000000 ) ) ;
#1332 = FACE_BOUND ( 'NONE', #3682, .T. ) ;
#1333 = CARTESIAN_POINT ( 'NONE',  ( -3.049999999999996714, 10.00000000000000000, -0.9999999999999991118 ) ) ;
#1334 = CARTESIAN_POINT ( 'NONE',  ( 5.750000000000001776, 7.000000000000000000, -15.00000000000000000 ) ) ;
#1335 = CARTESIAN_POINT ( 'NONE',  ( 13.00000000000000888, 0.000000000000000000, 12.00000000000000000 ) ) ;
#1336 = EDGE_CURVE ( 'NONE', #3247, #3100, #3304, .T. ) ;
#1337 = DIRECTION ( 'NONE',  ( -0.000000000000000000, -1.000000000000000000, -0.000000000000000000 ) ) ;
#1338 = ORIENTED_EDGE ( 'NONE', *, *, #3885, .T. ) ;
#1339 = EDGE_CURVE ( 'NONE', #1027, #2706, #3760, .T. ) ;
#1340 = ORIENTED_EDGE ( 'NONE', *, *, #4013, .T. ) ;
#1341 = ORIENTED_EDGE ( 'NONE', *, *, #3603, .T. ) ;
#1342 = CARTESIAN_POINT ( 'NONE',  ( -5.749999999999996447, 7.000000000000000000, 12.00000000000000000 ) ) ;
#1343 = PLANE ( 'NONE',  #557 ) ;
#1344 = VECTOR ( 'NONE', #1213, 1000.000000000000000 ) ;
#1345 = AXIS2_PLACEMENT_3D ( 'NONE', #2434, #1818, #2388 ) ;
#1346 = VERTEX_POINT ( 'NONE', #1569 ) ;
#1347 = DIRECTION ( 'NONE',  ( 0.7071067811865451302, -0.7071067811865500152, -2.431525908079537293E-15 ) ) ;
#1348 = AXIS2_PLACEMENT_3D ( 'NONE', #3308, #909, #3386 ) ;
#1349 = ORIENTED_EDGE ( 'NONE', *, *, #1615, .F. ) ;
#1350 = CARTESIAN_POINT ( 'NONE',  ( 14.00000000000000000, 5.000000000000000000, -11.99999999999999645 ) ) ;
#1351 = ORIENTED_EDGE ( 'NONE', *, *, #751, .F. ) ;
#1352 = DIRECTION ( 'NONE',  ( 0.000000000000000000, -0.000000000000000000, 1.000000000000000000 ) ) ;
#1353 = CARTESIAN_POINT ( 'NONE',  ( 20.00000000000000355, 4.999999999999997335, -2.891205793294684539E-15 ) ) ;
#1354 = LINE ( 'NONE', #426, #3792 ) ;
#1355 = ORIENTED_EDGE ( 'NONE', *, *, #1266, .F. ) ;
#1356 = ORIENTED_EDGE ( 'NONE', *, *, #3070, .T. ) ;
#1357 = DIRECTION ( 'NONE',  ( -1.000000000000000000, 0.000000000000000000, 5.782411586589351722E-16 ) ) ;
#1358 = DIRECTION ( 'NONE',  ( 1.000000000000000000, 0.000000000000000000, -3.438696916467649099E-15 ) ) ;
#1359 = EDGE_LOOP ( 'NONE', ( #2918, #3074, #1000, #384, #2321 ) ) ;
#1360 = ADVANCED_FACE ( 'NONE', ( #3085 ), #2194, .F. ) ;
#1361 = EDGE_CURVE ( 'NONE', #2267, #547, #3107, .T. ) ;
#1362 = CARTESIAN_POINT ( 'NONE',  ( 20.00000000000000355, 7.000000000000000000, -11.99999999999997868 ) ) ;
#1363 = EDGE_CURVE ( 'NONE', #2246, #2094, #727, .T. ) ;
#1364 = DIRECTION ( 'NONE',  ( -2.891205793294678326E-16, 0.000000000000000000, 1.000000000000000000 ) ) ;
#1365 = VECTOR ( 'NONE', #1331, 1000.000000000000000 ) ;
#1366 = VERTEX_POINT ( 'NONE', #1912 ) ;
#1367 = CIRCLE ( 'NONE', #3573, 1.499999999999999556 ) ;
#1368 = DIRECTION ( 'NONE',  ( 3.438696916467649099E-15, 0.000000000000000000, -1.000000000000000000 ) ) ;
#1369 = ORIENTED_EDGE ( 'NONE', *, *, #280, .T. ) ;
#1370 = EDGE_CURVE ( 'NONE', #2299, #790, #1537, .T. ) ;
#1371 = ORIENTED_EDGE ( 'NONE', *, *, #583, .T. ) ;
#1372 = DIRECTION ( 'NONE',  ( 1.000000000000000000, -0.000000000000000000, 0.000000000000000000 ) ) ;
#1373 = ORIENTED_EDGE ( 'NONE', *, *, #36, .F. ) ;
#1374 = LINE ( 'NONE', #3565, #1438 ) ;
#1375 = DIRECTION ( 'NONE',  ( 0.000000000000000000, 1.000000000000000000, 0.000000000000000000 ) ) ;
#1376 = DIRECTION ( 'NONE',  ( 0.000000000000000000, 1.000000000000000000, 0.000000000000000000 ) ) ;
#1377 = ORIENTED_EDGE ( 'NONE', *, *, #90, .F. ) ;
#1378 = VECTOR ( 'NONE', #155, 1000.000000000000000 ) ;
#1379 = PLANE ( 'NONE',  #1898 ) ;
#1380 = CIRCLE ( 'NONE', #3660, 1.500000000000000444 ) ;
#1381 = CIRCLE ( 'NONE', #1193, 1.600000000000002531 ) ;
#1382 = CYLINDRICAL_SURFACE ( 'NONE', #492, 1.500000000000000888 ) ;
#1383 = ORIENTED_EDGE ( 'NONE', *, *, #2960, .F. ) ;
#1384 = ORIENTED_EDGE ( 'NONE', *, *, #582, .F. ) ;
#1385 = CIRCLE ( 'NONE', #1905, 1.600000000000002531 ) ;
#1386 = CARTESIAN_POINT ( 'NONE',  ( -16.99999999999997868, 0.000000000000000000, 15.00000000000000000 ) ) ;
#1387 = DIRECTION ( 'NONE',  ( 0.000000000000000000, 0.000000000000000000, -1.000000000000000000 ) ) ;
#1388 = VECTOR ( 'NONE', #1049, 1000.000000000000000 ) ;
#1389 = EDGE_CURVE ( 'NONE', #1680, #3003, #3400, .T. ) ;
#1390 = ORIENTED_EDGE ( 'NONE', *, *, #3982, .T. ) ;
#1391 = DIRECTION ( 'NONE',  ( 0.000000000000000000, 1.000000000000000000, 0.000000000000000000 ) ) ;
#1392 = ORIENTED_EDGE ( 'NONE', *, *, #1336, .F. ) ;
#1393 = CIRCLE ( 'NONE', #2635, 3.000000000000000888 ) ;
#1394 = ORIENTED_EDGE ( 'NONE', *, *, #1668, .F. ) ;
#1395 = DIRECTION ( 'NONE',  ( -0.000000000000000000, -1.000000000000000000, -0.000000000000000000 ) ) ;
#1396 = EDGE_CURVE ( 'NONE', #2894, #2902, #609, .T. ) ;
#1397 = VECTOR ( 'NONE', #2713, 1000.000000000000000 ) ;
#1398 = EDGE_CURVE ( 'NONE', #2943, #2710, #2779, .T. ) ;
#1399 = ORIENTED_EDGE ( 'NONE', *, *, #1961, .T. ) ;
#1400 = LINE ( 'NONE', #3313, #532 ) ;
#1401 = DIRECTION ( 'NONE',  ( 0.000000000000000000, 0.000000000000000000, 1.000000000000000000 ) ) ;
#1402 = EDGE_LOOP ( 'NONE', ( #850, #2913, #3493, #1764 ) ) ;
#1403 = ORIENTED_EDGE ( 'NONE', *, *, #673, .T. ) ;
#1404 = ORIENTED_EDGE ( 'NONE', *, *, #2140, .T. ) ;
#1405 = CARTESIAN_POINT ( 'NONE',  ( -9.299999999999995381, 10.00000000000000000, -0.9999999999999991118 ) ) ;
#1406 = LINE ( 'NONE', #3827, #3034 ) ;
#1407 = ORIENTED_EDGE ( 'NONE', *, *, #3804, .T. ) ;
#1408 = CARTESIAN_POINT ( 'NONE',  ( -13.99999999999999467, -26.00000000000000000, 15.00000000000000000 ) ) ;
#1409 = VERTEX_POINT ( 'NONE', #939 ) ;
#1410 = DIRECTION ( 'NONE',  ( 0.000000000000000000, 1.000000000000000000, 0.000000000000000000 ) ) ;
#1411 = LINE ( 'NONE', #3894, #3221 ) ;
#1412 = ORIENTED_EDGE ( 'NONE', *, *, #1936, .F. ) ;
#1413 = DIRECTION ( 'NONE',  ( 0.000000000000000000, 1.000000000000000000, 0.000000000000000000 ) ) ;
#1414 = EDGE_LOOP ( 'NONE', ( #2930, #1732, #3426, #2665, #3103, #1399 ) ) ;
#1415 = ORIENTED_EDGE ( 'NONE', *, *, #2641, .T. ) ;
#1416 = CARTESIAN_POINT ( 'NONE',  ( -8.249999999999994671, 7.000000000000000000, 12.00000000000000178 ) ) ;
#1417 = VECTOR ( 'NONE', #655, 1000.000000000000000 ) ;
#1418 = EDGE_LOOP ( 'NONE', ( #1658, #1092, #1938, #509 ) ) ;
#1419 = EDGE_LOOP ( 'NONE', ( #3767, #3923, #3446, #2159 ) ) ;
#1420 = DIRECTION ( 'NONE',  ( -1.000000000000000000, 0.000000000000000000, 0.000000000000000000 ) ) ;
#1421 = ADVANCED_FACE ( 'NONE', ( #1554 ), #1893, .F. ) ;
#1422 = EDGE_CURVE ( 'NONE', #353, #847, #3421, .T. ) ;
#1423 = CARTESIAN_POINT ( 'NONE',  ( -16.99999999999999289, 10.00000000000000000, 12.00000000000000355 ) ) ;
#1424 = ADVANCED_FACE ( 'NONE', ( #367 ), #2488, .F. ) ;
#1425 = VERTEX_POINT ( 'NONE', #49 ) ;
#1426 = ORIENTED_EDGE ( 'NONE', *, *, #900, .T. ) ;
#1427 = VERTEX_POINT ( 'NONE', #3142 ) ;
#1428 = DIRECTION ( 'NONE',  ( 0.000000000000000000, -0.000000000000000000, 1.000000000000000000 ) ) ;
#1429 = CARTESIAN_POINT ( 'NONE',  ( -13.99999999999999645, 5.000000000000000000, 12.99999999999994849 ) ) ;
#1430 = CARTESIAN_POINT ( 'NONE',  ( -12.99999999999999822, 0.000000000000000000, 11.99999999999999467 ) ) ;
#1431 = FACE_OUTER_BOUND ( 'NONE', #1402, .T. ) ;
#1432 = DIRECTION ( 'NONE',  ( 0.000000000000000000, 0.000000000000000000, 1.000000000000000000 ) ) ;
#1433 = CARTESIAN_POINT ( 'NONE',  ( -13.99999999999999467, -26.00000000000000000, -11.99999999999999645 ) ) ;
#1434 = ORIENTED_EDGE ( 'NONE', *, *, #650, .F. ) ;
#1435 = CARTESIAN_POINT ( 'NONE',  ( -13.00000000000003730, 4.298371145584553130E-14, -12.99999999999995559 ) ) ;
#1436 = ORIENTED_EDGE ( 'NONE', *, *, #1913, .T. ) ;
#1437 = DIRECTION ( 'NONE',  ( 1.000000000000000000, 0.000000000000000000, -3.422777023335855044E-15 ) ) ;
#1438 = VECTOR ( 'NONE', #1075, 1000.000000000000000 ) ;
#1439 = ORIENTED_EDGE ( 'NONE', *, *, #3382, .F. ) ;
#1440 = CARTESIAN_POINT ( 'NONE',  ( -14.99999999999999289, 4.999999999999997335, -3.000000000000000000 ) ) ;
#1441 = CARTESIAN_POINT ( 'NONE',  ( -13.00000000000000711, -0.000000000000000000, 10.99999999999995559 ) ) ;
#1442 = VECTOR ( 'NONE', #1347, 1000.000000000000114 ) ;
#1443 = ORIENTED_EDGE ( 'NONE', *, *, #3778, .T. ) ;
#1444 = ORIENTED_EDGE ( 'NONE', *, *, #3119, .F. ) ;
#1445 = EDGE_CURVE ( 'NONE', #323, #2209, #638, .T. ) ;
#1446 = ORIENTED_EDGE ( 'NONE', *, *, #1795, .F. ) ;
#1447 = LINE ( 'NONE', #1146, #3584 ) ;
#1448 = CARTESIAN_POINT ( 'NONE',  ( -16.99999999999997868, 7.000000000000000000, 15.00000000000000000 ) ) ;
#1449 = CARTESIAN_POINT ( 'NONE',  ( 17.00000000000000000, 4.999999999999997335, 12.00000000000000355 ) ) ;
#1450 = CARTESIAN_POINT ( 'NONE',  ( -13.29999999999999538, 10.00000000000000000, -0.9999999999999991118 ) ) ;
#1451 = CARTESIAN_POINT ( 'NONE',  ( -13.29999999999999538, 10.00000000000000000, 2.000000000000000888 ) ) ;
#1452 =( GEOMETRIC_REPRESENTATION_CONTEXT ( 3 ) GLOBAL_UNCERTAINTY_ASSIGNED_CONTEXT ( ( #2316 ) ) GLOBAL_UNIT_ASSIGNED_CONTEXT ( ( #2712, #1512, #177 ) ) REPRESENTATION_CONTEXT ( 'NONE', 'WORKASPACE' ) );
#1453 = CARTESIAN_POINT ( 'NONE',  ( -13.99999999999999467, -26.00000000000000000, -11.99999999999999645 ) ) ;
#1454 = VECTOR ( 'NONE', #206, 1000.000000000000000 ) ;
#1455 = ORIENTED_EDGE ( 'NONE', *, *, #1445, .F. ) ;
#1456 = CARTESIAN_POINT ( 'NONE',  ( -13.99999999999999467, -26.00000000000000000, 15.00000000000000000 ) ) ;
#1457 = ORIENTED_EDGE ( 'NONE', *, *, #554, .F. ) ;
#1458 = DIRECTION ( 'NONE',  ( -0.000000000000000000, -1.000000000000000000, -0.000000000000000000 ) ) ;
#1459 = VECTOR ( 'NONE', #2483, 1000.000000000000000 ) ;
#1460 = ORIENTED_EDGE ( 'NONE', *, *, #448, .F. ) ;
#1461 = DIRECTION ( 'NONE',  ( 1.000000000000000000, 0.000000000000000000, -0.000000000000000000 ) ) ;
#1462 = ORIENTED_EDGE ( 'NONE', *, *, #2844, .T. ) ;
#1463 = VERTEX_POINT ( 'NONE', #1877 ) ;
#1464 = AXIS2_PLACEMENT_3D ( 'NONE', #321, #2599, #2535 ) ;
#1465 = ORIENTED_EDGE ( 'NONE', *, *, #2453, .F. ) ;
#1466 = CARTESIAN_POINT ( 'NONE',  ( 14.00000000000000000, 10.00000000000000000, -15.00000000000000000 ) ) ;
#1467 = ORIENTED_EDGE ( 'NONE', *, *, #3013, .F. ) ;
#1468 = FACE_OUTER_BOUND ( 'NONE', #4004, .T. ) ;
#1469 = VERTEX_POINT ( 'NONE', #4019 ) ;
#1470 = VECTOR ( 'NONE', #3914, 1000.000000000000000 ) ;
#1471 = VERTEX_POINT ( 'NONE', #919 ) ;
#1472 = AXIS2_PLACEMENT_3D ( 'NONE', #3081, #860, #2428 ) ;
#1473 = PLANE ( 'NONE',  #3351 ) ;
#1474 = LINE ( 'NONE', #1207, #3208 ) ;
#1475 = DIRECTION ( 'NONE',  ( 0.000000000000000000, 0.000000000000000000, 1.000000000000000000 ) ) ;
#1476 = PLANE ( 'NONE',  #1345 ) ;
#1477 = EDGE_CURVE ( 'NONE', #2008, #2662, #346, .T. ) ;
#1478 = CARTESIAN_POINT ( 'NONE',  ( -1.377574525040405251E-15, 4.999999999999997335, 4.499999999999999112 ) ) ;
#1479 = EDGE_CURVE ( 'NONE', #3165, #982, #3454, .T. ) ;
#1480 = ORIENTED_EDGE ( 'NONE', *, *, #1666, .T. ) ;
#1481 = DIRECTION ( 'NONE',  ( -1.000000000000000000, 0.000000000000000000, -3.430736969901751677E-15 ) ) ;
#1482 = PLANE ( 'NONE',  #3725 ) ;
#1483 = VERTEX_POINT ( 'NONE', #330 ) ;
#1484 = CARTESIAN_POINT ( 'NONE',  ( -13.99999999999999467, 10.00000000000000000, -15.00000000000000000 ) ) ;
#1485 = EDGE_LOOP ( 'NONE', ( #1351, #2128, #175, #1767 ) ) ;
#1486 = DIRECTION ( 'NONE',  ( 0.000000000000000000, 1.000000000000000000, 0.000000000000000000 ) ) ;
#1487 = ORIENTED_EDGE ( 'NONE', *, *, #1992, .F. ) ;
#1488 = DIRECTION ( 'NONE',  ( 0.000000000000000000, 0.000000000000000000, -1.000000000000000000 ) ) ;
#1489 = ORIENTED_EDGE ( 'NONE', *, *, #606, .F. ) ;
#1490 = VERTEX_POINT ( 'NONE', #3744 ) ;
#1491 = VERTEX_POINT ( 'NONE', #956 ) ;
#1492 = CARTESIAN_POINT ( 'NONE',  ( 20.00000000000000355, 10.00000000000000000, -8.999999999999994671 ) ) ;
#1493 = DIRECTION ( 'NONE',  ( -0.000000000000000000, -1.000000000000000000, -0.000000000000000000 ) ) ;
#1494 = DIRECTION ( 'NONE',  ( 0.000000000000000000, 0.000000000000000000, -1.000000000000000000 ) ) ;
#1495 = DIRECTION ( 'NONE',  ( 0.000000000000000000, 1.000000000000000000, 0.000000000000000000 ) ) ;
#1496 = CARTESIAN_POINT ( 'NONE',  ( -16.99999999999999289, 10.00000000000000000, -11.99999999999999645 ) ) ;
#1497 = CARTESIAN_POINT ( 'NONE',  ( 17.00000000000000000, 4.999999999999997335, 12.00000000000000355 ) ) ;
#1498 = EDGE_CURVE ( 'NONE', #1635, #3071, #1276, .T. ) ;
#1499 = EDGE_CURVE ( 'NONE', #2008, #2199, #1609, .T. ) ;
#1500 = ORIENTED_EDGE ( 'NONE', *, *, #3338, .F. ) ;
#1501 = LINE ( 'NONE', #867, #3957 ) ;
#1502 = ADVANCED_FACE ( 'NONE', ( #1080 ), #2927, .F. ) ;
#1503 = DIRECTION ( 'NONE',  ( 0.000000000000000000, 0.000000000000000000, 1.000000000000000000 ) ) ;
#1504 = FACE_OUTER_BOUND ( 'NONE', #5, .T. ) ;
#1505 = ORIENTED_EDGE ( 'NONE', *, *, #2471, .T. ) ;
#1506 = PLANE ( 'NONE',  #3771 ) ;
#1507 = EDGE_CURVE ( 'NONE', #3638, #783, #2908, .T. ) ;
#1508 = CARTESIAN_POINT ( 'NONE',  ( -7.049999999999997158, 9.000000000000001776, 2.000000000000000888 ) ) ;
#1509 = ORIENTED_EDGE ( 'NONE', *, *, #351, .F. ) ;
#1510 = VERTEX_POINT ( 'NONE', #2318 ) ;
#1511 = VECTOR ( 'NONE', #929, 1000.000000000000000 ) ;
#1512 =( NAMED_UNIT ( * ) PLANE_ANGLE_UNIT ( ) SI_UNIT ( $, .RADIAN. ) );
#1513 = CARTESIAN_POINT ( 'NONE',  ( -14.99999999999997868, -0.000000000000000000, 6.999999999999949374 ) ) ;
#1514 = DIRECTION ( 'NONE',  ( 1.000000000000000000, -0.000000000000000000, 1.734723475976807489E-15 ) ) ;
#1515 = LINE ( 'NONE', #3892, #3012 ) ;
#1516 = DIRECTION ( 'NONE',  ( 0.000000000000000000, 1.000000000000000000, 0.000000000000000000 ) ) ;
#1517 = CARTESIAN_POINT ( 'NONE',  ( 6.750000000000004441, 0.000000000000000000, 9.999999999999998224 ) ) ;
#1518 = ORIENTED_EDGE ( 'NONE', *, *, #900, .F. ) ;
#1519 = VECTOR ( 'NONE', #1357, 1000.000000000000000 ) ;
#1520 = CARTESIAN_POINT ( 'NONE',  ( -16.99999999999999289, 4.999999999999997335, 12.00000000000000355 ) ) ;
#1521 = CARTESIAN_POINT ( 'NONE',  ( -4.249999999999985789, 6.999999999999999112, -9.999999999999998224 ) ) ;
#1522 = VECTOR ( 'NONE', #1104, 1000.000000000000000 ) ;
#1523 = EDGE_CURVE ( 'NONE', #1546, #2881, #3888, .T. ) ;
#1524 = EDGE_LOOP ( 'NONE', ( #878, #2449, #1811, #2180 ) ) ;
#1525 = DIRECTION ( 'NONE',  ( 5.782411586589351722E-16, 0.000000000000000000, -1.000000000000000000 ) ) ;
#1526 = VECTOR ( 'NONE', #3681, 1000.000000000000000 ) ;
#1527 = ADVANCED_FACE ( 'NONE', ( #1971 ), #109, .F. ) ;
#1528 = DIRECTION ( 'NONE',  ( -2.040851148208007752E-16, 0.000000000000000000, 1.000000000000000000 ) ) ;
#1529 = EDGE_CURVE ( 'NONE', #3206, #3555, #429, .T. ) ;
#1530 = ORIENTED_EDGE ( 'NONE', *, *, #281, .F. ) ;
#1531 = EDGE_LOOP ( 'NONE', ( #2002, #3202, #733, #2837, #214, #1780 ) ) ;
#1532 = CARTESIAN_POINT ( 'NONE',  ( -14.99999999999999289, 0.000000000000000000, -1.000000000000000000 ) ) ;
#1533 = AXIS2_PLACEMENT_3D ( 'NONE', #1953, #3499, #2574 ) ;
#1534 = CARTESIAN_POINT ( 'NONE',  ( 14.00000000000000000, 5.000000000000000000, 13.00000000000005329 ) ) ;
#1535 = CARTESIAN_POINT ( 'NONE',  ( -6.749999999999997335, 0.000000000000000000, 11.49999999999999822 ) ) ;
#1536 = VECTOR ( 'NONE', #3667, 1000.000000000000000 ) ;
#1537 = LINE ( 'NONE', #297, #66 ) ;
#1538 = DIRECTION ( 'NONE',  ( -0.000000000000000000, -1.000000000000000000, -0.000000000000000000 ) ) ;
#1539 = LINE ( 'NONE', #2104, #1067 ) ;
#1540 = ORIENTED_EDGE ( 'NONE', *, *, #823, .F. ) ;
#1541 = FACE_OUTER_BOUND ( 'NONE', #1919, .T. ) ;
#1542 = PLANE ( 'NONE',  #2632 ) ;
#1543 = ORIENTED_EDGE ( 'NONE', *, *, #1961, .F. ) ;
#1544 = CARTESIAN_POINT ( 'NONE',  ( -13.99999999999999467, 4.999999999999997335, -8.999999999999952038 ) ) ;
#1545 = LINE ( 'NONE', #2789, #148 ) ;
#1546 = VERTEX_POINT ( 'NONE', #773 ) ;
#1547 = VERTEX_POINT ( 'NONE', #1991 ) ;
#1548 = EDGE_CURVE ( 'NONE', #207, #2441, #1315, .T. ) ;
#1549 = ADVANCED_FACE ( 'NONE', ( #3552 ), #386, .F. ) ;
#1550 = ORIENTED_EDGE ( 'NONE', *, *, #777, .T. ) ;
#1551 = CYLINDRICAL_SURFACE ( 'NONE', #540, 1.600000000000002531 ) ;
#1552 = EDGE_CURVE ( 'NONE', #3815, #409, #3826, .T. ) ;
#1553 = LINE ( 'NONE', #3106, #290 ) ;
#1554 = FACE_OUTER_BOUND ( 'NONE', #835, .T. ) ;
#1555 = FACE_OUTER_BOUND ( 'NONE', #2981, .T. ) ;
#1556 = ORIENTED_EDGE ( 'NONE', *, *, #3475, .T. ) ;
#1557 = DIRECTION ( 'NONE',  ( 0.000000000000000000, -1.000000000000000000, 0.000000000000000000 ) ) ;
#1558 = CARTESIAN_POINT ( 'NONE',  ( -13.99999999999999467, 45.04996878900156787, -10.99999999999995204 ) ) ;
#1559 = EDGE_LOOP ( 'NONE', ( #2949, #1758 ) ) ;
#1560 = CARTESIAN_POINT ( 'NONE',  ( -3.094827224820884110E-14, 4.999999999999997335, 9.000000000000001776 ) ) ;
#1561 = FACE_OUTER_BOUND ( 'NONE', #2475, .T. ) ;
#1562 = ORIENTED_EDGE ( 'NONE', *, *, #1990, .T. ) ;
#1563 = VERTEX_POINT ( 'NONE', #2009 ) ;
#1564 = FACE_OUTER_BOUND ( 'NONE', #2392, .T. ) ;
#1565 = EDGE_CURVE ( 'NONE', #145, #1979, #3222, .T. ) ;
#1566 = ADVANCED_FACE ( 'NONE', ( #3241 ), #1379, .T. ) ;
#1567 = DIRECTION ( 'NONE',  ( -0.000000000000000000, -1.000000000000000000, -0.000000000000000000 ) ) ;
#1568 = CIRCLE ( 'NONE', #2929, 1.499999999999999556 ) ;
#1569 = CARTESIAN_POINT ( 'NONE',  ( 14.00000000000000000, 1.000000000000000888, -13.00000000000004974 ) ) ;
#1570 = EDGE_CURVE ( 'NONE', #2199, #3189, #3473, .T. ) ;
#1571 = PLANE ( 'NONE',  #2768 ) ;
#1572 = EDGE_CURVE ( 'NONE', #3303, #1471, #468, .T. ) ;
#1573 = VERTEX_POINT ( 'NONE', #1056 ) ;
#1574 = LINE ( 'NONE', #3168, #2189 ) ;
#1575 = DIRECTION ( 'NONE',  ( 5.782411586589365527E-16, -0.000000000000000000, 1.000000000000000000 ) ) ;
#1576 = PRESENTATION_LAYER_ASSIGNMENT (  '', '', ( #3006 ) ) ;
#1577 = ORIENTED_EDGE ( 'NONE', *, *, #347, .F. ) ;
#1578 = CARTESIAN_POINT ( 'NONE',  ( -7.049999999999997158, 7.000000000000000000, -0.9999999999999991118 ) ) ;
#1579 = CIRCLE ( 'NONE', #3918, 1.600000000000002531 ) ;
#1580 = VECTOR ( 'NONE', #158, 1000.000000000000000 ) ;
#1581 = DIRECTION ( 'NONE',  ( 0.000000000000000000, 0.000000000000000000, 1.000000000000000000 ) ) ;
#1582 = VERTEX_POINT ( 'NONE', #2606 ) ;
#1583 = EDGE_LOOP ( 'NONE', ( #2269, #1008, #784, #1218, #3608, #3896, #3643, #1338 ) ) ;
#1584 = VECTOR ( 'NONE', #665, 1000.000000000000000 ) ;
#1585 = DIRECTION ( 'NONE',  ( -5.782411586589365527E-16, 0.000000000000000000, -1.000000000000000000 ) ) ;
#1586 = CARTESIAN_POINT ( 'NONE',  ( -16.50000000000000355, 1.500000000000018652, -5.750000000000000000 ) ) ;
#1587 = VECTOR ( 'NONE', #588, 1000.000000000000000 ) ;
#1588 = DIRECTION ( 'NONE',  ( -0.000000000000000000, -1.000000000000000000, -0.000000000000000000 ) ) ;
#1589 = VECTOR ( 'NONE', #2897, 1000.000000000000000 ) ;
#1590 = DIRECTION ( 'NONE',  ( -0.000000000000000000, 1.000000000000000000, -0.000000000000000000 ) ) ;
#1591 = DIRECTION ( 'NONE',  ( 0.000000000000000000, 1.000000000000000000, 0.000000000000000000 ) ) ;
#1592 = VECTOR ( 'NONE', #268, 1000.000000000000000 ) ;
#1593 = ORIENTED_EDGE ( 'NONE', *, *, #282, .F. ) ;
#1594 = EDGE_CURVE ( 'NONE', #3915, #159, #3843, .T. ) ;
#1595 = EDGE_CURVE ( 'NONE', #3189, #1346, #3256, .T. ) ;
#1596 = LINE ( 'NONE', #3424, #3242 ) ;
#1597 = EDGE_CURVE ( 'NONE', #3555, #2651, #3535, .T. ) ;
#1598 = FACE_OUTER_BOUND ( 'NONE', #2639, .T. ) ;
#1599 = VERTEX_POINT ( 'NONE', #1100 ) ;
#1600 = DIRECTION ( 'NONE',  ( -2.891205793294678326E-16, -0.000000000000000000, -1.000000000000000000 ) ) ;
#1601 = CARTESIAN_POINT ( 'NONE',  ( -5.749999999999996447, 4.999999999999997335, -12.99999999999998224 ) ) ;
#1602 = ORIENTED_EDGE ( 'NONE', *, *, #583, .F. ) ;
#1603 = CARTESIAN_POINT ( 'NONE',  ( -5.749999999999996447, 7.000000000000000000, -15.00000000000000000 ) ) ;
#1604 = DIRECTION ( 'NONE',  ( 0.000000000000000000, 1.000000000000000000, 0.000000000000000000 ) ) ;
#1605 = PLANE ( 'NONE',  #3593 ) ;
#1606 = MANIFOLD_SOLID_BREP ( 'Вырез-Вытянуть5', #288 ) ;
#1607 = DIRECTION ( 'NONE',  ( -0.7071067811865489050, 0.7071067811865460184, -2.420268843690292885E-15 ) ) ;
#1608 = AXIS2_PLACEMENT_3D ( 'NONE', #2914, #114, #3203 ) ;
#1609 = LINE ( 'NONE', #2950, #2551 ) ;
#1610 = DIRECTION ( 'NONE',  ( 1.000000000000000000, 0.000000000000000000, 3.430736969901751677E-15 ) ) ;
#1611 = ORIENTED_EDGE ( 'NONE', *, *, #3504, .F. ) ;
#1612 = CARTESIAN_POINT ( 'NONE',  ( 20.00000000000000711, 4.999999999999997335, 11.99999999999997691 ) ) ;
#1613 = PLANE ( 'NONE',  #622 ) ;
#1614 = EDGE_CURVE ( 'NONE', #2902, #2679, #1016, .T. ) ;
#1615 = EDGE_CURVE ( 'NONE', #3354, #2750, #1447, .T. ) ;
#1616 = VERTEX_POINT ( 'NONE', #245 ) ;
#1617 = EDGE_CURVE ( 'NONE', #1700, #1302, #533, .T. ) ;
#1618 = ORIENTED_EDGE ( 'NONE', *, *, #137, .F. ) ;
#1619 = DIRECTION ( 'NONE',  ( 1.000000000000000000, 0.000000000000000000, -3.430736969901751677E-15 ) ) ;
#1620 = DIRECTION ( 'NONE',  ( 0.000000000000000000, 0.000000000000000000, -1.000000000000000000 ) ) ;
#1621 = ADVANCED_FACE ( 'NONE', ( #2753 ), #3639, .F. ) ;
#1622 = ORIENTED_EDGE ( 'NONE', *, *, #1572, .F. ) ;
#1623 = CARTESIAN_POINT ( 'NONE',  ( 20.00000000000000355, 4.999999999999997335, -4.499999999999996447 ) ) ;
#1624 = LINE ( 'NONE', #724, #410 ) ;
#1625 = DIRECTION ( 'NONE',  ( 5.782411586589365527E-16, 0.000000000000000000, 1.000000000000000000 ) ) ;
#1626 = PLANE ( 'NONE',  #549 ) ;
#1627 = DIRECTION ( 'NONE',  ( 0.000000000000000000, 0.000000000000000000, 1.000000000000000000 ) ) ;
#1628 = CARTESIAN_POINT ( 'NONE',  ( -3.049999999999996714, 9.000000000000001776, -0.9999999999999991118 ) ) ;
#1629 = CIRCLE ( 'NONE', #2926, 1.500000000000000444 ) ;
#1630 = EDGE_LOOP ( 'NONE', ( #2800, #2150, #520, #1281, #440 ) ) ;
#1631 = DIRECTION ( 'NONE',  ( 1.445602896647341875E-16, 0.000000000000000000, 1.000000000000000000 ) ) ;
#1632 = AXIS2_PLACEMENT_3D ( 'NONE', #1923, #3485, #1939 ) ;
#1633 = PLANE ( 'NONE',  #744 ) ;
#1634 = CARTESIAN_POINT ( 'NONE',  ( -7.049999999999997158, 10.00000000000000000, 2.000000000000000888 ) ) ;
#1635 = VERTEX_POINT ( 'NONE', #1492 ) ;
#1636 = DIRECTION ( 'NONE',  ( -0.000000000000000000, -1.000000000000000000, -0.000000000000000000 ) ) ;
#1637 = ORIENTED_EDGE ( 'NONE', *, *, #2141, .F. ) ;
#1638 = DIRECTION ( 'NONE',  ( 0.000000000000000000, 0.000000000000000000, -1.000000000000000000 ) ) ;
#1639 = ORIENTED_EDGE ( 'NONE', *, *, #970, .T. ) ;
#1640 = CARTESIAN_POINT ( 'NONE',  ( -6.749999999999997335, 31.00000000000000000, 9.999999999999998224 ) ) ;
#1641 = ADVANCED_FACE ( 'NONE', ( #1770 ), #859, .T. ) ;
#1642 = AXIS2_PLACEMENT_3D ( 'NONE', #3104, #2469, #3080 ) ;
#1643 = LINE ( 'NONE', #748, #341 ) ;
#1644 = DIRECTION ( 'NONE',  ( 0.000000000000000000, 0.000000000000000000, 1.000000000000000000 ) ) ;
#1645 = EDGE_CURVE ( 'NONE', #145, #2873, #3569, .T. ) ;
#1646 = CIRCLE ( 'NONE', #9, 1.499999999999999556 ) ;
#1647 = CARTESIAN_POINT ( 'NONE',  ( 13.00000000000001066, 2.008469037563166312E-15, 11.00000000000004619 ) ) ;
#1648 = CARTESIAN_POINT ( 'NONE',  ( -16.99999999999999289, 7.000000000000000000, 9.000000000000001776 ) ) ;
#1649 = VECTOR ( 'NONE', #2232, 1000.000000000000000 ) ;
#1650 = CARTESIAN_POINT ( 'NONE',  ( 17.00000000000000000, 7.000000000000000000, 12.00000000000000355 ) ) ;
#1651 = ORIENTED_EDGE ( 'NONE', *, *, #585, .T. ) ;
#1652 = DIRECTION ( 'NONE',  ( -0.000000000000000000, -1.000000000000000000, -0.000000000000000000 ) ) ;
#1653 = VECTOR ( 'NONE', #3539, 1000.000000000000114 ) ;
#1654 = LINE ( 'NONE', #2958, #1589 ) ;
#1655 = ORIENTED_EDGE ( 'NONE', *, *, #1122, .F. ) ;
#1656 = AXIS2_PLACEMENT_3D ( 'NONE', #3973, #225, #577 ) ;
#1657 = FACE_OUTER_BOUND ( 'NONE', #3817, .T. ) ;
#1658 = ORIENTED_EDGE ( 'NONE', *, *, #995, .F. ) ;
#1659 = DIRECTION ( 'NONE',  ( 0.000000000000000000, 0.000000000000000000, -1.000000000000000000 ) ) ;
#1660 = ORIENTED_EDGE ( 'NONE', *, *, #970, .F. ) ;
#1661 = DIRECTION ( 'NONE',  ( -0.000000000000000000, -1.000000000000000000, -0.000000000000000000 ) ) ;
#1662 = CARTESIAN_POINT ( 'NONE',  ( -16.99999999999999645, 0.000000000000000000, 12.00000000000000000 ) ) ;
#1663 = CARTESIAN_POINT ( 'NONE',  ( 13.99999999999999822, 45.04996878900156787, 9.000000000000049738 ) ) ;
#1664 = EDGE_CURVE ( 'NONE', #1616, #3773, #2971, .T. ) ;
#1665 = ORIENTED_EDGE ( 'NONE', *, *, #349, .F. ) ;
#1666 = EDGE_CURVE ( 'NONE', #3033, #1027, #882, .T. ) ;
#1667 = VERTEX_POINT ( 'NONE', #512 ) ;
#1668 = EDGE_CURVE ( 'NONE', #2894, #2130, #1814, .T. ) ;
#1669 = DIRECTION ( 'NONE',  ( 1.000000000000000000, 0.000000000000000000, 0.000000000000000000 ) ) ;
#1670 = DIRECTION ( 'NONE',  ( 0.000000000000000000, 0.000000000000000000, -1.000000000000000000 ) ) ;
#1671 = ORIENTED_EDGE ( 'NONE', *, *, #907, .F. ) ;
#1672 = ADVANCED_FACE ( 'NONE', ( #3994 ), #2338, .F. ) ;
#1673 = ORIENTED_EDGE ( 'NONE', *, *, #232, .T. ) ;
#1674 = FACE_OUTER_BOUND ( 'NONE', #205, .T. ) ;
#1675 = AXIS2_PLACEMENT_3D ( 'NONE', #2592, #1996, #2874 ) ;
#1676 = LINE ( 'NONE', #498, #2954 ) ;
#1677 = VECTOR ( 'NONE', #519, 1000.000000000000000 ) ;
#1678 = ORIENTED_EDGE ( 'NONE', *, *, #2667, .F. ) ;
#1679 = CARTESIAN_POINT ( 'NONE',  ( -16.99999999999997868, 7.000000000000000000, -15.00000000000000000 ) ) ;
#1680 = VERTEX_POINT ( 'NONE', #1750 ) ;
#1681 = CARTESIAN_POINT ( 'NONE',  ( 20.00000000000000355, 4.999999999999997335, 6.999999999999999112 ) ) ;
#1682 = EDGE_LOOP ( 'NONE', ( #1593, #3394, #2630, #2983 ) ) ;
#1683 = DIRECTION ( 'NONE',  ( 0.000000000000000000, -0.000000000000000000, 1.000000000000000000 ) ) ;
#1684 = FACE_OUTER_BOUND ( 'NONE', #1299, .T. ) ;
#1685 = LINE ( 'NONE', #3315, #1134 ) ;
#1686 = EDGE_LOOP ( 'NONE', ( #3624, #832, #629, #3011 ) ) ;
#1687 = ORIENTED_EDGE ( 'NONE', *, *, #1224, .F. ) ;
#1688 = DIRECTION ( 'NONE',  ( -0.7071067811865444641, -0.7071067811865505703, 0.000000000000000000 ) ) ;
#1689 = PRODUCT_RELATED_PRODUCT_CATEGORY ( 'part', '', ( #4000 ) ) ;
#1690 = EDGE_CURVE ( 'NONE', #3693, #143, #3617, .T. ) ;
#1691 = PLANE ( 'NONE',  #23 ) ;
#1692 = EDGE_LOOP ( 'NONE', ( #1761, #2351, #814, #1392 ) ) ;
#1693 = LINE ( 'NONE', #3873, #2462 ) ;
#1694 = EDGE_CURVE ( 'NONE', #3887, #3299, #2992, .T. ) ;
#1695 = DIRECTION ( 'NONE',  ( 1.000000000000000000, 0.000000000000000000, 3.438696916467649099E-15 ) ) ;
#1696 = EDGE_CURVE ( 'NONE', #2925, #3638, #2072, .T. ) ;
#1697 = EDGE_LOOP ( 'NONE', ( #2027, #3786 ) ) ;
#1698 = AXIS2_PLACEMENT_3D ( 'NONE', #1679, #3519, #415 ) ;
#1699 = CARTESIAN_POINT ( 'NONE',  ( -14.99999999999999289, 4.999999999999997335, 0.000000000000000000 ) ) ;
#1700 = VERTEX_POINT ( 'NONE', #3377 ) ;
#1701 = CARTESIAN_POINT ( 'NONE',  ( -16.99999999999999289, 10.00000000000000000, 10.40000000000000213 ) ) ;
#1702 = ORIENTED_EDGE ( 'NONE', *, *, #3500, .F. ) ;
#1703 = CARTESIAN_POINT ( 'NONE',  ( 13.00000000000000888, 0.000000000000000000, 12.00000000000000000 ) ) ;
#1704 = CARTESIAN_POINT ( 'NONE',  ( -8.164213562373081601, 0.000000000000000000, 10.99999999999997335 ) ) ;
#1705 = DIRECTION ( 'NONE',  ( -3.438696916467649493E-15, 0.000000000000000000, -1.000000000000000000 ) ) ;
#1706 = ORIENTED_EDGE ( 'NONE', *, *, #1241, .T. ) ;
#1707 = ORIENTED_EDGE ( 'NONE', *, *, #926, .T. ) ;
#1708 = VECTOR ( 'NONE', #3279, 1000.000000000000000 ) ;
#1709 = CARTESIAN_POINT ( 'NONE',  ( -3.782566608114415034E-14, 4.999999999999997335, -11.00000000000000178 ) ) ;
#1710 = DIRECTION ( 'NONE',  ( 0.000000000000000000, 0.000000000000000000, 1.000000000000000000 ) ) ;
#1711 = FACE_OUTER_BOUND ( 'NONE', #1692, .T. ) ;
#1712 = VERTEX_POINT ( 'NONE', #635 ) ;
#1713 = VECTOR ( 'NONE', #3275, 1000.000000000000000 ) ;
#1714 = PLANE ( 'NONE',  #43 ) ;
#1715 = CARTESIAN_POINT ( 'NONE',  ( -13.99999999999999467, 5.000000000000000000, 15.00000000000000000 ) ) ;
#1716 = EDGE_CURVE ( 'NONE', #722, #1825, #4033, .T. ) ;
#1717 = EDGE_CURVE ( 'NONE', #379, #323, #3418, .T. ) ;
#1718 = VERTEX_POINT ( 'NONE', #3139 ) ;
#1719 = CARTESIAN_POINT ( 'NONE',  ( -19.99999999999999645, 4.999999999999997335, -11.99999999999997691 ) ) ;
#1720 = ADVANCED_FACE ( 'NONE', ( #1907, #594 ), #1274, .T. ) ;
#1721 = ORIENTED_EDGE ( 'NONE', *, *, #1771, .F. ) ;
#1722 = VECTOR ( 'NONE', #2514, 1000.000000000000000 ) ;
#1723 = ORIENTED_EDGE ( 'NONE', *, *, #1889, .F. ) ;
#1724 = DIRECTION ( 'NONE',  ( -1.156482317317873105E-15, 0.000000000000000000, -1.000000000000000000 ) ) ;
#1725 = ORIENTED_EDGE ( 'NONE', *, *, #562, .T. ) ;
#1726 = LINE ( 'NONE', #486, #275 ) ;
#1727 = PLANE ( 'NONE',  #3995 ) ;
#1728 = ORIENTED_EDGE ( 'NONE', *, *, #142, .T. ) ;
#1729 = ORIENTED_EDGE ( 'NONE', *, *, #3882, .T. ) ;
#1730 = DIRECTION ( 'NONE',  ( 0.000000000000000000, 1.000000000000000000, 0.000000000000000000 ) ) ;
#1731 = DIRECTION ( 'NONE',  ( -0.000000000000000000, -1.000000000000000000, -0.000000000000000000 ) ) ;
#1732 = ORIENTED_EDGE ( 'NONE', *, *, #3984, .T. ) ;
#1733 = FACE_OUTER_BOUND ( 'NONE', #3612, .T. ) ;
#1734 = FACE_OUTER_BOUND ( 'NONE', #865, .T. ) ;
#1735 = DIRECTION ( 'NONE',  ( 0.000000000000000000, 0.000000000000000000, 1.000000000000000000 ) ) ;
#1736 = CARTESIAN_POINT ( 'NONE',  ( 8.250000000000003553, 4.999999999999997335, 13.00000000000002842 ) ) ;
#1737 = ORIENTED_EDGE ( 'NONE', *, *, #2542, .T. ) ;
#1738 = CARTESIAN_POINT ( 'NONE',  ( 14.00000000000000178, 7.000000000000000000, 15.00000000000000000 ) ) ;
#1739 = ADVANCED_FACE ( 'NONE', ( #2506, #2809, #2833, #2486 ), #1888, .T. ) ;
#1740 = ORIENTED_EDGE ( 'NONE', *, *, #2089, .T. ) ;
#1741 = CARTESIAN_POINT ( 'NONE',  ( -3.094827224820884110E-14, 4.999999999999997335, -9.000000000000001776 ) ) ;
#1742 = EDGE_CURVE ( 'NONE', #3652, #266, #3772, .T. ) ;
#1743 = VERTEX_POINT ( 'NONE', #1831 ) ;
#1744 = CARTESIAN_POINT ( 'NONE',  ( -6.749999999999997335, 4.999999999999997335, 11.49999999999999822 ) ) ;
#1745 = VECTOR ( 'NONE', #3069, 1000.000000000000000 ) ;
#1746 = DIRECTION ( 'NONE',  ( 0.000000000000000000, 1.000000000000000000, 0.000000000000000000 ) ) ;
#1747 = ORIENTED_EDGE ( 'NONE', *, *, #2262, .T. ) ;
#1748 = EDGE_CURVE ( 'NONE', #1427, #480, #3395, .T. ) ;
#1749 = ORIENTED_EDGE ( 'NONE', *, *, #1617, .T. ) ;
#1750 = CARTESIAN_POINT ( 'NONE',  ( 11.15000000000000746, 8.900000000000000355, 2.499999999999998668 ) ) ;
#1751 = CARTESIAN_POINT ( 'NONE',  ( 17.00000000000000000, 10.00000000000000000, 12.00000000000000355 ) ) ;
#1752 = DIRECTION ( 'NONE',  ( 0.000000000000000000, -1.000000000000000000, 0.000000000000000000 ) ) ;
#1753 = CARTESIAN_POINT ( 'NONE',  ( 14.00000000000000000, 5.000000000000000000, -8.999999999999996447 ) ) ;
#1754 = CARTESIAN_POINT ( 'NONE',  ( 14.00000000000000000, 1.000000000000000888, 11.00000000000004974 ) ) ;
#1755 = DIRECTION ( 'NONE',  ( 1.000000000000000000, -0.000000000000000000, 3.422777023335854650E-15 ) ) ;
#1756 = ORIENTED_EDGE ( 'NONE', *, *, #1956, .F. ) ;
#1757 = CARTESIAN_POINT ( 'NONE',  ( -19.99999999999999645, 10.00000000000000000, 9.000000000000003553 ) ) ;
#1758 = ORIENTED_EDGE ( 'NONE', *, *, #2590, .F. ) ;
#1759 = PLANE ( 'NONE',  #1974 ) ;
#1760 = VECTOR ( 'NONE', #320, 1000.000000000000000 ) ;
#1761 = ORIENTED_EDGE ( 'NONE', *, *, #800, .F. ) ;
#1762 = ORIENTED_EDGE ( 'NONE', *, *, #1690, .F. ) ;
#1763 = DIRECTION ( 'NONE',  ( 0.000000000000000000, 1.000000000000000000, 0.000000000000000000 ) ) ;
#1764 = ORIENTED_EDGE ( 'NONE', *, *, #1572, .T. ) ;
#1765 = LINE ( 'NONE', #2989, #413 ) ;
#1766 = VERTEX_POINT ( 'NONE', #2849 ) ;
#1767 = ORIENTED_EDGE ( 'NONE', *, *, #2158, .F. ) ;
#1768 = VERTEX_POINT ( 'NONE', #971 ) ;
#1769 = ADVANCED_FACE ( 'NONE', ( #3435 ), #4016, .F. ) ;
#1770 = FACE_OUTER_BOUND ( 'NONE', #1271, .T. ) ;
#1771 = EDGE_CURVE ( 'NONE', #1131, #3299, #292, .T. ) ;
#1772 = LINE ( 'NONE', #901, #3677 ) ;
#1773 = AXIS2_PLACEMENT_3D ( 'NONE', #618, #1604, #1255 ) ;
#1774 = DIRECTION ( 'NONE',  ( 0.000000000000000000, 1.000000000000000000, 0.000000000000000000 ) ) ;
#1775 = LINE ( 'NONE', #1288, #2541 ) ;
#1776 = CARTESIAN_POINT ( 'NONE',  ( 14.00000000000000178, 10.00000000000000000, 15.00000000000000000 ) ) ;
#1777 = AXIS2_PLACEMENT_3D ( 'NONE', #3020, #3911, #227 ) ;
#1778 = DIRECTION ( 'NONE',  ( 0.000000000000000000, 0.000000000000000000, 1.000000000000000000 ) ) ;
#1779 = AXIS2_PLACEMENT_3D ( 'NONE', #215, #1376, #2708 ) ;
#1780 = ORIENTED_EDGE ( 'NONE', *, *, #139, .F. ) ;
#1781 = LINE ( 'NONE', #2460, #2192 ) ;
#1782 = FACE_OUTER_BOUND ( 'NONE', #791, .T. ) ;
#1783 = VECTOR ( 'NONE', #2919, 1000.000000000000000 ) ;
#1784 = ORIENTED_EDGE ( 'NONE', *, *, #675, .T. ) ;
#1785 = PLANE ( 'NONE',  #3999 ) ;
#1786 = ORIENTED_EDGE ( 'NONE', *, *, #347, .T. ) ;
#1787 = ORIENTED_EDGE ( 'NONE', *, *, #1594, .T. ) ;
#1788 = CIRCLE ( 'NONE', #2300, 1.499999999999999556 ) ;
#1789 = DIRECTION ( 'NONE',  ( 0.000000000000000000, 1.000000000000000000, 0.000000000000000000 ) ) ;
#1790 = CARTESIAN_POINT ( 'NONE',  ( -7.049999999999997158, 10.00000000000000000, 2.000000000000000888 ) ) ;
#1791 = VECTOR ( 'NONE', #1973, 1000.000000000000114 ) ;
#1792 = VERTEX_POINT ( 'NONE', #1532 ) ;
#1793 = PRESENTATION_STYLE_ASSIGNMENT (( #3930 ) ) ;
#1794 = EDGE_CURVE ( 'NONE', #1491, #2282, #1203, .T. ) ;
#1795 = EDGE_CURVE ( 'NONE', #3225, #2609, #2793, .T. ) ;
#1796 = LINE ( 'NONE', #1147, #1397 ) ;
#1797 = EDGE_CURVE ( 'NONE', #1144, #3189, #2525, .T. ) ;
#1798 = LINE ( 'NONE', #2455, #731 ) ;
#1799 = LINE ( 'NONE', #2342, #3396 ) ;
#1800 = CARTESIAN_POINT ( 'NONE',  ( 8.250000000000003553, 4.999999999999997335, 0.000000000000000000 ) ) ;
#1801 = CARTESIAN_POINT ( 'NONE',  ( 20.00000000000000355, 4.999999999999997335, -11.99999999999997868 ) ) ;
#1802 = ADVANCED_FACE ( 'NONE', ( #3448 ), #1551, .F. ) ;
#1803 = VERTEX_POINT ( 'NONE', #3722 ) ;
#1804 = CARTESIAN_POINT ( 'NONE',  ( -14.99999999999999289, 0.000000000000000000, -3.000000000000000000 ) ) ;
#1805 = DIRECTION ( 'NONE',  ( 0.000000000000000000, 0.000000000000000000, -1.000000000000000000 ) ) ;
#1806 = DIRECTION ( 'NONE',  ( 0.000000000000000000, -0.000000000000000000, 1.000000000000000000 ) ) ;
#1807 = ORIENTED_EDGE ( 'NONE', *, *, #751, .T. ) ;
#1808 = CARTESIAN_POINT ( 'NONE',  ( -16.99999999999999289, 7.000000000000000000, 12.00000000000000355 ) ) ;
#1809 = CARTESIAN_POINT ( 'NONE',  ( -16.99999999999999645, 0.000000000000000000, 12.00000000000000000 ) ) ;
#1810 = ORIENTED_EDGE ( 'NONE', *, *, #1243, .T. ) ;
#1811 = ORIENTED_EDGE ( 'NONE', *, *, #1617, .F. ) ;
#1812 = VECTOR ( 'NONE', #2739, 1000.000000000000000 ) ;
#1813 = VERTEX_POINT ( 'NONE', #935 ) ;
#1814 = LINE ( 'NONE', #2384, #1838 ) ;
#1815 = DIRECTION ( 'NONE',  ( 0.000000000000000000, 0.000000000000000000, 1.000000000000000000 ) ) ;
#1816 = FACE_OUTER_BOUND ( 'NONE', #3875, .T. ) ;
#1817 = LINE ( 'NONE', #2056, #2360 ) ;
#1818 = DIRECTION ( 'NONE',  ( 0.000000000000000000, 1.000000000000000000, 0.000000000000000000 ) ) ;
#1819 = CARTESIAN_POINT ( 'NONE',  ( 6.750000000000004441, 4.999999999999997335, 11.49999999999999822 ) ) ;
#1820 = EDGE_LOOP ( 'NONE', ( #3442, #1278, #1737, #4011, #2371, #316, #339, #830, #3391 ) ) ;
#1821 = EDGE_CURVE ( 'NONE', #2306, #2628, #931, .T. ) ;
#1822 = LINE ( 'NONE', #234, #1812 ) ;
#1823 = ADVANCED_FACE ( 'NONE', ( #1564 ), #3234, .F. ) ;
#1824 = CARTESIAN_POINT ( 'NONE',  ( 17.00000000000000000, 10.00000000000000000, -11.99999999999999645 ) ) ;
#1825 = VERTEX_POINT ( 'NONE', #463 ) ;
#1826 = LINE ( 'NONE', #3075, #921 ) ;
#1827 = FACE_OUTER_BOUND ( 'NONE', #1303, .T. ) ;
#1828 = ORIENTED_EDGE ( 'NONE', *, *, #2391, .F. ) ;
#1829 = ORIENTED_EDGE ( 'NONE', *, *, #4040, .F. ) ;
#1830 = VECTOR ( 'NONE', #895, 1000.000000000000000 ) ;
#1831 = CARTESIAN_POINT ( 'NONE',  ( -13.99999999999999467, 5.000000000000000000, -12.99999999999994849 ) ) ;
#1832 = FACE_OUTER_BOUND ( 'NONE', #3055, .T. ) ;
#1833 = ORIENTED_EDGE ( 'NONE', *, *, #2337, .T. ) ;
#1834 = CARTESIAN_POINT ( 'NONE',  ( 13.00000000000000888, 0.000000000000000000, -15.00000000000000000 ) ) ;
#1835 = DIRECTION ( 'NONE',  ( 9.251858538542973800E-15, 0.000000000000000000, 1.000000000000000000 ) ) ;
#1836 = CARTESIAN_POINT ( 'NONE',  ( -14.00000000000000000, 1.000000000000000888, 10.99999999999995204 ) ) ;
#1837 = ORIENTED_EDGE ( 'NONE', *, *, #1694, .F. ) ;
#1838 = VECTOR ( 'NONE', #3060, 1000.000000000000000 ) ;
#1839 = LINE ( 'NONE', #3625, #4027 ) ;
#1840 = DIRECTION ( 'NONE',  ( -0.000000000000000000, -1.000000000000000000, -0.000000000000000000 ) ) ;
#1841 = CIRCLE ( 'NONE', #2818, 3.000000000000000888 ) ;
#1842 = EDGE_CURVE ( 'NONE', #3003, #1113, #2904, .T. ) ;
#1843 = CIRCLE ( 'NONE', #1057, 1.499999999999999556 ) ;
#1844 = EDGE_CURVE ( 'NONE', #1425, #1469, #1965, .T. ) ;
#1845 = EDGE_CURVE ( 'NONE', #2033, #3184, #687, .T. ) ;
#1846 = ORIENTED_EDGE ( 'NONE', *, *, #1794, .F. ) ;
#1847 = LINE ( 'NONE', #2446, #1830 ) ;
#1848 = AXIS2_PLACEMENT_3D ( 'NONE', #1988, #2905, #1644 ) ;
#1849 = DIRECTION ( 'NONE',  ( 0.000000000000000000, -0.000000000000000000, 1.000000000000000000 ) ) ;
#1850 = VECTOR ( 'NONE', #438, 1000.000000000000000 ) ;
#1851 = ORIENTED_EDGE ( 'NONE', *, *, #449, .F. ) ;
#1852 = CARTESIAN_POINT ( 'NONE',  ( -15.47548094716162836, 0.4754809471616499583, -5.475480947161653233 ) ) ;
#1853 = AXIS2_PLACEMENT_3D ( 'NONE', #3456, #998, #1318 ) ;
#1854 = LINE ( 'NONE', #3343, #872 ) ;
#1855 = VECTOR ( 'NONE', #4034, 1000.000000000000000 ) ;
#1856 = DIRECTION ( 'NONE',  ( -1.000000000000000000, 0.000000000000000000, -0.000000000000000000 ) ) ;
#1857 = DIRECTION ( 'NONE',  ( 3.422777023335854256E-15, 0.000000000000000000, -1.000000000000000000 ) ) ;
#1858 = ORIENTED_EDGE ( 'NONE', *, *, #3016, .F. ) ;
#1859 = CARTESIAN_POINT ( 'NONE',  ( -13.99999999999999467, 7.000000000000000000, 15.00000000000000000 ) ) ;
#1860 = VERTEX_POINT ( 'NONE', #2225 ) ;
#1861 = LINE ( 'NONE', #3629, #3092 ) ;
#1862 = ORIENTED_EDGE ( 'NONE', *, *, #3431, .F. ) ;
#1863 = CARTESIAN_POINT ( 'NONE',  ( -3.049999999999996714, 7.000000000000000000, -0.9999999999999991118 ) ) ;
#1864 = EDGE_CURVE ( 'NONE', #266, #1712, #1643, .T. ) ;
#1865 = EDGE_CURVE ( 'NONE', #3556, #2529, #106, .T. ) ;
#1866 = AXIS2_PLACEMENT_3D ( 'NONE', #2176, #3703, #2812 ) ;
#1867 = LINE ( 'NONE', #4010, #14 ) ;
#1868 = EDGE_LOOP ( 'NONE', ( #3878, #529, #244, #1356 ) ) ;
#1869 = EDGE_CURVE ( 'NONE', #3497, #3941, #1289, .T. ) ;
#1870 = VERTEX_POINT ( 'NONE', #1704 ) ;
#1871 = ORIENTED_EDGE ( 'NONE', *, *, #1200, .T. ) ;
#1872 = ADVANCED_FACE ( 'NONE', ( #1684, #1332, #443 ), #3469, .F. ) ;
#1873 = CARTESIAN_POINT ( 'NONE',  ( -4.470305991407944065E-14, 4.999999999999997335, -13.00000000000000178 ) ) ;
#1874 = EDGE_CURVE ( 'NONE', #982, #1490, #3925, .T. ) ;
#1875 = VECTOR ( 'NONE', #3479, 1000.000000000000000 ) ;
#1876 = DIRECTION ( 'NONE',  ( -0.000000000000000000, -1.000000000000000000, -0.000000000000000000 ) ) ;
#1877 = CARTESIAN_POINT ( 'NONE',  ( -19.99999999999999645, 7.000000000000000000, -8.999999999999998224 ) ) ;
#1878 = PLANE ( 'NONE',  #1853 ) ;
#1879 = ORIENTED_EDGE ( 'NONE', *, *, #3434, .T. ) ;
#1880 = PLANE ( 'NONE',  #836 ) ;
#1881 = DIRECTION ( 'NONE',  ( 1.000000000000000000, 0.000000000000000000, -3.430736969901751677E-15 ) ) ;
#1882 = ORIENTED_EDGE ( 'NONE', *, *, #1269, .F. ) ;
#1883 = DIRECTION ( 'NONE',  ( -1.000000000000000000, 0.000000000000000000, 0.000000000000000000 ) ) ;
#1884 = DIRECTION ( 'NONE',  ( -0.7071067811865485719, -0.7071067811865465735, -2.420268843690292097E-15 ) ) ;
#1885 = VERTEX_POINT ( 'NONE', #2922 ) ;
#1886 = ORIENTED_EDGE ( 'NONE', *, *, #2235, .T. ) ;
#1887 = CARTESIAN_POINT ( 'NONE',  ( -13.99999999999999467, 5.000000000000000000, -15.00000000000000000 ) ) ;
#1888 = PLANE ( 'NONE',  #2029 ) ;
#1889 = EDGE_CURVE ( 'NONE', #2857, #414, #1251, .T. ) ;
#1890 = CARTESIAN_POINT ( 'NONE',  ( -30.02498439450074486, 15.02498439450071110, 4.999999999999898748 ) ) ;
#1891 = AXIS2_PLACEMENT_3D ( 'NONE', #702, #2183, #1007 ) ;
#1892 = EDGE_CURVE ( 'NONE', #958, #3922, #2626, .T. ) ;
#1893 = PLANE ( 'NONE',  #2783 ) ;
#1894 = CARTESIAN_POINT ( 'NONE',  ( -13.99999999999999467, 1.000000000000007772, -10.99999999999995204 ) ) ;
#1895 = VERTEX_POINT ( 'NONE', #2886 ) ;
#1896 = LINE ( 'NONE', #52, #2465 ) ;
#1897 = CARTESIAN_POINT ( 'NONE',  ( -16.99999999999999289, 10.00000000000000000, 9.000000000000001776 ) ) ;
#1898 = AXIS2_PLACEMENT_3D ( 'NONE', #2631, #3806, #753 ) ;
#1899 = VERTEX_POINT ( 'NONE', #1927 ) ;
#1900 = CARTESIAN_POINT ( 'NONE',  ( -16.99999999999999289, 7.000000000000000000, 10.40000000000000213 ) ) ;
#1901 = VECTOR ( 'NONE', #86, 1000.000000000000000 ) ;
#1902 = AXIS2_PLACEMENT_3D ( 'NONE', #1535, #2756, #1223 ) ;
#1903 = DIRECTION ( 'NONE',  ( -0.000000000000000000, -1.000000000000000000, -0.000000000000000000 ) ) ;
#1904 = ORIENTED_EDGE ( 'NONE', *, *, #395, .F. ) ;
#1905 = AXIS2_PLACEMENT_3D ( 'NONE', #1053, #2293, #3530 ) ;
#1906 = CARTESIAN_POINT ( 'NONE',  ( -16.49999999999999289, 4.999999999999997335, 4.250000000000000888 ) ) ;
#1907 = FACE_OUTER_BOUND ( 'NONE', #2051, .T. ) ;
#1908 = FACE_OUTER_BOUND ( 'NONE', #2619, .T. ) ;
#1909 = CIRCLE ( 'NONE', #485, 1.500000000000001110 ) ;
#1910 = DIRECTION ( 'NONE',  ( -0.7071067811865489050, 0.7071067811865460184, 2.420268843690293280E-15 ) ) ;
#1911 = CIRCLE ( 'NONE', #2568, 1.600000000000002531 ) ;
#1912 = CARTESIAN_POINT ( 'NONE',  ( -14.99999999999999289, 4.999999999999997335, 2.999999999999948486 ) ) ;
#1913 = EDGE_CURVE ( 'NONE', #216, #2634, #3509, .T. ) ;
#1914 = CARTESIAN_POINT ( 'NONE',  ( -3.782566608114415034E-14, 45.04996878900156787, 11.00000000000000178 ) ) ;
#1915 = ADVANCED_FACE ( 'NONE', ( #46 ), #87, .F. ) ;
#1916 = EDGE_LOOP ( 'NONE', ( #3068, #1390, #3764, #2356 ) ) ;
#1917 = CIRCLE ( 'NONE', #1656, 1.500000000000000444 ) ;
#1918 = ORIENTED_EDGE ( 'NONE', *, *, #3361, .T. ) ;
#1919 = EDGE_LOOP ( 'NONE', ( #2685, #3133, #3674, #278, #1287 ) ) ;
#1920 = FACE_OUTER_BOUND ( 'NONE', #1868, .T. ) ;
#1921 = CARTESIAN_POINT ( 'NONE',  ( 3.426756996618803952E-15, 0.000000000000000000, -1.000000000000000000 ) ) ;
#1922 = VERTEX_POINT ( 'NONE', #2602 ) ;
#1923 = CARTESIAN_POINT ( 'NONE',  ( 17.00000000000000000, 7.000000000000000000, -11.99999999999999645 ) ) ;
#1924 = PLANE ( 'NONE',  #809 ) ;
#1925 = ORIENTED_EDGE ( 'NONE', *, *, #3525, .F. ) ;
#1926 = CARTESIAN_POINT ( 'NONE',  ( 15.00000000000000711, 45.04996878900156787, -1.000000000000000000 ) ) ;
#1927 = CARTESIAN_POINT ( 'NONE',  ( -8.249999999999996447, 0.000000000000000000, 13.00000000000000178 ) ) ;
#1928 = CARTESIAN_POINT ( 'NONE',  ( 29.02498439450082302, 16.02498439450095447, -11.00000000000010125 ) ) ;
#1929 = CARTESIAN_POINT ( 'NONE',  ( -5.749999999999996447, 6.999999999999999112, -11.50000000000000888 ) ) ;
#1930 = DIRECTION ( 'NONE',  ( 0.7071067811865451302, -0.7071067811865500152, 2.431525908079537687E-15 ) ) ;
#1931 = VECTOR ( 'NONE', #3459, 1000.000000000000000 ) ;
#1932 = FACE_OUTER_BOUND ( 'NONE', #962, .T. ) ;
#1933 = ORIENTED_EDGE ( 'NONE', *, *, #993, .T. ) ;
#1934 = DIRECTION ( 'NONE',  ( -0.000000000000000000, -1.000000000000000000, -0.000000000000000000 ) ) ;
#1935 = PLANE ( 'NONE',  #2563 ) ;
#1936 = EDGE_CURVE ( 'NONE', #3225, #379, #73, .T. ) ;
#1937 = FACE_OUTER_BOUND ( 'NONE', #240, .T. ) ;
#1938 = ORIENTED_EDGE ( 'NONE', *, *, #3829, .F. ) ;
#1939 = DIRECTION ( 'NONE',  ( 0.000000000000000000, 0.000000000000000000, -1.000000000000000000 ) ) ;
#1940 = ADVANCED_FACE ( 'NONE', ( #1076 ), #424, .F. ) ;
#1941 = ORIENTED_EDGE ( 'NONE', *, *, #394, .F. ) ;
#1942 = CARTESIAN_POINT ( 'NONE',  ( -15.20096189432330469, 45.04996878900156787, 4.999999999999948486 ) ) ;
#1943 = ORIENTED_EDGE ( 'NONE', *, *, #3019, .T. ) ;
#1944 = CARTESIAN_POINT ( 'NONE',  ( -5.664213562373086042, 4.999999999999997335, -10.99999999999998224 ) ) ;
#1945 = DIRECTION ( 'NONE',  ( -1.156482317317871725E-15, -0.000000000000000000, 1.000000000000000000 ) ) ;
#1946 = CARTESIAN_POINT ( 'NONE',  ( 4.249999999999993783, 31.00000000000000000, -9.999999999999998224 ) ) ;
#1947 = CARTESIAN_POINT ( 'NONE',  ( 15.00000000000000711, 31.00000000000000000, -2.999999999999995115 ) ) ;
#1948 = CARTESIAN_POINT ( 'NONE',  ( 5.750000000000003553, 31.00000000000000000, -20.00000000000000000 ) ) ;
#1949 = DIRECTION ( 'NONE',  ( 0.000000000000000000, -0.000000000000000000, 1.000000000000000000 ) ) ;
#1950 = VECTOR ( 'NONE', #40, 1000.000000000000000 ) ;
#1951 = ORIENTED_EDGE ( 'NONE', *, *, #1361, .T. ) ;
#1952 = PLANE ( 'NONE',  #1608 ) ;
#1953 = CARTESIAN_POINT ( 'NONE',  ( 17.00000000000000000, 7.000000000000000000, -11.99999999999999645 ) ) ;
#1954 = ORIENTED_EDGE ( 'NONE', *, *, #3434, .F. ) ;
#1955 = CARTESIAN_POINT ( 'NONE',  ( -13.99999999999999467, 1.000000000000007772, 15.00000000000000000 ) ) ;
#1956 = EDGE_CURVE ( 'NONE', #2651, #1870, #1624, .T. ) ;
#1957 = ADVANCED_FACE ( 'NONE', ( #1782 ), #2395, .F. ) ;
#1958 = EDGE_LOOP ( 'NONE', ( #3755, #1272, #3842, #3676, #925, #908, #3592 ) ) ;
#1959 = DIRECTION ( 'NONE',  ( 1.000000000000000000, 0.000000000000000000, -1.734723475976807489E-15 ) ) ;
#1960 = VECTOR ( 'NONE', #342, 1000.000000000000000 ) ;
#1961 = EDGE_CURVE ( 'NONE', #332, #3225, #3650, .T. ) ;
#1962 = VERTEX_POINT ( 'NONE', #868 ) ;
#1963 = AXIS2_PLACEMENT_3D ( 'NONE', #1105, #2672, #515 ) ;
#1964 = CARTESIAN_POINT ( 'NONE',  ( -5.749999999999996447, 31.00000000000000000, -11.50000000000000888 ) ) ;
#1965 = CIRCLE ( 'NONE', #2287, 1.500000000000000444 ) ;
#1966 = DIRECTION ( 'NONE',  ( 1.000000000000000000, 0.000000000000000000, 3.438696916467649493E-15 ) ) ;
#1967 = CARTESIAN_POINT ( 'NONE',  ( 5.750000000000001776, 7.000000000000000000, 12.00000000000000000 ) ) ;
#1968 = ORIENTED_EDGE ( 'NONE', *, *, #562, .F. ) ;
#1969 = CIRCLE ( 'NONE', #3015, 1.600000000000002531 ) ;
#1970 = PLANE ( 'NONE',  #3341 ) ;
#1971 = FACE_OUTER_BOUND ( 'NONE', #60, .T. ) ;
#1972 = AXIS2_PLACEMENT_3D ( 'NONE', #2771, #286, #1528 ) ;
#1973 = DIRECTION ( 'NONE',  ( 0.7071067811865451302, -0.7071067811865500152, -0.000000000000000000 ) ) ;
#1974 = AXIS2_PLACEMENT_3D ( 'NONE', #3002, #318, #260 ) ;
#1975 = VERTEX_POINT ( 'NONE', #543 ) ;
#1976 = DIRECTION ( 'NONE',  ( 0.000000000000000000, 0.000000000000000000, 1.000000000000000000 ) ) ;
#1977 = AXIS2_PLACEMENT_3D ( 'NONE', #1978, #2674, #3578 ) ;
#1978 = CARTESIAN_POINT ( 'NONE',  ( 6.150000000000007461, 10.00000000000000000, -2.500000000000001332 ) ) ;
#1979 = VERTEX_POINT ( 'NONE', #2701 ) ;
#1980 = VECTOR ( 'NONE', #2810, 1000.000000000000000 ) ;
#1981 = FACE_OUTER_BOUND ( 'NONE', #2554, .T. ) ;
#1982 = ORIENTED_EDGE ( 'NONE', *, *, #448, .T. ) ;
#1983 = CARTESIAN_POINT ( 'NONE',  ( -15.20096189432330469, 0.2009618943233301702, 4.999999999999948486 ) ) ;
#1984 = ORIENTED_EDGE ( 'NONE', *, *, #1552, .T. ) ;
#1985 = FACE_OUTER_BOUND ( 'NONE', #1419, .T. ) ;
#1986 = DIRECTION ( 'NONE',  ( 0.000000000000000000, 0.000000000000000000, -1.000000000000000000 ) ) ;
#1987 = ADVANCED_FACE ( 'NONE', ( #3944 ), #1482, .F. ) ;
#1988 = CARTESIAN_POINT ( 'NONE',  ( 6.750000000000004441, 6.999999999999999112, 11.49999999999999822 ) ) ;
#1989 = ORIENTED_EDGE ( 'NONE', *, *, #256, .F. ) ;
#1990 = EDGE_CURVE ( 'NONE', #881, #2534, #1646, .T. ) ;
#1991 = CARTESIAN_POINT ( 'NONE',  ( 13.00000000000000888, 0.000000000000000000, 13.00000000000004619 ) ) ;
#1992 = EDGE_CURVE ( 'NONE', #1244, #3550, #2081, .T. ) ;
#1993 = CARTESIAN_POINT ( 'NONE',  ( -3.782566608114415034E-14, 4.999999999999997335, -11.00000000000000178 ) ) ;
#1994 = ORIENTED_EDGE ( 'NONE', *, *, #3292, .T. ) ;
#1995 = ORIENTED_EDGE ( 'NONE', *, *, #1552, .F. ) ;
#1996 = DIRECTION ( 'NONE',  ( 1.000000000000000000, 0.000000000000000000, 0.000000000000000000 ) ) ;
#1997 = LINE ( 'NONE', #1084, #1260 ) ;
#1998 = ORIENTED_EDGE ( 'NONE', *, *, #1844, .F. ) ;
#1999 = DIRECTION ( 'NONE',  ( 0.000000000000000000, 1.000000000000000000, 0.000000000000000000 ) ) ;
#2000 = ORIENTED_EDGE ( 'NONE', *, *, #2564, .T. ) ;
#2001 = FACE_OUTER_BOUND ( 'NONE', #56, .T. ) ;
#2002 = ORIENTED_EDGE ( 'NONE', *, *, #2965, .T. ) ;
#2003 = DIRECTION ( 'NONE',  ( 0.000000000000000000, 0.000000000000000000, 1.000000000000000000 ) ) ;
#2004 = AXIS2_PLACEMENT_3D ( 'NONE', #599, #3762, #1835 ) ;
#2005 = DIRECTION ( 'NONE',  ( 0.000000000000000000, -0.000000000000000000, 1.000000000000000000 ) ) ;
#2006 = CARTESIAN_POINT ( 'NONE',  ( -16.99999999999997868, 7.000000000000000000, -15.00000000000000000 ) ) ;
#2007 = ORIENTED_EDGE ( 'NONE', *, *, #329, .F. ) ;
#2008 = VERTEX_POINT ( 'NONE', #568 ) ;
#2009 = CARTESIAN_POINT ( 'NONE',  ( 14.00000000000000000, 7.000000000000000000, -15.00000000000000000 ) ) ;
#2010 = EDGE_CURVE ( 'NONE', #3220, #1153, #3327, .T. ) ;
#2011 = EDGE_CURVE ( 'NONE', #1113, #1330, #2414, .T. ) ;
#2012 = CARTESIAN_POINT ( 'NONE',  ( 13.00000000000000888, 0.000000000000000000, 15.00000000000000000 ) ) ;
#2013 = ADVANCED_FACE ( 'NONE', ( #3053 ), #258, .F. ) ;
#2014 = FACE_OUTER_BOUND ( 'NONE', #3290, .T. ) ;
#2015 = ORIENTED_EDGE ( 'NONE', *, *, #2564, .F. ) ;
#2016 = DIRECTION ( 'NONE',  ( -0.000000000000000000, -1.000000000000000000, -0.000000000000000000 ) ) ;
#2017 = DIRECTION ( 'NONE',  ( -1.000000000000000000, 0.000000000000000000, 0.000000000000000000 ) ) ;
#2018 = AXIS2_PLACEMENT_3D ( 'NONE', #1640, #1273, #3489 ) ;
#2019 = ORIENTED_EDGE ( 'NONE', *, *, #4014, .F. ) ;
#2020 = AXIS2_PLACEMENT_3D ( 'NONE', #3427, #3134, #659 ) ;
#2021 = CARTESIAN_POINT ( 'NONE',  ( -16.99999999999999645, 0.000000000000000000, 12.00000000000000000 ) ) ;
#2022 = ORIENTED_EDGE ( 'NONE', *, *, #1864, .F. ) ;
#2023 = CARTESIAN_POINT ( 'NONE',  ( 20.00000000000001066, 10.00000000000000000, 12.00000000000000000 ) ) ;
#2024 = ORIENTED_EDGE ( 'NONE', *, *, #1336, .T. ) ;
#2025 = DIRECTION ( 'NONE',  ( 0.000000000000000000, 0.000000000000000000, 1.000000000000000000 ) ) ;
#2026 = FACE_OUTER_BOUND ( 'NONE', #580, .T. ) ;
#2027 = ORIENTED_EDGE ( 'NONE', *, *, #1316, .F. ) ;
#2028 = ORIENTED_EDGE ( 'NONE', *, *, #1370, .F. ) ;
#2029 = AXIS2_PLACEMENT_3D ( 'NONE', #3701, #2775, #8 ) ;
#2030 = CARTESIAN_POINT ( 'NONE',  ( -14.99999999999999289, 0.000000000000000000, 4.250000000000000000 ) ) ;
#2031 = VECTOR ( 'NONE', #2975, 1000.000000000000000 ) ;
#2032 = CARTESIAN_POINT ( 'NONE',  ( 20.00000000000000711, 7.000000000000000000, 11.99999999999997691 ) ) ;
#2033 = VERTEX_POINT ( 'NONE', #3320 ) ;
#2034 = LINE ( 'NONE', #3501, #1580 ) ;
#2035 = CARTESIAN_POINT ( 'NONE',  ( 17.00000000000000000, 10.00000000000000000, -13.59999999999999964 ) ) ;
#2036 = VECTOR ( 'NONE', #853, 1000.000000000000000 ) ;
#2037 = EDGE_CURVE ( 'NONE', #2774, #3295, #1969, .T. ) ;
#2038 = DIRECTION ( 'NONE',  ( -0.000000000000000000, -1.000000000000000000, -0.000000000000000000 ) ) ;
#2039 = EDGE_CURVE ( 'NONE', #2925, #2889, #2575, .T. ) ;
#2040 = DIRECTION ( 'NONE',  ( 0.000000000000000000, 0.000000000000000000, 1.000000000000000000 ) ) ;
#2041 = AXIS2_PLACEMENT_3D ( 'NONE', #3294, #166, #1461 ) ;
#2042 = ORIENTED_EDGE ( 'NONE', *, *, #3859, .T. ) ;
#2043 = DIRECTION ( 'NONE',  ( 0.000000000000000000, 1.000000000000000000, 0.000000000000000000 ) ) ;
#2044 = EDGE_LOOP ( 'NONE', ( #2658, #3970, #2417, #2106 ) ) ;
#2045 = VECTOR ( 'NONE', #714, 1000.000000000000114 ) ;
#2046 = EDGE_LOOP ( 'NONE', ( #854, #3561, #2782, #1655 ) ) ;
#2047 = DIRECTION ( 'NONE',  ( -0.000000000000000000, -1.000000000000000000, -0.000000000000000000 ) ) ;
#2048 = ORIENTED_EDGE ( 'NONE', *, *, #3428, .F. ) ;
#2049 = CARTESIAN_POINT ( 'NONE',  ( -16.99999999999999289, 10.00000000000000000, 9.000000000000001776 ) ) ;
#2050 = CARTESIAN_POINT ( 'NONE',  ( 20.00000000000000355, 4.999999999999997335, -6.999999999999999112 ) ) ;
#2051 = EDGE_LOOP ( 'NONE', ( #1110, #897, #1886, #3658, #3813, #3985 ) ) ;
#2052 = ORIENTED_EDGE ( 'NONE', *, *, #947, .T. ) ;
#2053 = DIRECTION ( 'NONE',  ( -1.000000000000000000, 0.000000000000000000, 3.422777023335854650E-15 ) ) ;
#2054 = CARTESIAN_POINT ( 'NONE',  ( -13.99999999999999467, 5.000000000000000000, -10.99999999999995026 ) ) ;
#2055 = CARTESIAN_POINT ( 'NONE',  ( -13.99999999999999467, 45.04996878900156787, -12.99999999999995204 ) ) ;
#2056 = CARTESIAN_POINT ( 'NONE',  ( 12.99999999999997158, -3.610631762291039245E-14, -9.000000000000046185 ) ) ;
#2057 = DIRECTION ( 'NONE',  ( 0.000000000000000000, 1.000000000000000000, 0.000000000000000000 ) ) ;
#2058 = FACE_OUTER_BOUND ( 'NONE', #726, .T. ) ;
#2059 = ORIENTED_EDGE ( 'NONE', *, *, #3218, .T. ) ;
#2060 = LINE ( 'NONE', #1456, #3622 ) ;
#2061 = ORIENTED_EDGE ( 'NONE', *, *, #3124, .T. ) ;
#2062 = FACE_OUTER_BOUND ( 'NONE', #3636, .T. ) ;
#2063 = ADVANCED_FACE ( 'NONE', ( #1711 ), #3302, .F. ) ;
#2064 = VECTOR ( 'NONE', #1245, 1000.000000000000000 ) ;
#2065 = VECTOR ( 'NONE', #2038, 1000.000000000000000 ) ;
#2066 = ADVANCED_FACE ( 'NONE', ( #2014 ), #3483, .T. ) ;
#2067 = ORIENTED_EDGE ( 'NONE', *, *, #2088, .T. ) ;
#2068 = CARTESIAN_POINT ( 'NONE',  ( 20.00000000000000355, 10.00000000000000000, -8.999999999999994671 ) ) ;
#2069 = CARTESIAN_POINT ( 'NONE',  ( 20.00000000000000711, 7.000000000000000000, 4.500000000000007105 ) ) ;
#2070 = ORIENTED_EDGE ( 'NONE', *, *, #2618, .F. ) ;
#2071 = VERTEX_POINT ( 'NONE', #514 ) ;
#2072 = LINE ( 'NONE', #3318, #3784 ) ;
#2073 = CARTESIAN_POINT ( 'NONE',  ( -13.99999999999999645, 1.000000000000007772, 12.99999999999995204 ) ) ;
#2074 = DIRECTION ( 'NONE',  ( -1.000000000000000000, 0.000000000000000000, 0.000000000000000000 ) ) ;
#2075 = DIRECTION ( 'NONE',  ( 1.000000000000000000, 0.000000000000000000, 3.422777023335855044E-15 ) ) ;
#2076 = CARTESIAN_POINT ( 'NONE',  ( -13.99999999999999467, 5.000000000000000000, -11.99999999999999645 ) ) ;
#2077 = DIRECTION ( 'NONE',  ( 0.000000000000000000, 1.000000000000000000, 0.000000000000000000 ) ) ;
#2078 = ORIENTED_EDGE ( 'NONE', *, *, #3238, .T. ) ;
#2079 = LINE ( 'NONE', #301, #1677 ) ;
#2080 = ORIENTED_EDGE ( 'NONE', *, *, #1306, .F. ) ;
#2081 = LINE ( 'NONE', #2108, #2625 ) ;
#2082 = ORIENTED_EDGE ( 'NONE', *, *, #2280, .F. ) ;
#2083 = DIRECTION ( 'NONE',  ( 1.000000000000000000, 0.000000000000000000, 0.000000000000000000 ) ) ;
#2084 = ORIENTED_EDGE ( 'NONE', *, *, #2259, .T. ) ;
#2085 = VECTOR ( 'NONE', #3546, 1000.000000000000000 ) ;
#2086 = ORIENTED_EDGE ( 'NONE', *, *, #1224, .T. ) ;
#2087 = PLANE ( 'NONE',  #334 ) ;
#2088 = EDGE_CURVE ( 'NONE', #2679, #362, #699, .T. ) ;
#2089 = EDGE_CURVE ( 'NONE', #590, #1366, #3261, .T. ) ;
#2090 = LINE ( 'NONE', #2006, #1196 ) ;
#2091 = ORIENTED_EDGE ( 'NONE', *, *, #224, .F. ) ;
#2092 = ADVANCED_FACE ( 'NONE', ( #1937 ), #2550, .F. ) ;
#2093 = ORIENTED_EDGE ( 'NONE', *, *, #770, .T. ) ;
#2094 = VERTEX_POINT ( 'NONE', #391 ) ;
#2095 = ORIENTED_EDGE ( 'NONE', *, *, #3482, .F. ) ;
#2096 = CARTESIAN_POINT ( 'NONE',  ( -2.395943916335098610E-14, 45.04996878900156787, -7.000000000000000000 ) ) ;
#2097 = EDGE_CURVE ( 'NONE', #676, #103, #2953, .T. ) ;
#2098 = DIRECTION ( 'NONE',  ( 0.000000000000000000, -0.000000000000000000, 1.000000000000000000 ) ) ;
#2099 = VECTOR ( 'NONE', #710, 1000.000000000000000 ) ;
#2100 = DIRECTION ( 'NONE',  ( 0.000000000000000000, -0.000000000000000000, 1.000000000000000000 ) ) ;
#2101 = ORIENTED_EDGE ( 'NONE', *, *, #2595, .F. ) ;
#2102 = CARTESIAN_POINT ( 'NONE',  ( -16.99999999999999289, 4.999999999999997335, -11.99999999999999645 ) ) ;
#2103 = VECTOR ( 'NONE', #3702, 1000.000000000000000 ) ;
#2104 = CARTESIAN_POINT ( 'NONE',  ( 14.00000000000000000, 5.000000000000000000, 12.00000000000000355 ) ) ;
#2105 = VECTOR ( 'NONE', #365, 1000.000000000000000 ) ;
#2106 = ORIENTED_EDGE ( 'NONE', *, *, #3603, .F. ) ;
#2107 = CARTESIAN_POINT ( 'NONE',  ( 6.750000000000004441, 0.000000000000000000, 11.49999999999999822 ) ) ;
#2108 = CARTESIAN_POINT ( 'NONE',  ( 14.00000000000000000, 45.04996878900156787, 11.00000000000004974 ) ) ;
#2109 = VECTOR ( 'NONE', #2083, 1000.000000000000000 ) ;
#2110 = FACE_OUTER_BOUND ( 'NONE', #358, .T. ) ;
#2111 = ORIENTED_EDGE ( 'NONE', *, *, #3264, .T. ) ;
#2112 = VECTOR ( 'NONE', #842, 1000.000000000000000 ) ;
#2113 = CARTESIAN_POINT ( 'NONE',  ( 15.00000000000000533, 0.000000000000000000, 3.000000000000005329 ) ) ;
#2114 = FACE_OUTER_BOUND ( 'NONE', #2966, .T. ) ;
#2115 = VECTOR ( 'NONE', #1337, 1000.000000000000000 ) ;
#2116 = EDGE_CURVE ( 'NONE', #701, #2846, #2034, .T. ) ;
#2117 = EDGE_LOOP ( 'NONE', ( #113, #3040 ) ) ;
#2118 = CARTESIAN_POINT ( 'NONE',  ( 20.00000000000000355, 4.999999999999997335, -2.891205793294684539E-15 ) ) ;
#2119 = LINE ( 'NONE', #294, #2175 ) ;
#2120 = EDGE_CURVE ( 'NONE', #1011, #3556, #2876, .T. ) ;
#2121 = CARTESIAN_POINT ( 'NONE',  ( -15.20096189432330647, 45.04996878900156787, -4.999999999999948486 ) ) ;
#2122 = ADVANCED_FACE ( 'NONE', ( #1733 ), #1324, .F. ) ;
#2123 = EDGE_LOOP ( 'NONE', ( #2883, #4028, #3661, #3810 ) ) ;
#2124 = DIRECTION ( 'NONE',  ( 0.000000000000000000, 1.000000000000000000, 0.000000000000000000 ) ) ;
#2125 = DIRECTION ( 'NONE',  ( -1.445602896647341875E-16, 0.000000000000000000, -1.000000000000000000 ) ) ;
#2126 = ORIENTED_EDGE ( 'NONE', *, *, #62, .T. ) ;
#2127 = DIRECTION ( 'NONE',  ( -1.000000000000000000, 0.000000000000000000, 1.156482317317873105E-15 ) ) ;
#2128 = ORIENTED_EDGE ( 'NONE', *, *, #307, .F. ) ;
#2129 = CARTESIAN_POINT ( 'NONE',  ( 13.00000000000000888, 0.000000000000000000, 12.00000000000000000 ) ) ;
#2130 = VERTEX_POINT ( 'NONE', #2242 ) ;
#2131 = CARTESIAN_POINT ( 'NONE',  ( 16.50000000000000711, 31.00000000000000000, -4.499999999999996447 ) ) ;
#2132 = CARTESIAN_POINT ( 'NONE',  ( -8.249999999999996447, 45.04996878900156787, 13.00000000000000178 ) ) ;
#2133 = ORIENTED_EDGE ( 'NONE', *, *, #2844, .F. ) ;
#2134 = CIRCLE ( 'NONE', #3115, 1.499999999999999556 ) ;
#2135 = DIRECTION ( 'NONE',  ( 0.000000000000000000, 1.000000000000000000, 0.000000000000000000 ) ) ;
#2136 = DIRECTION ( 'NONE',  ( 1.000000000000000000, 0.000000000000000000, 5.782411586589351722E-16 ) ) ;
#2137 = DIRECTION ( 'NONE',  ( 0.000000000000000000, 0.000000000000000000, 1.000000000000000000 ) ) ;
#2138 = DIRECTION ( 'NONE',  ( 0.000000000000000000, 0.000000000000000000, 1.000000000000000000 ) ) ;
#2139 = CARTESIAN_POINT ( 'NONE',  ( -19.99999999999999645, 4.999999999999997335, -11.99999999999997691 ) ) ;
#2140 = EDGE_CURVE ( 'NONE', #1743, #2846, #818, .T. ) ;
#2141 = EDGE_CURVE ( 'NONE', #1616, #3555, #2654, .T. ) ;
#2142 = CARTESIAN_POINT ( 'NONE',  ( 16.50000000000000711, 31.00000000000000000, 4.500000000000003553 ) ) ;
#2143 = EDGE_CURVE ( 'NONE', #1168, #2547, #2340, .T. ) ;
#2144 = ORIENTED_EDGE ( 'NONE', *, *, #1913, .F. ) ;
#2145 = CARTESIAN_POINT ( 'NONE',  ( -3.430736969901753255E-15, 45.04996878900156787, 1.000000000000000444 ) ) ;
#2146 = DIRECTION ( 'NONE',  ( -1.000000000000000000, 0.000000000000000000, -0.000000000000000000 ) ) ;
#2147 = ORIENTED_EDGE ( 'NONE', *, *, #777, .F. ) ;
#2148 = CARTESIAN_POINT ( 'NONE',  ( -13.99999999999999822, 7.000000000000000000, 12.00000000000000355 ) ) ;
#2149 = CARTESIAN_POINT ( 'NONE',  ( 17.00000000000000000, 10.00000000000000000, 9.000000000000003553 ) ) ;
#2150 = ORIENTED_EDGE ( 'NONE', *, *, #2341, .T. ) ;
#2151 = ORIENTED_EDGE ( 'NONE', *, *, #1889, .T. ) ;
#2152 = VECTOR ( 'NONE', #2500, 1000.000000000000000 ) ;
#2153 = DIRECTION ( 'NONE',  ( -0.000000000000000000, -1.000000000000000000, -0.000000000000000000 ) ) ;
#2154 = DIRECTION ( 'NONE',  ( 1.000000000000000000, 0.000000000000000000, 0.000000000000000000 ) ) ;
#2155 = CARTESIAN_POINT ( 'NONE',  ( 0.000000000000000000, 9.000000000000001776, 0.000000000000000000 ) ) ;
#2156 = CARTESIAN_POINT ( 'NONE',  ( 14.00000000000000000, -26.00000000000000000, -15.00000000000000000 ) ) ;
#2157 = PLANE ( 'NONE',  #3348 ) ;
#2158 = EDGE_CURVE ( 'NONE', #1547, #3854, #495, .T. ) ;
#2159 = ORIENTED_EDGE ( 'NONE', *, *, #3124, .F. ) ;
#2160 = VECTOR ( 'NONE', #3759, 1000.000000000000000 ) ;
#2161 = CARTESIAN_POINT ( 'NONE',  ( -16.99999999999999645, 0.000000000000000000, 12.00000000000000000 ) ) ;
#2162 = DIRECTION ( 'NONE',  ( 0.000000000000000000, 1.000000000000000000, 0.000000000000000000 ) ) ;
#2163 = AXIS2_PLACEMENT_3D ( 'NONE', #2313, #3547, #2251 ) ;
#2164 = ORIENTED_EDGE ( 'NONE', *, *, #3689, .F. ) ;
#2165 = DIRECTION ( 'NONE',  ( 0.000000000000000000, 0.000000000000000000, 1.000000000000000000 ) ) ;
#2166 = EDGE_CURVE ( 'NONE', #1366, #1302, #2692, .T. ) ;
#2167 = VECTOR ( 'NONE', #592, 1000.000000000000114 ) ;
#2168 = PLANE ( 'NONE',  #76 ) ;
#2169 = PRODUCT_DEFINITION_SHAPE ( 'NONE', 'NONE',  #602 ) ;
#2170 = ORIENTED_EDGE ( 'NONE', *, *, #2795, .F. ) ;
#2171 = ORIENTED_EDGE ( 'NONE', *, *, #2667, .T. ) ;
#2172 = DIRECTION ( 'NONE',  ( 0.000000000000000000, 0.000000000000000000, 1.000000000000000000 ) ) ;
#2173 = VECTOR ( 'NONE', #2528, 1000.000000000000000 ) ;
#2174 = PLANE ( 'NONE',  #546 ) ;
#2175 = VECTOR ( 'NONE', #198, 1000.000000000000000 ) ;
#2176 = CARTESIAN_POINT ( 'NONE',  ( 20.00000000000000355, 4.999999999999997335, -11.99999999999997868 ) ) ;
#2177 = CARTESIAN_POINT ( 'NONE',  ( 13.00000000000001066, -8.673617379884095623E-16, 15.00000000000000000 ) ) ;
#2178 = ORIENTED_EDGE ( 'NONE', *, *, #3363, .F. ) ;
#2179 = CARTESIAN_POINT ( 'NONE',  ( -13.99999999999999467, 45.04996878900156787, -8.999999999999952038 ) ) ;
#2180 = ORIENTED_EDGE ( 'NONE', *, *, #3734, .T. ) ;
#2181 = DIRECTION ( 'NONE',  ( -1.000000000000000000, 0.000000000000000000, -1.020425574104004122E-16 ) ) ;
#2182 = EDGE_LOOP ( 'NONE', ( #377, #719, #112, #322 ) ) ;
#2183 = DIRECTION ( 'NONE',  ( -3.430736969901751677E-15, 0.000000000000000000, -1.000000000000000000 ) ) ;
#2184 = EDGE_CURVE ( 'NONE', #2215, #22, #3619, .T. ) ;
#2185 = CARTESIAN_POINT ( 'NONE',  ( -16.99999999999999289, 10.00000000000000000, -8.999999999999998224 ) ) ;
#2186 = ORIENTED_EDGE ( 'NONE', *, *, #603, .F. ) ;
#2187 = EDGE_CURVE ( 'NONE', #1885, #3652, #1553, .T. ) ;
#2188 = ORIENTED_EDGE ( 'NONE', *, *, #395, .T. ) ;
#2189 = VECTOR ( 'NONE', #943, 1000.000000000000000 ) ;
#2190 = DIRECTION ( 'NONE',  ( 1.000000000000000000, 0.000000000000000000, 0.000000000000000000 ) ) ;
#2191 = SHAPE_DEFINITION_REPRESENTATION ( #2169, #3745 ) ;
#2192 = VECTOR ( 'NONE', #3695, 1000.000000000000000 ) ;
#2193 = LINE ( 'NONE', #1037, #1061 ) ;
#2194 = PLANE ( 'NONE',  #383 ) ;
#2195 = LINE ( 'NONE', #2511, #84 ) ;
#2196 = ORIENTED_EDGE ( 'NONE', *, *, #3451, .T. ) ;
#2197 = DIRECTION ( 'NONE',  ( 0.000000000000000000, -0.000000000000000000, 1.000000000000000000 ) ) ;
#2198 = DIRECTION ( 'NONE',  ( -0.000000000000000000, -1.000000000000000000, -0.000000000000000000 ) ) ;
#2199 = VERTEX_POINT ( 'NONE', #1834 ) ;
#2200 = CARTESIAN_POINT ( 'NONE',  ( 20.00000000000000711, 10.00000000000000000, 9.000000000000005329 ) ) ;
#2201 = CARTESIAN_POINT ( 'NONE',  ( -12.99999999999999467, -0.000000000000000000, -12.99999999999995559 ) ) ;
#2202 = VERTEX_POINT ( 'NONE', #3084 ) ;
#2203 = ADVANCED_FACE ( 'NONE', ( #1816 ), #3997, .T. ) ;
#2204 = EDGE_CURVE ( 'NONE', #2628, #722, #1854, .T. ) ;
#2205 = CARTESIAN_POINT ( 'NONE',  ( -16.99999999999997868, 7.000000000000000000, 15.00000000000000000 ) ) ;
#2206 = DIRECTION ( 'NONE',  ( 0.000000000000000000, 0.000000000000000000, -1.000000000000000000 ) ) ;
#2207 = ADVANCED_FACE ( 'NONE', ( #937 ), #2174, .F. ) ;
#2208 = DIRECTION ( 'NONE',  ( 1.000000000000000000, 0.000000000000000000, 3.438696916467649099E-15 ) ) ;
#2209 = VERTEX_POINT ( 'NONE', #1237 ) ;
#2210 = CARTESIAN_POINT ( 'NONE',  ( 17.00000000000000000, 7.000000000000000000, 13.60000000000000675 ) ) ;
#2211 = AXIS2_PLACEMENT_3D ( 'NONE', #3503, #782, #2962 ) ;
#2212 = CARTESIAN_POINT ( 'NONE',  ( -19.99999999999999645, 7.000000000000000000, -5.749999999999999112 ) ) ;
#2213 = ADVANCED_FACE ( 'NONE', ( #861 ), #3420, .T. ) ;
#2214 = FACE_OUTER_BOUND ( 'NONE', #2304, .T. ) ;
#2215 = VERTEX_POINT ( 'NONE', #3126 ) ;
#2216 = DIRECTION ( 'NONE',  ( -1.000000000000000000, 0.000000000000000000, -1.020425574104004122E-16 ) ) ;
#2217 = CARTESIAN_POINT ( 'NONE',  ( 3.426756996618803952E-15, 45.04996878900156787, -1.000000000000000000 ) ) ;
#2218 = EDGE_LOOP ( 'NONE', ( #1762, #764, #2144, #963, #3945, #1369, #2, #1747 ) ) ;
#2219 = FACE_OUTER_BOUND ( 'NONE', #1320, .T. ) ;
#2220 = VECTOR ( 'NONE', #3176, 1000.000000000000000 ) ;
#2221 = CARTESIAN_POINT ( 'NONE',  ( -14.99999999999997868, -0.000000000000000000, -6.999999999999949374 ) ) ;
#2222 = ORIENTED_EDGE ( 'NONE', *, *, #1264, .F. ) ;
#2223 = CIRCLE ( 'NONE', #1317, 2.999999999999999112 ) ;
#2224 = LINE ( 'NONE', #2205, #2432 ) ;
#2225 = CARTESIAN_POINT ( 'NONE',  ( -13.99999999999999467, 5.000000000000000000, -15.00000000000000000 ) ) ;
#2226 = VECTOR ( 'NONE', #363, 1000.000000000000000 ) ;
#2227 = LINE ( 'NONE', #2540, #348 ) ;
#2228 = VECTOR ( 'NONE', #569, 1000.000000000000000 ) ;
#2229 = DIRECTION ( 'NONE',  ( 0.000000000000000000, 0.000000000000000000, 1.000000000000000000 ) ) ;
#2230 = ORIENTED_EDGE ( 'NONE', *, *, #612, .T. ) ;
#2231 = EDGE_CURVE ( 'NONE', #184, #1050, #1474, .T. ) ;
#2232 = DIRECTION ( 'NONE',  ( 0.000000000000000000, 0.000000000000000000, -1.000000000000000000 ) ) ;
#2233 = VECTOR ( 'NONE', #1755, 1000.000000000000000 ) ;
#2234 = DIRECTION ( 'NONE',  ( -0.000000000000000000, -1.000000000000000000, -0.000000000000000000 ) ) ;
#2235 = EDGE_CURVE ( 'NONE', #3357, #1179, #2714, .T. ) ;
#2236 = DIRECTION ( 'NONE',  ( 0.000000000000000000, 0.000000000000000000, 1.000000000000000000 ) ) ;
#2237 = VECTOR ( 'NONE', #408, 1000.000000000000000 ) ;
#2238 = EDGE_CURVE ( 'NONE', #2955, #187, #3954, .T. ) ;
#2239 = ORIENTED_EDGE ( 'NONE', *, *, #3984, .F. ) ;
#2240 = FACE_OUTER_BOUND ( 'NONE', #250, .T. ) ;
#2241 = DIRECTION ( 'NONE',  ( 5.782411586589351722E-16, -0.000000000000000000, 1.000000000000000000 ) ) ;
#2242 = CARTESIAN_POINT ( 'NONE',  ( -16.99999999999999289, 7.000000000000000000, -8.999999999999998224 ) ) ;
#2243 = VERTEX_POINT ( 'NONE', #2408 ) ;
#2244 = LINE ( 'NONE', #1900, #3324 ) ;
#2245 = APPLICATION_CONTEXT ( 'automotive_design' ) ;
#2246 = VERTEX_POINT ( 'NONE', #295 ) ;
#2247 = CARTESIAN_POINT ( 'NONE',  ( 17.00000000000000000, 10.00000000000000000, 9.000000000000003553 ) ) ;
#2248 = ORIENTED_EDGE ( 'NONE', *, *, #505, .F. ) ;
#2249 = FACE_OUTER_BOUND ( 'NONE', #140, .T. ) ;
#2250 = VECTOR ( 'NONE', #1225, 1000.000000000000000 ) ;
#2251 = DIRECTION ( 'NONE',  ( 0.000000000000000000, 0.000000000000000000, 1.000000000000000000 ) ) ;
#2252 = LINE ( 'NONE', #3470, #735 ) ;
#2253 = CARTESIAN_POINT ( 'NONE',  ( -8.249999999999996447, 4.999999999999997335, 13.00000000000000178 ) ) ;
#2254 = VECTOR ( 'NONE', #3831, 1000.000000000000000 ) ;
#2255 = FILL_AREA_STYLE_COLOUR ( '', #407 ) ;
#2256 = CARTESIAN_POINT ( 'NONE',  ( -12.99999999999999467, 0.000000000000000000, 15.00000000000000000 ) ) ;
#2257 = AXIS2_PLACEMENT_3D ( 'NONE', #3936, #3322, #3602 ) ;
#2258 = ORIENTED_EDGE ( 'NONE', *, *, #2743, .T. ) ;
#2259 = EDGE_CURVE ( 'NONE', #184, #1409, #2430, .T. ) ;
#2260 = EDGE_CURVE ( 'NONE', #1870, #2881, #2494, .T. ) ;
#2261 = CARTESIAN_POINT ( 'NONE',  ( 5.750000000000003553, 45.04996878900156787, -13.00000000000000178 ) ) ;
#2262 = EDGE_CURVE ( 'NONE', #778, #143, #1798, .T. ) ;
#2263 = CARTESIAN_POINT ( 'NONE',  ( 17.00000000000000000, 7.000000000000000000, 9.000000000000003553 ) ) ;
#2264 = CARTESIAN_POINT ( 'NONE',  ( -14.99999999999999289, 4.999999999999997335, 0.000000000000000000 ) ) ;
#2265 = ORIENTED_EDGE ( 'NONE', *, *, #2116, .F. ) ;
#2266 = LINE ( 'NONE', #3835, #980 ) ;
#2267 = VERTEX_POINT ( 'NONE', #2778 ) ;
#2268 = FACE_OUTER_BOUND ( 'NONE', #2123, .T. ) ;
#2269 = ORIENTED_EDGE ( 'NONE', *, *, #1666, .F. ) ;
#2270 = CARTESIAN_POINT ( 'NONE',  ( -14.99999999999999289, 4.999999999999997335, -1.000000000000051514 ) ) ;
#2271 = DIRECTION ( 'NONE',  ( 0.000000000000000000, 0.000000000000000000, -1.000000000000000000 ) ) ;
#2272 = CARTESIAN_POINT ( 'NONE',  ( -13.29999999999999538, 7.000000000000000000, -0.9999999999999991118 ) ) ;
#2273 = CARTESIAN_POINT ( 'NONE',  ( 15.00000000000000711, 45.04996878900156787, 3.000000000000005773 ) ) ;
#2274 = CARTESIAN_POINT ( 'NONE',  ( -16.99999999999999645, 7.000000000000000000, 5.750000000000000888 ) ) ;
#2275 = DIRECTION ( 'NONE',  ( 1.000000000000000000, -0.000000000000000000, 3.438696916467649493E-15 ) ) ;
#2276 = VECTOR ( 'NONE', #188, 1000.000000000000000 ) ;
#2277 = EDGE_LOOP ( 'NONE', ( #3478, #3594, #467, #3404 ) ) ;
#2278 = PLANE ( 'NONE',  #3112 ) ;
#2279 = DIRECTION ( 'NONE',  ( -0.000000000000000000, -1.000000000000000000, -0.000000000000000000 ) ) ;
#2280 = EDGE_CURVE ( 'NONE', #2094, #3815, #247, .T. ) ;
#2281 = EDGE_CURVE ( 'NONE', #453, #266, #3974, .T. ) ;
#2282 = VERTEX_POINT ( 'NONE', #3668 ) ;
#2283 = PLANE ( 'NONE',  #4043 ) ;
#2284 = VERTEX_POINT ( 'NONE', #4018 ) ;
#2285 = LINE ( 'NONE', #146, #1850 ) ;
#2286 = EDGE_CURVE ( 'NONE', #3526, #2731, #1843, .T. ) ;
#2287 = AXIS2_PLACEMENT_3D ( 'NONE', #1310, #1375, #63 ) ;
#2288 = EDGE_CURVE ( 'NONE', #1718, #1510, #597, .T. ) ;
#2289 = ORIENTED_EDGE ( 'NONE', *, *, #3809, .T. ) ;
#2290 = CARTESIAN_POINT ( 'NONE',  ( -16.99999999999999645, 10.00000000000000000, -14.99999999999999822 ) ) ;
#2291 = VECTOR ( 'NONE', #2386, 1000.000000000000000 ) ;
#2292 = CARTESIAN_POINT ( 'NONE',  ( -19.99999999999999645, 4.999999999999997335, 0.000000000000000000 ) ) ;
#2293 = DIRECTION ( 'NONE',  ( 0.000000000000000000, 1.000000000000000000, 0.000000000000000000 ) ) ;
#2294 = VECTOR ( 'NONE', #48, 1000.000000000000000 ) ;
#2295 = ORIENTED_EDGE ( 'NONE', *, *, #3830, .F. ) ;
#2296 = DIRECTION ( 'NONE',  ( 0.7071067811865444641, 0.7071067811865505703, -2.431525908079534926E-15 ) ) ;
#2297 = AXIS2_PLACEMENT_3D ( 'NONE', #3819, #3135, #1659 ) ;
#2298 = DIRECTION ( 'NONE',  ( 0.000000000000000000, 1.000000000000000000, 0.000000000000000000 ) ) ;
#2299 = VERTEX_POINT ( 'NONE', #918 ) ;
#2300 = AXIS2_PLACEMENT_3D ( 'NONE', #2589, #3281, #1710 ) ;
#2301 = ORIENTED_EDGE ( 'NONE', *, *, #3500, .T. ) ;
#2302 = CARTESIAN_POINT ( 'NONE',  ( 6.150000000000007461, 10.00000000000000000, 2.499999999999998668 ) ) ;
#2303 = CARTESIAN_POINT ( 'NONE',  ( -4.470305991407944065E-14, -0.000000000000000000, 13.00000000000000178 ) ) ;
#2304 = EDGE_LOOP ( 'NONE', ( #1487, #1059, #3278, #436 ) ) ;
#2305 = LINE ( 'NONE', #1435, #1442 ) ;
#2306 = VERTEX_POINT ( 'NONE', #3399 ) ;
#2307 = ORIENTED_EDGE ( 'NONE', *, *, #1370, .T. ) ;
#2308 = CARTESIAN_POINT ( 'NONE',  ( -13.29999999999999538, 7.000000000000000000, -0.9999999999999991118 ) ) ;
#2309 = EDGE_LOOP ( 'NONE', ( #1740, #1707, #2591, #242, #3095, #3039, #1119 ) ) ;
#2310 = LINE ( 'NONE', #2986, #2276 ) ;
#2311 = EDGE_CURVE ( 'NONE', #3003, #2943, #1292, .T. ) ;
#2312 = EDGE_CURVE ( 'NONE', #3031, #3296, #1381, .T. ) ;
#2313 = CARTESIAN_POINT ( 'NONE',  ( 16.50000000000000711, 6.999999999999999112, 3.000000000000005329 ) ) ;
#2314 = DIRECTION ( 'NONE',  ( -0.000000000000000000, -1.000000000000000000, -0.000000000000000000 ) ) ;
#2315 = ADVANCED_FACE ( 'NONE', ( #2585 ), #1015, .F. ) ;
#2316 = UNCERTAINTY_MEASURE_WITH_UNIT (LENGTH_MEASURE( 1.000000000000000082E-05 ), #2712, 'distance_accuracy_value', 'NONE');
#2317 = ORIENTED_EDGE ( 'NONE', *, *, #826, .T. ) ;
#2318 = CARTESIAN_POINT ( 'NONE',  ( 14.00000000000000000, 7.000000000000000000, 12.00000000000000355 ) ) ;
#2319 = LINE ( 'NONE', #2670, #2237 ) ;
#2320 = ORIENTED_EDGE ( 'NONE', *, *, #1017, .T. ) ;
#2321 = ORIENTED_EDGE ( 'NONE', *, *, #2939, .F. ) ;
#2322 = CARTESIAN_POINT ( 'NONE',  ( 17.00000000000000000, 10.00000000000000000, 12.00000000000000355 ) ) ;
#2323 = CARTESIAN_POINT ( 'NONE',  ( 15.00000000000000355, 7.000000000000000000, 12.00000000000000888 ) ) ;
#2324 = ORIENTED_EDGE ( 'NONE', *, *, #472, .T. ) ;
#2325 = DIRECTION ( 'NONE',  ( 0.000000000000000000, 0.000000000000000000, 1.000000000000000000 ) ) ;
#2326 = ORIENTED_EDGE ( 'NONE', *, *, #251, .T. ) ;
#2327 = ORIENTED_EDGE ( 'NONE', *, *, #633, .T. ) ;
#2328 = DIRECTION ( 'NONE',  ( 0.000000000000000000, -1.000000000000000000, 0.000000000000000000 ) ) ;
#2329 = ORIENTED_EDGE ( 'NONE', *, *, #329, .T. ) ;
#2330 = VERTEX_POINT ( 'NONE', #1929 ) ;
#2331 = DIRECTION ( 'NONE',  ( 0.000000000000000000, 0.000000000000000000, -1.000000000000000000 ) ) ;
#2332 = CARTESIAN_POINT ( 'NONE',  ( -14.99999999999999289, 31.00000000000000000, -4.249999999999998224 ) ) ;
#2333 = ORIENTED_EDGE ( 'NONE', *, *, #3474, .F. ) ;
#2334 = ADVANCED_FACE ( 'NONE', ( #385 ), #3198, .F. ) ;
#2335 = EDGE_CURVE ( 'NONE', #3609, #658, #10, .T. ) ;
#2336 = VERTEX_POINT ( 'NONE', #2253 ) ;
#2337 = EDGE_CURVE ( 'NONE', #2246, #417, #1256, .T. ) ;
#2338 = PLANE ( 'NONE',  #3455 ) ;
#2339 = LINE ( 'NONE', #2032, #1536 ) ;
#2340 = LINE ( 'NONE', #3575, #3993 ) ;
#2341 = EDGE_CURVE ( 'NONE', #2355, #1244, #3452, .T. ) ;
#2342 = CARTESIAN_POINT ( 'NONE',  ( -2.395943916335098610E-14, -0.000000000000000000, 7.000000000000000000 ) ) ;
#2343 = LINE ( 'NONE', #2956, #444 ) ;
#2344 = DIRECTION ( 'NONE',  ( -1.000000000000000000, 0.000000000000000000, 3.438696916467649099E-15 ) ) ;
#2345 = VERTEX_POINT ( 'NONE', #1314 ) ;
#2346 = VECTOR ( 'NONE', #2748, 1000.000000000000000 ) ;
#2347 = CARTESIAN_POINT ( 'NONE',  ( 14.00000000000000000, 10.00000000000000000, -11.99999999999999645 ) ) ;
#2348 = VERTEX_POINT ( 'NONE', #3805 ) ;
#2349 = LINE ( 'NONE', #1741, #1388 ) ;
#2350 = EDGE_LOOP ( 'NONE', ( #3191, #2605, #1085, #1228 ) ) ;
#2351 = ORIENTED_EDGE ( 'NONE', *, *, #65, .T. ) ;
#2352 = CARTESIAN_POINT ( 'NONE',  ( -14.99999999999999289, 4.999999999999997335, 0.000000000000000000 ) ) ;
#2353 = VECTOR ( 'NONE', #314, 1000.000000000000000 ) ;
#2354 = DIRECTION ( 'NONE',  ( 0.000000000000000000, 0.000000000000000000, 1.000000000000000000 ) ) ;
#2355 = VERTEX_POINT ( 'NONE', #328 ) ;
#2356 = ORIENTED_EDGE ( 'NONE', *, *, #2037, .F. ) ;
#2357 = EDGE_LOOP ( 'NONE', ( #319, #3961, #1070, #3312 ) ) ;
#2358 = VECTOR ( 'NONE', #2190, 1000.000000000000000 ) ;
#2359 = CARTESIAN_POINT ( 'NONE',  ( 20.00000000000000355, 4.999999999999997335, -2.891205793294684539E-15 ) ) ;
#2360 = VECTOR ( 'NONE', #2431, 1000.000000000000000 ) ;
#2361 = VECTOR ( 'NONE', #2617, 1000.000000000000000 ) ;
#2362 = LINE ( 'NONE', #534, #2571 ) ;
#2363 = DIRECTION ( 'NONE',  ( 0.7071067811865461294, 0.7071067811865490160, -0.000000000000000000 ) ) ;
#2364 = CARTESIAN_POINT ( 'NONE',  ( 20.00000000000001776, 5.000000000000008882, -5.000000000000069278 ) ) ;
#2365 = VECTOR ( 'NONE', #914, 1000.000000000000000 ) ;
#2366 = DIRECTION ( 'NONE',  ( -0.7071067811865451302, 0.7071067811865500152, -2.431525908079537293E-15 ) ) ;
#2367 = EDGE_CURVE ( 'NONE', #1490, #2628, #670, .T. ) ;
#2368 = LINE ( 'NONE', #2323, #4003 ) ;
#2369 = EDGE_CURVE ( 'NONE', #1168, #145, #2811, .T. ) ;
#2370 = AXIS2_PLACEMENT_3D ( 'NONE', #1010, #1285, #1638 ) ;
#2371 = ORIENTED_EDGE ( 'NONE', *, *, #2689, .F. ) ;
#2372 = LINE ( 'NONE', #4005, #1344 ) ;
#2373 = VECTOR ( 'NONE', #1242, 1000.000000000000000 ) ;
#2374 = ORIENTED_EDGE ( 'NONE', *, *, #499, .F. ) ;
#2375 = DIRECTION ( 'NONE',  ( 0.000000000000000000, 0.000000000000000000, 1.000000000000000000 ) ) ;
#2376 = AXIS2_PLACEMENT_3D ( 'NONE', #3909, #2607, #1949 ) ;
#2377 = ORIENTED_EDGE ( 'NONE', *, *, #1422, .T. ) ;
#2378 = PLANE ( 'NONE',  #3073 ) ;
#2379 = CARTESIAN_POINT ( 'NONE',  ( -14.99999999999997868, 0.000000000000000000, 12.00000000000000000 ) ) ;
#2380 = ORIENTED_EDGE ( 'NONE', *, *, #1615, .T. ) ;
#2381 = VERTEX_POINT ( 'NONE', #3761 ) ;
#2382 = ORIENTED_EDGE ( 'NONE', *, *, #164, .F. ) ;
#2383 = ORIENTED_EDGE ( 'NONE', *, *, #504, .F. ) ;
#2384 = CARTESIAN_POINT ( 'NONE',  ( -16.99999999999999289, 10.00000000000000000, -8.999999999999998224 ) ) ;
#2385 = LINE ( 'NONE', #3362, #944 ) ;
#2386 = DIRECTION ( 'NONE',  ( -0.000000000000000000, -1.000000000000000000, -0.000000000000000000 ) ) ;
#2387 = DIRECTION ( 'NONE',  ( 1.000000000000000000, 0.000000000000000000, 0.000000000000000000 ) ) ;
#2388 = DIRECTION ( 'NONE',  ( 0.000000000000000000, -0.000000000000000000, 1.000000000000000000 ) ) ;
#2389 = DIRECTION ( 'NONE',  ( 0.000000000000000000, 1.000000000000000000, 0.000000000000000000 ) ) ;
#2390 = EDGE_CURVE ( 'NONE', #2547, #1979, #3472, .T. ) ;
#2391 = EDGE_CURVE ( 'NONE', #2969, #2299, #2193, .T. ) ;
#2392 = EDGE_LOOP ( 'NONE', ( #978, #1505, #1403, #3148 ) ) ;
#2393 = CARTESIAN_POINT ( 'NONE',  ( -13.00000000000000533, 0.000000000000000000, 11.99999999999999467 ) ) ;
#2394 = EDGE_CURVE ( 'NONE', #1118, #2774, #709, .T. ) ;
#2395 = CYLINDRICAL_SURFACE ( 'NONE', #2435, 1.499999999999999556 ) ;
#2396 = ORIENTED_EDGE ( 'NONE', *, *, #1797, .T. ) ;
#2397 = LINE ( 'NONE', #4007, #2109 ) ;
#2398 = VECTOR ( 'NONE', #2716, 1000.000000000000000 ) ;
#2399 = ORIENTED_EDGE ( 'NONE', *, *, #966, .T. ) ;
#2400 = CARTESIAN_POINT ( 'NONE',  ( -19.99999999999999645, 7.000000000000000000, 9.000000000000000000 ) ) ;
#2401 = LINE ( 'NONE', #767, #3088 ) ;
#2402 = ORIENTED_EDGE ( 'NONE', *, *, #2593, .F. ) ;
#2403 = ORIENTED_EDGE ( 'NONE', *, *, #2912, .T. ) ;
#2404 = EDGE_LOOP ( 'NONE', ( #2499, #1807, #2095, #2636, #550 ) ) ;
#2405 = ORIENTED_EDGE ( 'NONE', *, *, #226, .T. ) ;
#2406 = DIRECTION ( 'NONE',  ( -0.000000000000000000, 1.000000000000000000, -0.000000000000000000 ) ) ;
#2407 = FACE_OUTER_BOUND ( 'NONE', #1583, .T. ) ;
#2408 = CARTESIAN_POINT ( 'NONE',  ( -14.99999999999997868, -0.000000000000000000, 4.999999999999949374 ) ) ;
#2409 = DIRECTION ( 'NONE',  ( -0.000000000000000000, -1.000000000000000000, -0.000000000000000000 ) ) ;
#2410 = DIRECTION ( 'NONE',  ( 0.000000000000000000, 0.000000000000000000, -1.000000000000000000 ) ) ;
#2411 = CARTESIAN_POINT ( 'NONE',  ( -8.249999999999994671, 0.000000000000000000, 15.00000000000000000 ) ) ;
#2412 = ORIENTED_EDGE ( 'NONE', *, *, #923, .T. ) ;
#2413 = CARTESIAN_POINT ( 'NONE',  ( -4.470305991407944065E-14, 45.04996878900156787, 13.00000000000000178 ) ) ;
#2414 = LINE ( 'NONE', #3964, #2759 ) ;
#2415 = VECTOR ( 'NONE', #2903, 1000.000000000000000 ) ;
#2416 = EDGE_CURVE ( 'NONE', #3559, #2698, #3162, .T. ) ;
#2417 = ORIENTED_EDGE ( 'NONE', *, *, #3363, .T. ) ;
#2418 = CYLINDRICAL_SURFACE ( 'NONE', #222, 3.000000000000000888 ) ;
#2419 = VECTOR ( 'NONE', #3948, 1000.000000000000000 ) ;
#2420 = ORIENTED_EDGE ( 'NONE', *, *, #2743, .F. ) ;
#2421 = DIRECTION ( 'NONE',  ( 0.000000000000000000, 1.000000000000000000, 0.000000000000000000 ) ) ;
#2422 = ADVANCED_FACE ( 'NONE', ( #92 ), #1626, .F. ) ;
#2423 = LINE ( 'NONE', #1508, #2694 ) ;
#2424 = VERTEX_POINT ( 'NONE', #1334 ) ;
#2425 = EDGE_CURVE ( 'NONE', #1425, #3001, #651, .T. ) ;
#2426 = ORIENTED_EDGE ( 'NONE', *, *, #1597, .F. ) ;
#2427 = ORIENTED_EDGE ( 'NONE', *, *, #2517, .F. ) ;
#2428 = DIRECTION ( 'NONE',  ( 0.000000000000000000, -0.000000000000000000, 1.000000000000000000 ) ) ;
#2429 = AXIS2_PLACEMENT_3D ( 'NONE', #2096, #493, #2053 ) ;
#2430 = LINE ( 'NONE', #3641, #3149 ) ;
#2431 = DIRECTION ( 'NONE',  ( 0.7071067811865444641, 0.7071067811865505703, -2.431525908079534926E-15 ) ) ;
#2432 = VECTOR ( 'NONE', #3690, 1000.000000000000000 ) ;
#2433 = VECTOR ( 'NONE', #1999, 1000.000000000000000 ) ;
#2434 = CARTESIAN_POINT ( 'NONE',  ( -16.99999999999999289, 10.00000000000000000, -11.99999999999999645 ) ) ;
#2435 = AXIS2_PLACEMENT_3D ( 'NONE', #3000, #1458, #3627 ) ;
#2436 = FACE_OUTER_BOUND ( 'NONE', #2895, .T. ) ;
#2437 = CIRCLE ( 'NONE', #3211, 1.500000000000001110 ) ;
#2438 = AXIS2_PLACEMENT_3D ( 'NONE', #126, #1705, #2627 ) ;
#2439 = ORIENTED_EDGE ( 'NONE', *, *, #1422, .F. ) ;
#2440 = PLANE ( 'NONE',  #2792 ) ;
#2441 = VERTEX_POINT ( 'NONE', #3512 ) ;
#2442 = AXIS2_PLACEMENT_3D ( 'NONE', #1111, #2047, #522 ) ;
#2443 = PLANE ( 'NONE',  #741 ) ;
#2444 = ORIENTED_EDGE ( 'NONE', *, *, #2335, .F. ) ;
#2445 = AXIS2_PLACEMENT_3D ( 'NONE', #1497, #2389, #4002 ) ;
#2446 = CARTESIAN_POINT ( 'NONE',  ( -16.99999999999997868, 0.000000000000000000, 15.00000000000000000 ) ) ;
#2447 = DIRECTION ( 'NONE',  ( 0.000000000000000000, 1.000000000000000000, 0.000000000000000000 ) ) ;
#2448 = ORIENTED_EDGE ( 'NONE', *, *, #2687, .T. ) ;
#2449 = ORIENTED_EDGE ( 'NONE', *, *, #481, .F. ) ;
#2450 = EDGE_CURVE ( 'NONE', #2243, #3041, #728, .T. ) ;
#2451 = ADVANCED_FACE ( 'NONE', ( #345 ), #1970, .F. ) ;
#2452 = DIRECTION ( 'NONE',  ( -0.000000000000000000, -1.000000000000000000, -0.000000000000000000 ) ) ;
#2453 = EDGE_CURVE ( 'NONE', #3877, #459, #1036, .T. ) ;
#2454 = CARTESIAN_POINT ( 'NONE',  ( -13.99999999999999467, 7.000000000000000000, -11.99999999999999645 ) ) ;
#2455 = CARTESIAN_POINT ( 'NONE',  ( 20.00000000000000355, 7.000000000000000000, -4.499999999999996447 ) ) ;
#2456 = CARTESIAN_POINT ( 'NONE',  ( 14.99999999999999289, 0.000000000000000000, -7.000000000000051514 ) ) ;
#2457 = LINE ( 'NONE', #182, #3432 ) ;
#2458 = CARTESIAN_POINT ( 'NONE',  ( -16.99999999999999289, 10.00000000000000000, 12.00000000000000355 ) ) ;
#2459 = ORIENTED_EDGE ( 'NONE', *, *, #2238, .T. ) ;
#2460 = CARTESIAN_POINT ( 'NONE',  ( 14.00000000000000000, 7.000000000000000000, -11.99999999999999645 ) ) ;
#2461 = DIRECTION ( 'NONE',  ( 0.000000000000000000, 0.000000000000000000, 1.000000000000000000 ) ) ;
#2462 = VECTOR ( 'NONE', #779, 1000.000000000000000 ) ;
#2463 = ORIENTED_EDGE ( 'NONE', *, *, #2470, .T. ) ;
#2464 = DIRECTION ( 'NONE',  ( -1.000000000000000000, -0.000000000000000000, -5.782411586589355667E-16 ) ) ;
#2465 = VECTOR ( 'NONE', #354, 1000.000000000000000 ) ;
#2466 = CARTESIAN_POINT ( 'NONE',  ( -2.395943916335098610E-14, 45.04996878900156787, 7.000000000000000000 ) ) ;
#2467 = ORIENTED_EDGE ( 'NONE', *, *, #3774, .F. ) ;
#2468 = ORIENTED_EDGE ( 'NONE', *, *, #3654, .F. ) ;
#2469 = DIRECTION ( 'NONE',  ( -0.000000000000000000, -1.000000000000000000, -0.000000000000000000 ) ) ;
#2470 = EDGE_CURVE ( 'NONE', #207, #1792, #3449, .T. ) ;
#2471 = EDGE_CURVE ( 'NONE', #3790, #958, #2227, .T. ) ;
#2472 = CARTESIAN_POINT ( 'NONE',  ( 14.00000000000000000, 10.00000000000000000, 12.00000000000000355 ) ) ;
#2473 = CARTESIAN_POINT ( 'NONE',  ( -16.99999999999999289, 10.00000000000000000, -11.99999999999999645 ) ) ;
#2474 = DIRECTION ( 'NONE',  ( 0.000000000000000000, 0.000000000000000000, 1.000000000000000000 ) ) ;
#2475 = EDGE_LOOP ( 'NONE', ( #3818, #1871, #3663, #1728, #478, #3272, #2059, #1721, #742 ) ) ;
#2476 = FACE_OUTER_BOUND ( 'NONE', #2350, .T. ) ;
#2477 = ORIENTED_EDGE ( 'NONE', *, *, #2450, .F. ) ;
#2478 = EDGE_LOOP ( 'NONE', ( #1925, #3644, #3027, #3917 ) ) ;
#2479 = PLANE ( 'NONE',  #176 ) ;
#2480 = CARTESIAN_POINT ( 'NONE',  ( -24.99999999999999645, 31.00000000000000000, -5.749999999999999112 ) ) ;
#2481 = ORIENTED_EDGE ( 'NONE', *, *, #3067, .F. ) ;
#2482 = CARTESIAN_POINT ( 'NONE',  ( -16.99999999999999289, 4.999999999999997335, 12.00000000000000355 ) ) ;
#2483 = DIRECTION ( 'NONE',  ( -0.000000000000000000, -1.000000000000000000, -0.000000000000000000 ) ) ;
#2484 = VECTOR ( 'NONE', #3737, 1000.000000000000000 ) ;
#2485 = VERTEX_POINT ( 'NONE', #2272 ) ;
#2486 = FACE_BOUND ( 'NONE', #3537, .T. ) ;
#2487 = CARTESIAN_POINT ( 'NONE',  ( -5.749999999999996447, 45.04996878900156787, -13.00000000000000178 ) ) ;
#2488 = PLANE ( 'NONE',  #1866 ) ;
#2489 = AXIS2_PLACEMENT_3D ( 'NONE', #1948, #405, #2871 ) ;
#2490 = DIRECTION ( 'NONE',  ( 0.000000000000000000, -0.000000000000000000, 1.000000000000000000 ) ) ;
#2491 = AXIS2_PLACEMENT_3D ( 'NONE', #887, #3365, #3063 ) ;
#2492 = ORIENTED_EDGE ( 'NONE', *, *, #3013, .T. ) ;
#2493 = EDGE_CURVE ( 'NONE', #1153, #1212, #3841, .T. ) ;
#2494 = CIRCLE ( 'NONE', #1902, 1.499999999999999556 ) ;
#2495 = DIRECTION ( 'NONE',  ( 0.000000000000000000, 0.000000000000000000, 1.000000000000000000 ) ) ;
#2496 = EDGE_CURVE ( 'NONE', #1050, #3637, #2629, .T. ) ;
#2497 = FACE_OUTER_BOUND ( 'NONE', #3515, .T. ) ;
#2498 = AXIS2_PLACEMENT_3D ( 'NONE', #1408, #3933, #1004 ) ;
#2499 = ORIENTED_EDGE ( 'NONE', *, *, #770, .F. ) ;
#2500 = DIRECTION ( 'NONE',  ( 0.000000000000000000, -1.000000000000000000, 0.000000000000000000 ) ) ;
#2501 = VECTOR ( 'NONE', #30, 1000.000000000000000 ) ;
#2502 = DIRECTION ( 'NONE',  ( 3.422777023335854650E-15, 0.000000000000000000, -1.000000000000000000 ) ) ;
#2503 = ORIENTED_EDGE ( 'NONE', *, *, #3860, .F. ) ;
#2504 = AXIS2_PLACEMENT_3D ( 'NONE', #743, #1089, #460 ) ;
#2505 = ORIENTED_EDGE ( 'NONE', *, *, #1121, .T. ) ;
#2506 = FACE_OUTER_BOUND ( 'NONE', #527, .T. ) ;
#2507 = VECTOR ( 'NONE', #1211, 1000.000000000000000 ) ;
#2508 = ORIENTED_EDGE ( 'NONE', *, *, #1047, .T. ) ;
#2509 = CARTESIAN_POINT ( 'NONE',  ( -16.99999999999999289, 10.00000000000000000, 12.00000000000000355 ) ) ;
#2510 = CARTESIAN_POINT ( 'NONE',  ( -14.99999999999999289, 45.04996878900156787, -3.000000000000000000 ) ) ;
#2511 = CARTESIAN_POINT ( 'NONE',  ( -3.430736969901753255E-15, -0.000000000000000000, 1.000000000000000444 ) ) ;
#2512 = ORIENTED_EDGE ( 'NONE', *, *, #666, .F. ) ;
#2513 = CARTESIAN_POINT ( 'NONE',  ( 20.00000000000000355, 4.999999999999997335, -2.891205793294684539E-15 ) ) ;
#2514 = DIRECTION ( 'NONE',  ( -0.000000000000000000, -1.000000000000000000, -0.000000000000000000 ) ) ;
#2515 = ADVANCED_FACE ( 'NONE', ( #1908 ), #750, .F. ) ;
#2516 = ADVANCED_FACE ( 'NONE', ( #2850 ), #1605, .F. ) ;
#2517 = EDGE_CURVE ( 'NONE', #459, #3550, #107, .T. ) ;
#2518 = ORIENTED_EDGE ( 'NONE', *, *, #3292, .F. ) ;
#2519 = CARTESIAN_POINT ( 'NONE',  ( -16.49999999999999289, 4.999999999999997335, -4.249999999999999112 ) ) ;
#2520 = CARTESIAN_POINT ( 'NONE',  ( -2.395943916335098610E-14, 4.999999999999997335, -7.000000000000000000 ) ) ;
#2521 = VECTOR ( 'NONE', #1432, 1000.000000000000000 ) ;
#2522 = EDGE_CURVE ( 'NONE', #3184, #2894, #382, .T. ) ;
#2523 = ORIENTED_EDGE ( 'NONE', *, *, #2341, .F. ) ;
#2524 = LINE ( 'NONE', #1603, #4039 ) ;
#2525 = LINE ( 'NONE', #664, #2160 ) ;
#2526 = CARTESIAN_POINT ( 'NONE',  ( 5.750000000000003553, 31.00000000000000000, -11.50000000000000888 ) ) ;
#2527 = CARTESIAN_POINT ( 'NONE',  ( 20.00000000000000355, 10.00000000000000000, -8.999999999999994671 ) ) ;
#2528 = DIRECTION ( 'NONE',  ( -0.000000000000000000, -1.000000000000000000, -0.000000000000000000 ) ) ;
#2529 = VERTEX_POINT ( 'NONE', #3161 ) ;
#2530 = CARTESIAN_POINT ( 'NONE',  ( 8.250000000000003553, 6.999999999999999112, 11.49999999999999822 ) ) ;
#2531 = CARTESIAN_POINT ( 'NONE',  ( 14.00000000000000000, 45.04996878900156787, -13.00000000000004974 ) ) ;
#2532 = ORIENTED_EDGE ( 'NONE', *, *, #822, .T. ) ;
#2533 = LINE ( 'NONE', #1578, #3199 ) ;
#2534 = VERTEX_POINT ( 'NONE', #3824 ) ;
#2535 = DIRECTION ( 'NONE',  ( 0.000000000000000000, 0.000000000000000000, 1.000000000000000000 ) ) ;
#2536 = EDGE_LOOP ( 'NONE', ( #1984, #1829, #3307, #3730 ) ) ;
#2537 = CARTESIAN_POINT ( 'NONE',  ( 30.02498439450074841, 15.02498439450071110, -7.000000000000102141 ) ) ;
#2538 = EDGE_CURVE ( 'NONE', #1330, #4032, #2252, .T. ) ;
#2539 = DIRECTION ( 'NONE',  ( 0.000000000000000000, 1.000000000000000000, 0.000000000000000000 ) ) ;
#2540 = CARTESIAN_POINT ( 'NONE',  ( -12.99999999999999822, 0.000000000000000000, 11.99999999999999467 ) ) ;
#2541 = VECTOR ( 'NONE', #2847, 1000.000000000000000 ) ;
#2542 = EDGE_CURVE ( 'NONE', #2199, #1768, #3217, .T. ) ;
#2543 = CARTESIAN_POINT ( 'NONE',  ( -13.99999999999999822, 10.00000000000000000, 12.00000000000000355 ) ) ;
#2544 = VECTOR ( 'NONE', #3413, 1000.000000000000114 ) ;
#2545 = DIRECTION ( 'NONE',  ( 0.000000000000000000, 0.000000000000000000, -1.000000000000000000 ) ) ;
#2546 = CARTESIAN_POINT ( 'NONE',  ( -14.99999999999999289, 45.04996878900156787, 1.000000000000000444 ) ) ;
#2547 = VERTEX_POINT ( 'NONE', #3803 ) ;
#2548 = PLANE ( 'NONE',  #578 ) ;
#2549 = DIRECTION ( 'NONE',  ( -0.000000000000000000, -1.000000000000000000, -0.000000000000000000 ) ) ;
#2551 = VECTOR ( 'NONE', #1688, 1000.000000000000000 ) ;
#2550 = PLANE ( 'NONE',  #3662 ) ;
#2552 = ORIENTED_EDGE ( 'NONE', *, *, #2187, .T. ) ;
#2553 = CARTESIAN_POINT ( 'NONE',  ( -14.99999999999999289, 4.999999999999997335, 4.250000000000000000 ) ) ;
#2554 = EDGE_LOOP ( 'NONE', ( #2396, #157, #2111, #3714, #2505 ) ) ;
#2555 = VECTOR ( 'NONE', #1164, 1000.000000000000000 ) ;
#2556 = ORIENTED_EDGE ( 'NONE', *, *, #3574, .T. ) ;
#2557 = CARTESIAN_POINT ( 'NONE',  ( -19.99999999999999645, 10.00000000000000000, 9.000000000000003553 ) ) ;
#2558 = ORIENTED_EDGE ( 'NONE', *, *, #2166, .F. ) ;
#2559 = VECTOR ( 'NONE', #2583, 1000.000000000000000 ) ;
#2560 = LINE ( 'NONE', #3801, #1112 ) ;
#2561 = CARTESIAN_POINT ( 'NONE',  ( 0.000000000000000000, 5.000000000000000000, 0.000000000000000000 ) ) ;
#2562 = DIRECTION ( 'NONE',  ( -1.000000000000000000, -0.000000000000000000, -0.000000000000000000 ) ) ;
#2563 = AXIS2_PLACEMENT_3D ( 'NONE', #3749, #3425, #2181 ) ;
#2564 = EDGE_CURVE ( 'NONE', #108, #233, #972, .T. ) ;
#2565 = EDGE_CURVE ( 'NONE', #982, #2534, #725, .T. ) ;
#2566 = DIRECTION ( 'NONE',  ( -0.000000000000000000, -1.000000000000000000, -0.000000000000000000 ) ) ;
#2567 = EDGE_CURVE ( 'NONE', #2345, #590, #1354, .T. ) ;
#2568 = AXIS2_PLACEMENT_3D ( 'NONE', #2760, #3958, #2737 ) ;
#2569 = DIRECTION ( 'NONE',  ( 0.000000000000000000, 0.000000000000000000, 1.000000000000000000 ) ) ;
#2570 = DIRECTION ( 'NONE',  ( 0.000000000000000000, 1.000000000000000000, 0.000000000000000000 ) ) ;
#2571 = VECTOR ( 'NONE', #817, 1000.000000000000000 ) ;
#2572 = ORIENTED_EDGE ( 'NONE', *, *, #1205, .T. ) ;
#2573 = CARTESIAN_POINT ( 'NONE',  ( -16.99999999999999289, 10.00000000000000000, 12.00000000000000355 ) ) ;
#2574 = DIRECTION ( 'NONE',  ( 0.000000000000000000, 0.000000000000000000, 1.000000000000000000 ) ) ;
#2575 = LINE ( 'NONE', #776, #668 ) ;
#2576 = ORIENTED_EDGE ( 'NONE', *, *, #993, .F. ) ;
#2577 = CARTESIAN_POINT ( 'NONE',  ( -19.99999999999999645, 7.000000000000000000, -5.749999999999999112 ) ) ;
#2578 = ORIENTED_EDGE ( 'NONE', *, *, #3729, .T. ) ;
#2579 = PLANE ( 'NONE',  #296 ) ;
#2580 = ORIENTED_EDGE ( 'NONE', *, *, #1874, .F. ) ;
#2581 = PLANE ( 'NONE',  #2868 ) ;
#2582 = DIRECTION ( 'NONE',  ( 0.000000000000000000, 0.000000000000000000, -1.000000000000000000 ) ) ;
#2583 = DIRECTION ( 'NONE',  ( 1.000000000000000000, -0.000000000000000000, -0.000000000000000000 ) ) ;
#2584 = ORIENTED_EDGE ( 'NONE', *, *, #3121, .F. ) ;
#2585 = FACE_OUTER_BOUND ( 'NONE', #2732, .T. ) ;
#2586 = CARTESIAN_POINT ( 'NONE',  ( 3.426756996618803952E-15, 4.999999999999997335, -1.000000000000000000 ) ) ;
#2587 = EDGE_CURVE ( 'NONE', #1490, #2424, #3196, .T. ) ;
#2588 = ADVANCED_FACE ( 'NONE', ( #2780 ), #88, .F. ) ;
#2589 = CARTESIAN_POINT ( 'NONE',  ( -4.249999999999996447, 6.999999999999999112, -11.49999999999999822 ) ) ;
#2590 = EDGE_CURVE ( 'NONE', #781, #19, #1385, .T. ) ;
#2591 = ORIENTED_EDGE ( 'NONE', *, *, #1844, .T. ) ;
#2592 = CARTESIAN_POINT ( 'NONE',  ( -7.049999999999997158, 10.00000000000000000, -0.9999999999999991118 ) ) ;
#2593 = EDGE_CURVE ( 'NONE', #3523, #1483, #1685, .T. ) ;
#2594 = LINE ( 'NONE', #2717, #2233 ) ;
#2595 = EDGE_CURVE ( 'NONE', #3638, #3310, #1765, .T. ) ;
#2596 = EDGE_LOOP ( 'NONE', ( #2600, #3009, #2829, #3919, #2727 ) ) ;
#2597 = DIRECTION ( 'NONE',  ( 0.000000000000000000, 0.000000000000000000, 1.000000000000000000 ) ) ;
#2598 = VERTEX_POINT ( 'NONE', #2947 ) ;
#2599 = DIRECTION ( 'NONE',  ( -1.000000000000000000, 0.000000000000000000, 0.000000000000000000 ) ) ;
#2600 = ORIENTED_EDGE ( 'NONE', *, *, #2141, .T. ) ;
#2601 = LINE ( 'NONE', #2624, #2415 ) ;
#2602 = CARTESIAN_POINT ( 'NONE',  ( 20.00000000000000355, 4.999999999999997335, 4.500000000000004441 ) ) ;
#2603 = DIRECTION ( 'NONE',  ( 2.891205793294678326E-16, 0.000000000000000000, 1.000000000000000000 ) ) ;
#2604 = ORIENTED_EDGE ( 'NONE', *, *, #1020, .T. ) ;
#2605 = ORIENTED_EDGE ( 'NONE', *, *, #2841, .F. ) ;
#2606 = CARTESIAN_POINT ( 'NONE',  ( 11.15000000000000746, 7.000000000000000000, 2.499999999999998668 ) ) ;
#2607 = DIRECTION ( 'NONE',  ( -0.7071067811865505703, 0.7071067811865444641, 0.000000000000000000 ) ) ;
#2608 = ORIENTED_EDGE ( 'NONE', *, *, #3883, .F. ) ;
#2609 = VERTEX_POINT ( 'NONE', #1077 ) ;
#2610 = VECTOR ( 'NONE', #2464, 1000.000000000000000 ) ;
#2611 = EDGE_LOOP ( 'NONE', ( #1556, #1267, #2642, #3158 ) ) ;
#2612 = ORIENTED_EDGE ( 'NONE', *, *, #1020, .F. ) ;
#2613 = LINE ( 'NONE', #1342, #2254 ) ;
#2614 = CARTESIAN_POINT ( 'NONE',  ( 16.99999999999998579, 7.000000000000000000, 15.00000000000000000 ) ) ;
#2615 = EDGE_CURVE ( 'NONE', #1766, #2071, #1096, .T. ) ;
#2616 = ORIENTED_EDGE ( 'NONE', *, *, #1529, .F. ) ;
#2617 = DIRECTION ( 'NONE',  ( -0.7071067811865444641, -0.7071067811865505703, -2.431525908079534926E-15 ) ) ;
#2618 = EDGE_CURVE ( 'NONE', #1922, #783, #528, .T. ) ;
#2619 = EDGE_LOOP ( 'NONE', ( #2426, #2616, #2080, #6 ) ) ;
#2620 = CYLINDRICAL_SURFACE ( 'NONE', #2442, 3.000000000000000888 ) ;
#2621 = AXIS2_PLACEMENT_3D ( 'NONE', #94, #3181, #1627 ) ;
#2622 = ORIENTED_EDGE ( 'NONE', *, *, #747, .T. ) ;
#2623 = VECTOR ( 'NONE', #2976, 1000.000000000000000 ) ;
#2624 = CARTESIAN_POINT ( 'NONE',  ( -3.782566608114415034E-14, -0.000000000000000000, -11.00000000000000178 ) ) ;
#2625 = VECTOR ( 'NONE', #3980, 1000.000000000000000 ) ;
#2626 = LINE ( 'NONE', #125, #617 ) ;
#2627 = DIRECTION ( 'NONE',  ( -1.000000000000000000, 0.000000000000000000, 3.438696916467649493E-15 ) ) ;
#2628 = VERTEX_POINT ( 'NONE', #3007 ) ;
#2629 = CIRCLE ( 'NONE', #1848, 1.499999999999999556 ) ;
#2630 = ORIENTED_EDGE ( 'NONE', *, *, #2140, .F. ) ;
#2631 = CARTESIAN_POINT ( 'NONE',  ( -3.094827224820884110E-14, 45.04996878900156787, 9.000000000000001776 ) ) ;
#2632 = AXIS2_PLACEMENT_3D ( 'NONE', #237, #3651, #2146 ) ;
#2633 = LINE ( 'NONE', #3223, #1145 ) ;
#2634 = VERTEX_POINT ( 'NONE', #2050 ) ;
#2635 = AXIS2_PLACEMENT_3D ( 'NONE', #387, #1591, #2236 ) ;
#2636 = ORIENTED_EDGE ( 'NONE', *, *, #1869, .F. ) ;
#2637 = CARTESIAN_POINT ( 'NONE',  ( -12.99999999999999467, 0.000000000000000000, 12.00000000000000000 ) ) ;
#2638 = DIRECTION ( 'NONE',  ( -1.000000000000000000, 0.000000000000000000, -0.000000000000000000 ) ) ;
#2639 = EDGE_LOOP ( 'NONE', ( #3709, #3902, #3518, #3697 ) ) ;
#2640 = CARTESIAN_POINT ( 'NONE',  ( 20.00000000000000355, 7.000000000000000000, -4.499999999999996447 ) ) ;
#2641 = EDGE_CURVE ( 'NONE', #2441, #1483, #464, .T. ) ;
#2642 = ORIENTED_EDGE ( 'NONE', *, *, #90, .T. ) ;
#2643 = DIRECTION ( 'NONE',  ( -2.040851148208007752E-16, 0.000000000000000000, 1.000000000000000000 ) ) ;
#2644 = EDGE_CURVE ( 'NONE', #1079, #3232, #2762, .T. ) ;
#2645 = ORIENTED_EDGE ( 'NONE', *, *, #1243, .F. ) ;
#2646 = DIRECTION ( 'NONE',  ( -1.000000000000000000, 0.000000000000000000, -0.000000000000000000 ) ) ;
#2647 = LINE ( 'NONE', #2379, #1713 ) ;
#2648 = ORIENTED_EDGE ( 'NONE', *, *, #3453, .T. ) ;
#2649 = ADVANCED_FACE ( 'NONE', ( #1468 ), #2923, .T. ) ;
#2650 = ORIENTED_EDGE ( 'NONE', *, *, #2496, .F. ) ;
#2651 = VERTEX_POINT ( 'NONE', #1441 ) ;
#2652 = CARTESIAN_POINT ( 'NONE',  ( 12.99999999999996447, -4.298371145584568907E-14, -13.00000000000004619 ) ) ;
#2653 = DIRECTION ( 'NONE',  ( 0.000000000000000000, 0.000000000000000000, -1.000000000000000000 ) ) ;
#2654 = LINE ( 'NONE', #3891, #1522 ) ;
#2655 = ORIENTED_EDGE ( 'NONE', *, *, #504, .T. ) ;
#2656 = CARTESIAN_POINT ( 'NONE',  ( -5.749999999999996447, 7.000000000000000000, -15.00000000000000000 ) ) ;
#2657 = LINE ( 'NONE', #3517, #678 ) ;
#2658 = ORIENTED_EDGE ( 'NONE', *, *, #3959, .F. ) ;
#2659 = DIRECTION ( 'NONE',  ( 0.000000000000000000, 0.000000000000000000, 1.000000000000000000 ) ) ;
#2660 = EDGE_LOOP ( 'NONE', ( #2920, #518, #374, #484 ) ) ;
#2661 = LINE ( 'NONE', #2984, #1201 ) ;
#2662 = VERTEX_POINT ( 'NONE', #2684 ) ;
#2663 = LINE ( 'NONE', #2068, #601 ) ;
#2664 = CARTESIAN_POINT ( 'NONE',  ( 6.150000000000007461, 8.900000000000000355, 2.499999999999998668 ) ) ;
#2665 = ORIENTED_EDGE ( 'NONE', *, *, #3829, .T. ) ;
#2666 = ORIENTED_EDGE ( 'NONE', *, *, #1093, .T. ) ;
#2667 = EDGE_CURVE ( 'NONE', #1463, #2130, #3298, .T. ) ;
#2668 = FILL_AREA_STYLE ('',( #2255 ) ) ;
#2669 = EDGE_CURVE ( 'NONE', #3232, #1962, #3566, .T. ) ;
#2670 = CARTESIAN_POINT ( 'NONE',  ( -14.99999999999997868, 0.000000000000000000, 12.00000000000000000 ) ) ;
#2671 = DIRECTION ( 'NONE',  ( 0.000000000000000000, 0.000000000000000000, -1.000000000000000000 ) ) ;
#2672 = DIRECTION ( 'NONE',  ( -0.000000000000000000, -1.000000000000000000, -0.000000000000000000 ) ) ;
#2673 = LINE ( 'NONE', #3913, #4024 ) ;
#2674 = DIRECTION ( 'NONE',  ( 0.000000000000000000, 0.000000000000000000, 1.000000000000000000 ) ) ;
#2675 = ORIENTED_EDGE ( 'NONE', *, *, #117, .F. ) ;
#2676 = CIRCLE ( 'NONE', #2211, 2.999999999999999112 ) ;
#2677 = DIRECTION ( 'NONE',  ( 0.000000000000000000, 0.000000000000000000, -1.000000000000000000 ) ) ;
#2678 = ORIENTED_EDGE ( 'NONE', *, *, #251, .F. ) ;
#2679 = VERTEX_POINT ( 'NONE', #3549 ) ;
#2680 = LINE ( 'NONE', #1136, #3670 ) ;
#2681 = EDGE_LOOP ( 'NONE', ( #1462, #2937, #1637, #3209 ) ) ;
#2682 = CARTESIAN_POINT ( 'NONE',  ( -6.749999999999997335, 6.999999999999999112, 11.49999999999999822 ) ) ;
#2683 = EDGE_LOOP ( 'NONE', ( #1756, #191, #2000, #2648, #310, #1518, #1377, #490 ) ) ;
#2684 = CARTESIAN_POINT ( 'NONE',  ( 14.00000000000000000, 5.000000000000000000, -15.00000000000000000 ) ) ;
#2685 = ORIENTED_EDGE ( 'NONE', *, *, #673, .F. ) ;
#2686 = VECTOR ( 'NONE', #3042, 1000.000000000000000 ) ;
#2687 = EDGE_CURVE ( 'NONE', #2299, #2267, #2401, .T. ) ;
#2688 = VECTOR ( 'NONE', #3598, 1000.000000000000000 ) ;
#2689 = EDGE_CURVE ( 'NONE', #1563, #2424, #2090, .T. ) ;
#2690 = LINE ( 'NONE', #2794, #1980 ) ;
#2691 = ADVANCED_FACE ( 'NONE', ( #3254 ), #1115, .F. ) ;
#2692 = LINE ( 'NONE', #1148, #2291 ) ;
#2693 = DIRECTION ( 'NONE',  ( -0.000000000000000000, -1.000000000000000000, -0.000000000000000000 ) ) ;
#2694 = VECTOR ( 'NONE', #308, 1000.000000000000000 ) ;
#2695 = FACE_OUTER_BOUND ( 'NONE', #1686, .T. ) ;
#2696 = DIRECTION ( 'NONE',  ( -1.156482317317873105E-15, 0.000000000000000000, -1.000000000000000000 ) ) ;
#2697 = VECTOR ( 'NONE', #1884, 1000.000000000000000 ) ;
#2698 = VERTEX_POINT ( 'NONE', #3614 ) ;
#2699 = DIRECTION ( 'NONE',  ( -0.000000000000000000, 1.000000000000000000, -0.000000000000000000 ) ) ;
#2700 = VECTOR ( 'NONE', #757, 1000.000000000000000 ) ;
#2701 = CARTESIAN_POINT ( 'NONE',  ( -9.299999999999995381, 7.000000000000000000, -0.9999999999999991118 ) ) ;
#2702 = ORIENTED_EDGE ( 'NONE', *, *, #4014, .T. ) ;
#2703 = CARTESIAN_POINT ( 'NONE',  ( 6.150000000000007461, 8.900000000000000355, 2.499999999999998668 ) ) ;
#2704 = ORIENTED_EDGE ( 'NONE', *, *, #2187, .F. ) ;
#2705 = AXIS2_PLACEMENT_3D ( 'NONE', #3932, #3018, #838 ) ;
#2706 = VERTEX_POINT ( 'NONE', #788 ) ;
#2707 = CARTESIAN_POINT ( 'NONE',  ( -3.049999999999996714, 7.000000000000000000, -0.9999999999999991118 ) ) ;
#2708 = DIRECTION ( 'NONE',  ( 0.000000000000000000, 0.000000000000000000, 1.000000000000000000 ) ) ;
#2709 = ORIENTED_EDGE ( 'NONE', *, *, #3571, .T. ) ;
#2710 = VERTEX_POINT ( 'NONE', #2664 ) ;
#2711 = ORIENTED_EDGE ( 'NONE', *, *, #2776, .T. ) ;
#2712 =( LENGTH_UNIT ( ) NAMED_UNIT ( * ) SI_UNIT ( .MILLI., .METRE. ) );
#2713 = DIRECTION ( 'NONE',  ( -0.000000000000000000, -1.000000000000000000, -0.000000000000000000 ) ) ;
#2714 = LINE ( 'NONE', #886, #1313 ) ;
#2715 = PLANE ( 'NONE',  #2944 ) ;
#2716 = DIRECTION ( 'NONE',  ( -0.000000000000000000, -1.000000000000000000, -0.000000000000000000 ) ) ;
#2717 = CARTESIAN_POINT ( 'NONE',  ( -2.395943916335098610E-14, 4.999999999999997335, 7.000000000000000000 ) ) ;
#2718 = ORIENTED_EDGE ( 'NONE', *, *, #3050, .F. ) ;
#2719 = EDGE_CURVE ( 'NONE', #4015, #2243, #2647, .T. ) ;
#2720 = PLANE ( 'NONE',  #3889 ) ;
#2721 = DIRECTION ( 'NONE',  ( 0.000000000000000000, 0.000000000000000000, -1.000000000000000000 ) ) ;
#2722 = ADVANCED_FACE ( 'NONE', ( #2026 ), #1727, .F. ) ;
#2723 = ORIENTED_EDGE ( 'NONE', *, *, #3016, .T. ) ;
#2724 = DIRECTION ( 'NONE',  ( 0.000000000000000000, 0.000000000000000000, -1.000000000000000000 ) ) ;
#2725 = CIRCLE ( 'NONE', #1030, 1.600000000000002531 ) ;
#2726 = EDGE_LOOP ( 'NONE', ( #3747, #1180, #531, #573 ) ) ;
#2727 = ORIENTED_EDGE ( 'NONE', *, *, #1664, .F. ) ;
#2728 = LINE ( 'NONE', #3331, #3712 ) ;
#2729 = DIRECTION ( 'NONE',  ( 0.000000000000000000, -0.000000000000000000, 1.000000000000000000 ) ) ;
#2730 = ORIENTED_EDGE ( 'NONE', *, *, #451, .T. ) ;
#2731 = VERTEX_POINT ( 'NONE', #3926 ) ;
#2732 = EDGE_LOOP ( 'NONE', ( #174, #3058, #2972, #2747 ) ) ;
#2733 = DIRECTION ( 'NONE',  ( 0.000000000000000000, 1.000000000000000000, 0.000000000000000000 ) ) ;
#2734 = CARTESIAN_POINT ( 'NONE',  ( -16.99999999999999289, 10.00000000000000000, 9.000000000000001776 ) ) ;
#2735 = CARTESIAN_POINT ( 'NONE',  ( -13.00000000000000888, -0.000000000000000000, 8.999999999999955591 ) ) ;
#2736 = LINE ( 'NONE', #2139, #760 ) ;
#2737 = DIRECTION ( 'NONE',  ( 0.000000000000000000, 0.000000000000000000, 1.000000000000000000 ) ) ;
#2738 = EDGE_LOOP ( 'NONE', ( #1349, #3417, #2093, #2556 ) ) ;
#2739 = DIRECTION ( 'NONE',  ( 0.000000000000000000, 0.000000000000000000, 1.000000000000000000 ) ) ;
#2740 = ORIENTED_EDGE ( 'NONE', *, *, #1283, .T. ) ;
#2741 = DIRECTION ( 'NONE',  ( 1.000000000000000000, -0.000000000000000000, 0.000000000000000000 ) ) ;
#2742 = LINE ( 'NONE', #1156, #1587 ) ;
#2743 = EDGE_CURVE ( 'NONE', #1011, #1427, #2223, .T. ) ;
#2744 = ADVANCED_FACE ( 'NONE', ( #833 ), #3589, .F. ) ;
#2745 = VECTOR ( 'NONE', #4009, 1000.000000000000000 ) ;
#2746 = ADVANCED_FACE ( 'NONE', ( #264 ), #3356, .F. ) ;
#2747 = ORIENTED_EDGE ( 'NONE', *, *, #2669, .F. ) ;
#2748 = DIRECTION ( 'NONE',  ( 1.000000000000000000, 0.000000000000000000, 3.430736969901751677E-15 ) ) ;
#2749 = FACE_OUTER_BOUND ( 'NONE', #2478, .T. ) ;
#2750 = VERTEX_POINT ( 'NONE', #4030 ) ;
#2751 = ORIENTED_EDGE ( 'NONE', *, *, #259, .T. ) ;
#2752 = ORIENTED_EDGE ( 'NONE', *, *, #3098, .T. ) ;
#2753 = FACE_OUTER_BOUND ( 'NONE', #4012, .T. ) ;
#2754 = CARTESIAN_POINT ( 'NONE',  ( -16.99999999999999289, 10.00000000000000000, -11.99999999999999645 ) ) ;
#2755 = AXIS2_PLACEMENT_3D ( 'NONE', #1182, #267, #1120 ) ;
#2756 = DIRECTION ( 'NONE',  ( 0.000000000000000000, -1.000000000000000000, 0.000000000000000000 ) ) ;
#2757 = DIRECTION ( 'NONE',  ( 0.000000000000000000, 0.000000000000000000, -1.000000000000000000 ) ) ;
#2758 = DIRECTION ( 'NONE',  ( 0.000000000000000000, 0.000000000000000000, 1.000000000000000000 ) ) ;
#2759 = VECTOR ( 'NONE', #1170, 1000.000000000000000 ) ;
#2760 = CARTESIAN_POINT ( 'NONE',  ( -16.99999999999999289, 4.999999999999997335, -11.99999999999999645 ) ) ;
#2761 = VECTOR ( 'NONE', #3291, 1000.000000000000000 ) ;
#2762 = CIRCLE ( 'NONE', #1779, 1.600000000000002531 ) ;
#2763 = ORIENTED_EDGE ( 'NONE', *, *, #3727, .T. ) ;
#2764 = DIRECTION ( 'NONE',  ( 0.000000000000000000, 1.000000000000000000, 0.000000000000000000 ) ) ;
#2765 = VECTOR ( 'NONE', #1172, 1000.000000000000000 ) ;
#2766 = DIRECTION ( 'NONE',  ( -0.000000000000000000, -1.000000000000000000, -0.000000000000000000 ) ) ;
#2767 = ORIENTED_EDGE ( 'NONE', *, *, #3729, .F. ) ;
#2768 = AXIS2_PLACEMENT_3D ( 'NONE', #2836, #1857, #3108 ) ;
#2769 = LINE ( 'NONE', #913, #3197 ) ;
#2770 = ADVANCED_FACE ( 'NONE', ( #3969 ), #3393, .F. ) ;
#2771 = CARTESIAN_POINT ( 'NONE',  ( -8.249999999999996447, 31.00000000000000000, 20.00000000000000000 ) ) ;
#2772 = ADVANCED_FACE ( 'NONE', ( #2114 ), #572, .T. ) ;
#2773 = VECTOR ( 'NONE', #558, 1000.000000000000000 ) ;
#2774 = VERTEX_POINT ( 'NONE', #3099 ) ;
#2775 = DIRECTION ( 'NONE',  ( 0.000000000000000000, 1.000000000000000000, 0.000000000000000000 ) ) ;
#2776 = EDGE_CURVE ( 'NONE', #496, #3915, #932, .T. ) ;
#2777 = DIRECTION ( 'NONE',  ( 1.000000000000000000, -0.000000000000000000, 0.000000000000000000 ) ) ;
#2778 = CARTESIAN_POINT ( 'NONE',  ( -19.99999999999999645, 4.999999999999997335, -5.749999999999999112 ) ) ;
#2779 = LINE ( 'NONE', #3782, #2250 ) ;
#2780 = FACE_OUTER_BOUND ( 'NONE', #1231, .T. ) ;
#2781 = LINE ( 'NONE', #4021, #941 ) ;
#2782 = ORIENTED_EDGE ( 'NONE', *, *, #2538, .T. ) ;
#2783 = AXIS2_PLACEMENT_3D ( 'NONE', #996, #1258, #2798 ) ;
#2784 = LINE ( 'NONE', #587, #442 ) ;
#2785 = DIRECTION ( 'NONE',  ( 0.000000000000000000, 1.000000000000000000, 0.000000000000000000 ) ) ;
#2786 = ORIENTED_EDGE ( 'NONE', *, *, #3166, .F. ) ;
#2787 = LINE ( 'NONE', #548, #3136 ) ;
#2788 = VECTOR ( 'NONE', #454, 1000.000000000000000 ) ;
#2789 = CARTESIAN_POINT ( 'NONE',  ( -16.99999999999999645, 7.000000000000000000, -4.499999999999997335 ) ) ;
#2790 = ORIENTED_EDGE ( 'NONE', *, *, #3830, .T. ) ;
#2791 = ORIENTED_EDGE ( 'NONE', *, *, #2859, .F. ) ;
#2792 = AXIS2_PLACEMENT_3D ( 'NONE', #3675, #2127, #3369 ) ;
#2793 = LINE ( 'NONE', #28, #7 ) ;
#2794 = CARTESIAN_POINT ( 'NONE',  ( -8.249999999999996447, 0.000000000000000000, 20.00000000000000000 ) ) ;
#2795 = EDGE_CURVE ( 'NONE', #676, #2348, #2423, .T. ) ;
#2796 = CARTESIAN_POINT ( 'NONE',  ( -1.711388511667927443E-14, 4.999999999999997335, 5.000000000000000888 ) ) ;
#2797 = ADVANCED_FACE ( 'NONE', ( #1561 ), #2168, .F. ) ;
#2798 = DIRECTION ( 'NONE',  ( 0.000000000000000000, 0.000000000000000000, -1.000000000000000000 ) ) ;
#2799 = LINE ( 'NONE', #2177, #419 ) ;
#2800 = ORIENTED_EDGE ( 'NONE', *, *, #530, .T. ) ;
#2801 = FACE_OUTER_BOUND ( 'NONE', #2596, .T. ) ;
#2802 = CARTESIAN_POINT ( 'NONE',  ( -1.029221090970525543E-14, 4.999999999999997335, -3.000000000000000000 ) ) ;
#2803 = ORIENTED_EDGE ( 'NONE', *, *, #3937, .T. ) ;
#2804 = DIRECTION ( 'NONE',  ( 0.000000000000000000, 0.000000000000000000, 1.000000000000000000 ) ) ;
#2805 = DIRECTION ( 'NONE',  ( 0.000000000000000000, 0.000000000000000000, 1.000000000000000000 ) ) ;
#2806 = ORIENTED_EDGE ( 'NONE', *, *, #1339, .F. ) ;
#2807 = VECTOR ( 'NONE', #3297, 1000.000000000000000 ) ;
#2808 = ORIENTED_EDGE ( 'NONE', *, *, #1018, .T. ) ;
#2809 = FACE_BOUND ( 'NONE', #3480, .T. ) ;
#2810 = DIRECTION ( 'NONE',  ( 2.040851148208007752E-16, 0.000000000000000000, -1.000000000000000000 ) ) ;
#2811 = LINE ( 'NONE', #994, #1649 ) ;
#2812 = DIRECTION ( 'NONE',  ( -1.445602896647341875E-16, 0.000000000000000000, -1.000000000000000000 ) ) ;
#2813 = ADVANCED_FACE ( 'NONE', ( #2749 ), #3989, .F. ) ;
#2814 = EDGE_CURVE ( 'NONE', #2336, #1899, #1198, .T. ) ;
#2815 = VECTOR ( 'NONE', #1038, 1000.000000000000000 ) ;
#2816 = CARTESIAN_POINT ( 'NONE',  ( -16.99999999999999289, 7.000000000000000000, 4.499999999999993783 ) ) ;
#2817 = EDGE_CURVE ( 'NONE', #2267, #3652, #632, .T. ) ;
#2818 = AXIS2_PLACEMENT_3D ( 'NONE', #163, #2043, #2325 ) ;
#2819 = ORIENTED_EDGE ( 'NONE', *, *, #2204, .F. ) ;
#2820 = VECTOR ( 'NONE', #3379, 1000.000000000000000 ) ;
#2821 = CARTESIAN_POINT ( 'NONE',  ( -3.049999999999995826, 7.000000000000000000, 2.000000000000000888 ) ) ;
#2822 = CYLINDRICAL_SURFACE ( 'NONE', #884, 1.499999999999999556 ) ;
#2823 = EDGE_CURVE ( 'NONE', #332, #1563, #1252, .T. ) ;
#2824 = VECTOR ( 'NONE', #974, 1000.000000000000000 ) ;
#2825 = ORIENTED_EDGE ( 'NONE', *, *, #3860, .T. ) ;
#2826 = DIRECTION ( 'NONE',  ( 0.000000000000000000, 0.000000000000000000, 1.000000000000000000 ) ) ;
#2827 = VECTOR ( 'NONE', #208, 1000.000000000000000 ) ;
#2828 = DIRECTION ( 'NONE',  ( 1.000000000000000000, 0.000000000000000000, 0.000000000000000000 ) ) ;
#2829 = ORIENTED_EDGE ( 'NONE', *, *, #1956, .T. ) ;
#2830 = CIRCLE ( 'NONE', #2445, 1.600000000000002531 ) ;
#2831 = ORIENTED_EDGE ( 'NONE', *, *, #3146, .F. ) ;
#2832 = CARTESIAN_POINT ( 'NONE',  ( 8.250000000000003553, 7.000000000000000000, 15.00000000000000000 ) ) ;
#2833 = FACE_BOUND ( 'NONE', #829, .T. ) ;
#2834 = DIRECTION ( 'NONE',  ( 0.000000000000000000, 1.000000000000000000, 0.000000000000000000 ) ) ;
#2835 = CARTESIAN_POINT ( 'NONE',  ( -16.99999999999999289, 10.00000000000000000, 12.00000000000000355 ) ) ;
#2836 = CARTESIAN_POINT ( 'NONE',  ( -1.711388511667927443E-14, 45.04996878900156787, 5.000000000000000888 ) ) ;
#2837 = ORIENTED_EDGE ( 'NONE', *, *, #3905, .T. ) ;
#2838 = CARTESIAN_POINT ( 'NONE',  ( -3.782566608114415034E-14, 45.04996878900156787, 11.00000000000000178 ) ) ;
#2839 = ADVANCED_FACE ( 'NONE', ( #1827 ), #3077, .F. ) ;
#2840 = FACE_OUTER_BOUND ( 'NONE', #3244, .T. ) ;
#2841 = EDGE_CURVE ( 'NONE', #2889, #3310, #951, .T. ) ;
#2842 = ORIENTED_EDGE ( 'NONE', *, *, #946, .F. ) ;
#2843 = LINE ( 'NONE', #3768, #2484 ) ;
#2844 = EDGE_CURVE ( 'NONE', #3078, #3206, #1867, .T. ) ;
#2845 = CARTESIAN_POINT ( 'NONE',  ( -13.29999999999999538, 9.000000000000001776, -0.9999999999999991118 ) ) ;
#2846 = VERTEX_POINT ( 'NONE', #3699 ) ;
#2847 = DIRECTION ( 'NONE',  ( -0.000000000000000000, -1.000000000000000000, -0.000000000000000000 ) ) ;
#2848 = VECTOR ( 'NONE', #1631, 1000.000000000000000 ) ;
#2849 = CARTESIAN_POINT ( 'NONE',  ( -14.99999999999999289, 6.999999999999999112, -4.249999999999998224 ) ) ;
#2850 = FACE_OUTER_BOUND ( 'NONE', #2277, .T. ) ;
#2851 = CARTESIAN_POINT ( 'NONE',  ( 6.750000000000004441, 31.00000000000000000, 11.49999999999999822 ) ) ;
#2852 = DIRECTION ( 'NONE',  ( -0.000000000000000000, -1.000000000000000000, -0.000000000000000000 ) ) ;
#2853 = CARTESIAN_POINT ( 'NONE',  ( 20.00000000000000355, 4.999999999999997335, -5.000000000000069278 ) ) ;
#2854 = ORIENTED_EDGE ( 'NONE', *, *, #1690, .T. ) ;
#2855 = CARTESIAN_POINT ( 'NONE',  ( 17.00000000000000000, 10.00000000000000000, -11.99999999999999645 ) ) ;
#2856 = CARTESIAN_POINT ( 'NONE',  ( -5.749999999999996447, 0.000000000000000000, -15.00000000000000000 ) ) ;
#2857 = VERTEX_POINT ( 'NONE', #614 ) ;
#2858 = LINE ( 'NONE', #1863, #195 ) ;
#2859 = EDGE_CURVE ( 'NONE', #778, #1895, #1545, .T. ) ;
#2860 = ADVANCED_FACE ( 'NONE', ( #3716 ), #3116, .F. ) ;
#2861 = ORIENTED_EDGE ( 'NONE', *, *, #3883, .T. ) ;
#2862 = DIRECTION ( 'NONE',  ( -3.061276722312012491E-16, 0.000000000000000000, 1.000000000000000000 ) ) ;
#2863 = EDGE_CURVE ( 'NONE', #2662, #1825, #3156, .T. ) ;
#2864 = VERTEX_POINT ( 'NONE', #2201 ) ;
#2865 = DIRECTION ( 'NONE',  ( 0.000000000000000000, 0.000000000000000000, 1.000000000000000000 ) ) ;
#2866 = DIRECTION ( 'NONE',  ( 0.000000000000000000, -0.000000000000000000, 1.000000000000000000 ) ) ;
#2867 = DIRECTION ( 'NONE',  ( -1.156482317317873105E-15, 0.000000000000000000, -1.000000000000000000 ) ) ;
#2868 = AXIS2_PLACEMENT_3D ( 'NONE', #3468, #2865, #61 ) ;
#2869 = CARTESIAN_POINT ( 'NONE',  ( -3.094827224820884110E-14, 45.04996878900156787, -9.000000000000001776 ) ) ;
#2870 = AXIS2_PLACEMENT_3D ( 'NONE', #1808, #2421, #851 ) ;
#2871 = DIRECTION ( 'NONE',  ( 0.000000000000000000, 0.000000000000000000, -1.000000000000000000 ) ) ;
#2872 = LINE ( 'NONE', #2546, #2173 ) ;
#2873 = VERTEX_POINT ( 'NONE', #2845 ) ;
#2874 = DIRECTION ( 'NONE',  ( 0.000000000000000000, 0.000000000000000000, -1.000000000000000000 ) ) ;
#2875 = CARTESIAN_POINT ( 'NONE',  ( -19.99999999999999645, 7.000000000000000000, 5.750000000000000000 ) ) ;
#2877 = VECTOR ( 'NONE', #1590, 1000.000000000000000 ) ;
#2876 = LINE ( 'NONE', #470, #2688 ) ;
#2878 = ORIENTED_EDGE ( 'NONE', *, *, #1286, .F. ) ;
#2879 = CARTESIAN_POINT ( 'NONE',  ( -20.00000000000002842, 5.000000000000029310, 6.999999999999931610 ) ) ;
#2880 = AXIS2_PLACEMENT_3D ( 'NONE', #766, #2582, #3823 ) ;
#2881 = VERTEX_POINT ( 'NONE', #418 ) ;
#2882 = FACE_OUTER_BOUND ( 'NONE', #324, .T. ) ;
#2883 = ORIENTED_EDGE ( 'NONE', *, *, #582, .T. ) ;
#2884 = VECTOR ( 'NONE', #708, 1000.000000000000000 ) ;
#2885 = PLANE ( 'NONE',  #3387 ) ;
#2886 = CARTESIAN_POINT ( 'NONE',  ( 16.50000000000000711, 6.999999999999999112, -4.499999999999996447 ) ) ;
#2887 = DIRECTION ( 'NONE',  ( -0.000000000000000000, -1.000000000000000000, -0.000000000000000000 ) ) ;
#2888 = VECTOR ( 'NONE', #848, 1000.000000000000000 ) ;
#2889 = VERTEX_POINT ( 'NONE', #2247 ) ;
#2890 = CARTESIAN_POINT ( 'NONE',  ( -9.299999999999995381, 7.000000000000000000, -0.9999999999999991118 ) ) ;
#2891 = VECTOR ( 'NONE', #32, 1000.000000000000000 ) ;
#2892 = CARTESIAN_POINT ( 'NONE',  ( -6.749999999999997335, 31.00000000000000000, 9.999999999999998224 ) ) ;
#2893 = FACE_OUTER_BOUND ( 'NONE', #3171, .T. ) ;
#2894 = VERTEX_POINT ( 'NONE', #2185 ) ;
#2895 = EDGE_LOOP ( 'NONE', ( #3591, #3335, #3947, #2258, #15, #2931 ) ) ;
#2896 = CARTESIAN_POINT ( 'NONE',  ( -12.99999999999999467, -0.000000000000000000, -10.99999999999995559 ) ) ;
#2897 = DIRECTION ( 'NONE',  ( 1.000000000000000000, 0.000000000000000000, 3.422777023335854256E-15 ) ) ;
#2898 = ORIENTED_EDGE ( 'NONE', *, *, #197, .F. ) ;
#2899 = CARTESIAN_POINT ( 'NONE',  ( -16.99999999999999645, 4.999999999999997335, -12.00000000000000000 ) ) ;
#2900 = ORIENTED_EDGE ( 'NONE', *, *, #3545, .F. ) ;
#2901 = CYLINDRICAL_SURFACE ( 'NONE', #2370, 2.999999999999999112 ) ;
#2902 = VERTEX_POINT ( 'NONE', #704 ) ;
#2903 = DIRECTION ( 'NONE',  ( 1.000000000000000000, 0.000000000000000000, -3.438696916467649493E-15 ) ) ;
#2904 = LINE ( 'NONE', #1052, #3205 ) ;
#2905 = DIRECTION ( 'NONE',  ( 0.000000000000000000, 1.000000000000000000, 0.000000000000000000 ) ) ;
#2906 = ORIENTED_EDGE ( 'NONE', *, *, #3121, .T. ) ;
#2907 = ORIENTED_EDGE ( 'NONE', *, *, #2567, .F. ) ;
#2908 = LINE ( 'NONE', #3495, #2815 ) ;
#2909 = ADVANCED_FACE ( 'NONE', ( #2882 ), #378, .F. ) ;
#2910 = CARTESIAN_POINT ( 'NONE',  ( 13.00000000000000888, 0.000000000000000000, 11.99999999999998224 ) ) ;
#2911 = ORIENTED_EDGE ( 'NONE', *, *, #1069, .T. ) ;
#2912 = EDGE_CURVE ( 'NONE', #3423, #1262, #1270, .T. ) ;
#2913 = ORIENTED_EDGE ( 'NONE', *, *, #3410, .T. ) ;
#2914 = CARTESIAN_POINT ( 'NONE',  ( -19.99999999999999645, 7.000000000000000000, -11.99999999999997691 ) ) ;
#2915 = DIRECTION ( 'NONE',  ( -1.000000000000000000, -0.000000000000000000, -0.000000000000000000 ) ) ;
#2916 = ORIENTED_EDGE ( 'NONE', *, *, #879, .T. ) ;
#2917 = DIRECTION ( 'NONE',  ( 1.000000000000000000, -0.000000000000000000, 0.000000000000000000 ) ) ;
#2918 = ORIENTED_EDGE ( 'NONE', *, *, #2281, .T. ) ;
#2919 = DIRECTION ( 'NONE',  ( 1.000000000000000000, 0.000000000000000000, 4.047688110612550939E-15 ) ) ;
#2920 = ORIENTED_EDGE ( 'NONE', *, *, #2312, .T. ) ;
#2921 = CARTESIAN_POINT ( 'NONE',  ( -5.749999999999996447, 0.000000000000000000, -20.00000000000000000 ) ) ;
#2922 = CARTESIAN_POINT ( 'NONE',  ( -16.50000000000000355, 6.999999999999999112, -5.750000000000000000 ) ) ;
#2923 = PLANE ( 'NONE',  #2438 ) ;
#2924 = VERTEX_POINT ( 'NONE', #3429 ) ;
#2925 = VERTEX_POINT ( 'NONE', #1329 ) ;
#2926 = AXIS2_PLACEMENT_3D ( 'NONE', #3924, #765, #2003 ) ;
#2927 = PLANE ( 'NONE',  #2489 ) ;
#2928 = DIRECTION ( 'NONE',  ( -0.000000000000000000, -1.000000000000000000, -0.000000000000000000 ) ) ;
#2929 = AXIS2_PLACEMENT_3D ( 'NONE', #1744, #1789, #3680 ) ;
#2930 = ORIENTED_EDGE ( 'NONE', *, *, #1936, .T. ) ;
#2931 = ORIENTED_EDGE ( 'NONE', *, *, #3076, .T. ) ;
#2932 = ADVANCED_FACE ( 'NONE', ( #645 ), #2901, .T. ) ;
#2933 = EDGE_CURVE ( 'NONE', #22, #1975, #3192, .T. ) ;
#2934 = LINE ( 'NONE', #1386, #3236 ) ;
#2935 = ADVANCED_FACE ( 'NONE', ( #985 ), #2579, .F. ) ;
#2936 = CARTESIAN_POINT ( 'NONE',  ( -16.99999999999997868, 7.000000000000000000, 15.00000000000000000 ) ) ;
#2937 = ORIENTED_EDGE ( 'NONE', *, *, #1529, .T. ) ;
#2938 = CARTESIAN_POINT ( 'NONE',  ( -7.049999999999997158, 9.000000000000001776, 2.000000000000000888 ) ) ;
#2939 = EDGE_CURVE ( 'NONE', #453, #3693, #967, .T. ) ;
#2940 = ORIENTED_EDGE ( 'NONE', *, *, #4017, .T. ) ;
#2941 = PLANE ( 'NONE',  #2041 ) ;
#2942 = VECTOR ( 'NONE', #3777, 1000.000000000000000 ) ;
#2943 = VERTEX_POINT ( 'NONE', #83 ) ;
#2944 = AXIS2_PLACEMENT_3D ( 'NONE', #536, #3022, #229 ) ;
#2945 = CYLINDRICAL_SURFACE ( 'NONE', #3910, 1.600000000000002531 ) ;
#2946 = VECTOR ( 'NONE', #3187, 1000.000000000000000 ) ;
#2947 = CARTESIAN_POINT ( 'NONE',  ( 17.00000000000000000, 4.999999999999997335, -13.59999999999999964 ) ) ;
#2948 = AXIS2_PLACEMENT_3D ( 'NONE', #1014, #3779, #3178 ) ;
#2949 = ORIENTED_EDGE ( 'NONE', *, *, #1069, .F. ) ;
#2950 = CARTESIAN_POINT ( 'NONE',  ( 13.00000000000000888, 0.000000000000000000, -15.00000000000000000 ) ) ;
#2951 = VECTOR ( 'NONE', #3371, 1000.000000000000000 ) ;
#2952 = DIRECTION ( 'NONE',  ( 0.000000000000000000, 1.000000000000000000, 0.000000000000000000 ) ) ;
#2953 = LINE ( 'NONE', #1634, #213 ) ;
#2954 = VECTOR ( 'NONE', #2915, 1000.000000000000000 ) ;
#2955 = VERTEX_POINT ( 'NONE', #1601 ) ;
#2956 = CARTESIAN_POINT ( 'NONE',  ( 20.00000000000000355, 7.000000000000000000, -11.99999999999997868 ) ) ;
#2957 = CIRCLE ( 'NONE', #3740, 3.000000000000000888 ) ;
#2958 = CARTESIAN_POINT ( 'NONE',  ( -1.711388511667927443E-14, -0.000000000000000000, 5.000000000000000888 ) ) ;
#2959 = EDGE_CURVE ( 'NONE', #2299, #2634, #684, .T. ) ;
#2960 = EDGE_CURVE ( 'NONE', #1346, #2008, #3754, .T. ) ;
#2961 = ORIENTED_EDGE ( 'NONE', *, *, #3632, .F. ) ;
#2962 = DIRECTION ( 'NONE',  ( 0.000000000000000000, 0.000000000000000000, 1.000000000000000000 ) ) ;
#2963 = CARTESIAN_POINT ( 'NONE',  ( -13.99999999999999822, 5.000000000000000000, 9.000000000000007105 ) ) ;
#2964 = ADVANCED_FACE ( 'NONE', ( #2268 ), #42, .T. ) ;
#2965 = EDGE_CURVE ( 'NONE', #2215, #3041, #3210, .T. ) ;
#2966 = EDGE_LOOP ( 'NONE', ( #118, #3927, #1137, #2405 ) ) ;
#2967 = DIRECTION ( 'NONE',  ( 0.000000000000000000, 1.000000000000000000, 0.000000000000000000 ) ) ;
#2968 = CARTESIAN_POINT ( 'NONE',  ( 14.00000000000000000, -26.00000000000000000, -11.99999999999999645 ) ) ;
#2969 = VERTEX_POINT ( 'NONE', #2221 ) ;
#2970 = AXIS2_PLACEMENT_3D ( 'NONE', #2473, #11, #1293 ) ;
#2971 = LINE ( 'NONE', #3908, #988 ) ;
#2972 = ORIENTED_EDGE ( 'NONE', *, *, #3570, .F. ) ;
#2973 = DIRECTION ( 'NONE',  ( 0.000000000000000000, 0.000000000000000000, -1.000000000000000000 ) ) ;
#2974 = VECTOR ( 'NONE', #2977, 1000.000000000000000 ) ;
#2975 = DIRECTION ( 'NONE',  ( 5.782411586589365527E-16, 0.000000000000000000, 1.000000000000000000 ) ) ;
#2976 = DIRECTION ( 'NONE',  ( -0.000000000000000000, -0.000000000000000000, -1.000000000000000000 ) ) ;
#2977 = DIRECTION ( 'NONE',  ( 1.000000000000000000, 0.000000000000000000, -3.438696916467649493E-15 ) ) ;
#2978 = AXIS2_PLACEMENT_3D ( 'NONE', #2855, #1229, #2495 ) ;
#2979 = VECTOR ( 'NONE', #3263, 1000.000000000000000 ) ;
#2980 = LINE ( 'NONE', #1129, #3736 ) ;
#2981 = EDGE_LOOP ( 'NONE', ( #3113, #1407, #3562, #3838 ) ) ;
#2982 = DIRECTION ( 'NONE',  ( -1.000000000000000000, 0.000000000000000000, 3.438696916467649099E-15 ) ) ;
#2983 = ORIENTED_EDGE ( 'NONE', *, *, #1266, .T. ) ;
#2984 = CARTESIAN_POINT ( 'NONE',  ( -2.395943916335098610E-14, -0.000000000000000000, -7.000000000000000000 ) ) ;
#2985 = EDGE_LOOP ( 'NONE', ( #3228, #968, #928, #758 ) ) ;
#2986 = CARTESIAN_POINT ( 'NONE',  ( -13.99999999999999467, -26.00000000000000000, -15.00000000000000000 ) ) ;
#2987 = ADVANCED_FACE ( 'NONE', ( #3465 ), #1924, .F. ) ;
#2988 = EDGE_CURVE ( 'NONE', #934, #1011, #1304, .T. ) ;
#2989 = CARTESIAN_POINT ( 'NONE',  ( 17.00000000000000000, 7.000000000000000000, 9.000000000000003553 ) ) ;
#2990 = EDGE_CURVE ( 'NONE', #2698, #2662, #3798, .T. ) ;
#2991 = ORIENTED_EDGE ( 'NONE', *, *, #3019, .F. ) ;
#2992 = LINE ( 'NONE', #196, #866 ) ;
#2993 = CYLINDRICAL_SURFACE ( 'NONE', #2705, 2.999999999999999112 ) ;
#2994 = CARTESIAN_POINT ( 'NONE',  ( 13.00000000000000533, 0.000000000000000000, 11.99999999999998224 ) ) ;
#2995 = ORIENTED_EDGE ( 'NONE', *, *, #3167, .T. ) ;
#2996 = LINE ( 'NONE', #889, #2507 ) ;
#2997 = VECTOR ( 'NONE', #3, 1000.000000000000000 ) ;
#2998 = VERTEX_POINT ( 'NONE', #3879 ) ;
#2999 = CARTESIAN_POINT ( 'NONE',  ( 14.00000000000000178, 7.000000000000000000, 15.00000000000000000 ) ) ;
#3000 = CARTESIAN_POINT ( 'NONE',  ( -6.749999999999997335, 31.00000000000000000, 11.49999999999999822 ) ) ;
#3001 = VERTEX_POINT ( 'NONE', #3231 ) ;
#3002 = CARTESIAN_POINT ( 'NONE',  ( 14.00000000000000178, 10.00000000000000000, 15.00000000000000000 ) ) ;
#3003 = VERTEX_POINT ( 'NONE', #3524 ) ;
#3004 = CARTESIAN_POINT ( 'NONE',  ( 16.50000000000000711, 6.999999999999999112, 4.500000000000003553 ) ) ;
#3005 = VERTEX_POINT ( 'NONE', #2023 ) ;
#3006 = STYLED_ITEM ( 'NONE', ( #1793 ), #1606 ) ;
#3007 = CARTESIAN_POINT ( 'NONE',  ( 5.750000000000003553, 4.999999999999997335, -11.50000000000000888 ) ) ;
#3008 = EDGE_LOOP ( 'NONE', ( #1671, #2576, #3794, #3564 ) ) ;
#3009 = ORIENTED_EDGE ( 'NONE', *, *, #1597, .T. ) ;
#3010 = EDGE_CURVE ( 'NONE', #3828, #3922, #762, .T. ) ;
#3011 = ORIENTED_EDGE ( 'NONE', *, *, #926, .F. ) ;
#3012 = VECTOR ( 'NONE', #1585, 1000.000000000000000 ) ;
#3013 = EDGE_CURVE ( 'NONE', #2750, #2706, #3250, .T. ) ;
#3014 = ORIENTED_EDGE ( 'NONE', *, *, #966, .F. ) ;
#3015 = AXIS2_PLACEMENT_3D ( 'NONE', #1449, #1774, #839 ) ;
#3016 = EDGE_CURVE ( 'NONE', #1743, #2955, #2285, .T. ) ;
#3017 = VECTOR ( 'NONE', #2562, 1000.000000000000000 ) ;
#3018 = DIRECTION ( 'NONE',  ( -0.000000000000000000, -1.000000000000000000, -0.000000000000000000 ) ) ;
#3019 = EDGE_CURVE ( 'NONE', #496, #26, #2349, .T. ) ;
#3020 = CARTESIAN_POINT ( 'NONE',  ( -16.99999999999999645, 7.000000000000000000, 12.00000000000000000 ) ) ;
#3021 = ADVANCED_FACE ( 'NONE', ( #2001 ), #3920, .F. ) ;
#3022 = DIRECTION ( 'NONE',  ( 0.000000000000000000, 1.000000000000000000, 0.000000000000000000 ) ) ;
#3023 = VECTOR ( 'NONE', #1607, 1000.000000000000114 ) ;
#3024 = CARTESIAN_POINT ( 'NONE',  ( 17.00000000000000000, 4.999999999999997335, -11.99999999999999645 ) ) ;
#3025 = DIRECTION ( 'NONE',  ( 5.782411586589365527E-16, 0.000000000000000000, 1.000000000000000000 ) ) ;
#3026 = VECTOR ( 'NONE', #3132, 1000.000000000000000 ) ;
#3027 = ORIENTED_EDGE ( 'NONE', *, *, #36, .T. ) ;
#3028 = FACE_OUTER_BOUND ( 'NONE', #3943, .T. ) ;
#3029 = VECTOR ( 'NONE', #3306, 1000.000000000000114 ) ;
#3030 = CARTESIAN_POINT ( 'NONE',  ( 14.00000000000000000, 1.000000000000000888, -11.99999999999999645 ) ) ;
#3031 = VERTEX_POINT ( 'NONE', #1701 ) ;
#3032 = FACE_OUTER_BOUND ( 'NONE', #1194, .T. ) ;
#3033 = VERTEX_POINT ( 'NONE', #1681 ) ;
#3034 = VECTOR ( 'NONE', #2653, 1000.000000000000000 ) ;
#3035 = ORIENTED_EDGE ( 'NONE', *, *, #224, .T. ) ;
#3036 = FACE_OUTER_BOUND ( 'NONE', #154, .T. ) ;
#3037 = EDGE_LOOP ( 'NONE', ( #1373, #3582, #3384, #1933 ) ) ;
#3038 = DIRECTION ( 'NONE',  ( -0.000000000000000000, -1.000000000000000000, -0.000000000000000000 ) ) ;
#3039 = ORIENTED_EDGE ( 'NONE', *, *, #2184, .F. ) ;
#3040 = ORIENTED_EDGE ( 'NONE', *, *, #3882, .F. ) ;
#3041 = VERTEX_POINT ( 'NONE', #1983 ) ;
#3042 = DIRECTION ( 'NONE',  ( 0.000000000000000000, 0.000000000000000000, -1.000000000000000000 ) ) ;
#3043 = PLANE ( 'NONE',  #3938 ) ;
#3044 = DIRECTION ( 'NONE',  ( 0.000000000000000000, -1.000000000000000000, 0.000000000000000000 ) ) ;
#3045 = CARTESIAN_POINT ( 'NONE',  ( -24.99999999999999645, 31.00000000000000000, 5.750000000000000888 ) ) ;
#3046 = FACE_OUTER_BOUND ( 'NONE', #193, .T. ) ;
#3047 = ADVANCED_FACE ( 'NONE', ( #3900 ), #1071, .F. ) ;
#3048 = ADVANCED_FACE ( 'NONE', ( #3563 ), #2941, .F. ) ;
#3049 = DIRECTION ( 'NONE',  ( 0.000000000000000000, 1.000000000000000000, 0.000000000000000000 ) ) ;
#3050 = EDGE_CURVE ( 'NONE', #1979, #2485, #3270, .T. ) ;
#3051 = ORIENTED_EDGE ( 'NONE', *, *, #2719, .F. ) ;
#3052 = DIRECTION ( 'NONE',  ( 3.430736969901751677E-15, 0.000000000000000000, -1.000000000000000000 ) ) ;
#3053 = FACE_OUTER_BOUND ( 'NONE', #1088, .T. ) ;
#3054 = CARTESIAN_POINT ( 'NONE',  ( -14.00000000000000178, 1.000000000000000888, 8.999999999999952038 ) ) ;
#3055 = EDGE_LOOP ( 'NONE', ( #3255, #3109, #4008, #873 ) ) ;
#3056 = FACE_OUTER_BOUND ( 'NONE', #2985, .T. ) ;
#3057 = CARTESIAN_POINT ( 'NONE',  ( 0.000000000000000000, 9.000000000000001776, 0.000000000000000000 ) ) ;
#3058 = ORIENTED_EDGE ( 'NONE', *, *, #603, .T. ) ;
#3059 = ORIENTED_EDGE ( 'NONE', *, *, #2933, .T. ) ;
#3060 = DIRECTION ( 'NONE',  ( -0.000000000000000000, -1.000000000000000000, -0.000000000000000000 ) ) ;
#3061 = LINE ( 'NONE', #1448, #1592 ) ;
#3062 = DIRECTION ( 'NONE',  ( -0.000000000000000000, -1.000000000000000000, -0.000000000000000000 ) ) ;
#3063 = DIRECTION ( 'NONE',  ( 0.000000000000000000, 0.000000000000000000, -1.000000000000000000 ) ) ;
#3064 = CARTESIAN_POINT ( 'NONE',  ( -15.95096189432332423, 0.9509618943233399957, 5.750000000000007994 ) ) ;
#3065 = FACE_OUTER_BOUND ( 'NONE', #3349, .T. ) ;
#3066 = ADVANCED_FACE ( 'NONE', ( #807 ), #2620, .T. ) ;
#3067 = EDGE_CURVE ( 'NONE', #147, #502, #122, .T. ) ;
#3068 = ORIENTED_EDGE ( 'NONE', *, *, #2394, .F. ) ;
#3069 = DIRECTION ( 'NONE',  ( 1.000000000000000000, -0.000000000000000000, 3.438696916467649099E-15 ) ) ;
#3070 = EDGE_CURVE ( 'NONE', #2710, #1680, #503, .T. ) ;
#3071 = VERTEX_POINT ( 'NONE', #785 ) ;
#3072 = CARTESIAN_POINT ( 'NONE',  ( 14.00000000000000000, 1.000000000000000888, -9.000000000000049738 ) ) ;
#3073 = AXIS2_PLACEMENT_3D ( 'NONE', #1703, #149, #1683 ) ;
#3074 = ORIENTED_EDGE ( 'NONE', *, *, #1864, .T. ) ;
#3075 = CARTESIAN_POINT ( 'NONE',  ( 20.00000000000000355, 4.999999999999997335, -11.99999999999997868 ) ) ;
#3076 = EDGE_CURVE ( 'NONE', #480, #2246, #828, .T. ) ;
#3077 = PLANE ( 'NONE',  #1972 ) ;
#3078 = VERTEX_POINT ( 'NONE', #2963 ) ;
#3079 = ORIENTED_EDGE ( 'NONE', *, *, #554, .T. ) ;
#3080 = DIRECTION ( 'NONE',  ( 0.000000000000000000, 0.000000000000000000, -1.000000000000000000 ) ) ;
#3081 = CARTESIAN_POINT ( 'NONE',  ( -16.99999999999999645, 0.000000000000000000, 12.00000000000000000 ) ) ;
#3082 = ORIENTED_EDGE ( 'NONE', *, *, #1072, .F. ) ;
#3083 = VECTOR ( 'NONE', #3163, 1000.000000000000000 ) ;
#3084 = CARTESIAN_POINT ( 'NONE',  ( -3.049999999999996270, 9.000000000000001776, -0.9999999999999991118 ) ) ;
#3085 = FACE_OUTER_BOUND ( 'NONE', #610, .T. ) ;
#3086 = AXIS2_PLACEMENT_3D ( 'NONE', #3802, #1013, #402 ) ;
#3087 = FACE_BOUND ( 'NONE', #2117, .T. ) ;
#3088 = VECTOR ( 'NONE', #1159, 1000.000000000000000 ) ;
#3089 = ORIENTED_EDGE ( 'NONE', *, *, #1821, .T. ) ;
#3090 = CARTESIAN_POINT ( 'NONE',  ( -5.749999999999996447, 4.999999999999997335, -11.50000000000000888 ) ) ;
#3091 = ORIENTED_EDGE ( 'NONE', *, *, #1845, .F. ) ;
#3092 = VECTOR ( 'NONE', #1230, 1000.000000000000000 ) ;
#3093 = LINE ( 'NONE', #3966, #2228 ) ;
#3094 = EDGE_CURVE ( 'NONE', #2969, #123, #2661, .T. ) ;
#3095 = ORIENTED_EDGE ( 'NONE', *, *, #991, .T. ) ;
#3096 = CIRCLE ( 'NONE', #3412, 1.600000000000002531 ) ;
#3097 = LINE ( 'NONE', #2131, #59 ) ;
#3098 = EDGE_CURVE ( 'NONE', #1768, #1144, #2680, .T. ) ;
#3099 = CARTESIAN_POINT ( 'NONE',  ( 17.00000000000000000, 4.999999999999997335, 13.60000000000000675 ) ) ;
#3100 = VERTEX_POINT ( 'NONE', #3610 ) ;
#3101 = AXIS2_PLACEMENT_3D ( 'NONE', #1751, #885, #1815 ) ;
#3102 = ADVANCED_FACE ( 'NONE', ( #2062 ), #1759, .F. ) ;
#3103 = ORIENTED_EDGE ( 'NONE', *, *, #475, .T. ) ;
#3104 = CARTESIAN_POINT ( 'NONE',  ( -16.49999999999999289, 31.00000000000000000, 4.250000000000000888 ) ) ;
#3105 =( NAMED_UNIT ( * ) SI_UNIT ( $, .STERADIAN. ) SOLID_ANGLE_UNIT ( ) );
#3106 = CARTESIAN_POINT ( 'NONE',  ( -16.50000000000000355, 31.00000000000000000, -5.750000000000000000 ) ) ;
#3107 = LINE ( 'NONE', #2212, #3780 ) ;
#3108 = DIRECTION ( 'NONE',  ( -1.000000000000000000, 0.000000000000000000, -3.422777023335854256E-15 ) ) ;
#3109 = ORIENTED_EDGE ( 'NONE', *, *, #1570, .T. ) ;
#3110 = LINE ( 'NONE', #641, #2064 ) ;
#3111 = CARTESIAN_POINT ( 'NONE',  ( -19.99999999999999645, 10.00000000000000000, -8.999999999999998224 ) ) ;
#3112 = AXIS2_PLACEMENT_3D ( 'NONE', #2637, #3498, #3557 ) ;
#3113 = ORIENTED_EDGE ( 'NONE', *, *, #3752, .F. ) ;
#3114 = DIRECTION ( 'NONE',  ( -0.000000000000000000, -1.000000000000000000, -0.000000000000000000 ) ) ;
#3115 = AXIS2_PLACEMENT_3D ( 'NONE', #2107, #1190, #825 ) ;
#3116 = PLANE ( 'NONE',  #1464 ) ;
#3117 = ORIENTED_EDGE ( 'NONE', *, *, #1361, .F. ) ;
#3118 = ORIENTED_EDGE ( 'NONE', *, *, #117, .T. ) ;
#3119 = EDGE_CURVE ( 'NONE', #3497, #3907, #1861, .T. ) ;
#3120 = VECTOR ( 'NONE', #605, 1000.000000000000000 ) ;
#3121 = EDGE_CURVE ( 'NONE', #3915, #3769, #628, .T. ) ;
#3122 = ORIENTED_EDGE ( 'NONE', *, *, #3010, .T. ) ;
#3123 = CARTESIAN_POINT ( 'NONE',  ( -7.049999999999997158, 10.00000000000000000, -0.9999999999999991118 ) ) ;
#3124 = EDGE_CURVE ( 'NONE', #1212, #3174, #3946, .T. ) ;
#3125 = LINE ( 'NONE', #1291, #1855 ) ;
#3126 = CARTESIAN_POINT ( 'NONE',  ( -15.20096189432330469, 4.999999999999997335, 4.999999999999948486 ) ) ;
#3127 = CARTESIAN_POINT ( 'NONE',  ( -16.99999999999999645, 7.000000000000000000, -9.999999999999998224 ) ) ;
#3128 = DIRECTION ( 'NONE',  ( 0.000000000000000000, 1.000000000000000000, 0.000000000000000000 ) ) ;
#3129 = ORIENTED_EDGE ( 'NONE', *, *, #1499, .F. ) ;
#3130 = CARTESIAN_POINT ( 'NONE',  ( -12.99999999999999645, -0.000000000000000000, 12.99999999999995559 ) ) ;
#3131 = ORIENTED_EDGE ( 'NONE', *, *, #3338, .T. ) ;
#3132 = DIRECTION ( 'NONE',  ( 1.000000000000000000, 0.000000000000000000, 3.426756996618803558E-15 ) ) ;
#3133 = ORIENTED_EDGE ( 'NONE', *, *, #1892, .T. ) ;
#3134 = DIRECTION ( 'NONE',  ( 0.000000000000000000, 1.000000000000000000, 0.000000000000000000 ) ) ;
#3135 = DIRECTION ( 'NONE',  ( -0.000000000000000000, -1.000000000000000000, -0.000000000000000000 ) ) ;
#3136 = VECTOR ( 'NONE', #1177, 1000.000000000000000 ) ;
#3137 = ORIENTED_EDGE ( 'NONE', *, *, #3906, .F. ) ;
#3138 = CARTESIAN_POINT ( 'NONE',  ( 8.164213562373110022, 4.999999999999997335, 11.00000000000002842 ) ) ;
#3139 = CARTESIAN_POINT ( 'NONE',  ( 14.00000000000000000, 10.00000000000000000, 12.00000000000000355 ) ) ;
#3140 = ADVANCED_FACE ( 'NONE', ( #1504 ), #1785, .F. ) ;
#3141 = CARTESIAN_POINT ( 'NONE',  ( 16.99999999999998224, 7.000000000000000000, -15.00000000000000000 ) ) ;
#3142 = CARTESIAN_POINT ( 'NONE',  ( -16.99999999999999289, 10.00000000000000000, 15.00000000000000355 ) ) ;
#3143 = EDGE_CURVE ( 'NONE', #2306, #881, #911, .T. ) ;
#3144 = VECTOR ( 'NONE', #364, 1000.000000000000000 ) ;
#3145 = CARTESIAN_POINT ( 'NONE',  ( -8.164213562373081601, 4.999999999999997335, 10.99999999999997335 ) ) ;
#3146 = EDGE_CURVE ( 'NONE', #3922, #703, #2742, .T. ) ;
#3147 = VECTOR ( 'NONE', #686, 1000.000000000000000 ) ;
#3148 = ORIENTED_EDGE ( 'NONE', *, *, #4035, .F. ) ;
#3149 = VECTOR ( 'NONE', #560, 1000.000000000000000 ) ;
#3150 = LINE ( 'NONE', #2179, #439 ) ;
#3151 = CARTESIAN_POINT ( 'NONE',  ( -13.99999999999999467, 5.000000000000000000, 15.00000000000000000 ) ) ;
#3152 = VECTOR ( 'NONE', #2887, 1000.000000000000000 ) ;
#3153 = ORIENTED_EDGE ( 'NONE', *, *, #3982, .F. ) ;
#3154 = CARTESIAN_POINT ( 'NONE',  ( -16.99999999999999289, 7.000000000000000000, -10.39999999999999503 ) ) ;
#3155 = AXIS2_PLACEMENT_3D ( 'NONE', #3770, #660, #1620 ) ;
#3156 = LINE ( 'NONE', #1350, #3862 ) ;
#3157 = VECTOR ( 'NONE', #1695, 1000.000000000000000 ) ;
#3158 = ORIENTED_EDGE ( 'NONE', *, *, #826, .F. ) ;
#3159 = DIRECTION ( 'NONE',  ( 0.000000000000000000, 1.000000000000000000, 0.000000000000000000 ) ) ;
#3160 = CARTESIAN_POINT ( 'NONE',  ( -15.20096189432330647, 0.2009618943233301702, -4.999999999999948486 ) ) ;
#3161 = CARTESIAN_POINT ( 'NONE',  ( -19.99999999999999645, 4.999999999999997335, 6.999999999999931610 ) ) ;
#3162 = LINE ( 'NONE', #3141, #12 ) ;
#3163 = DIRECTION ( 'NONE',  ( 0.000000000000000000, 0.000000000000000000, -1.000000000000000000 ) ) ;
#3164 = CARTESIAN_POINT ( 'NONE',  ( -12.99999999999999645, 1.734723475976812025E-15, 15.00000000000000000 ) ) ;
#3165 = VERTEX_POINT ( 'NONE', #1521 ) ;
#3166 = EDGE_CURVE ( 'NONE', #2202, #452, #3093, .T. ) ;
#3167 = EDGE_CURVE ( 'NONE', #362, #3249, #3713, .T. ) ;
#3168 = CARTESIAN_POINT ( 'NONE',  ( 5.750000000000001776, 7.000000000000000000, -15.00000000000000000 ) ) ;
#3169 = EDGE_CURVE ( 'NONE', #3100, #2547, #2397, .T. ) ;
#3170 = DIRECTION ( 'NONE',  ( -1.156482317317873105E-15, 0.000000000000000000, -1.000000000000000000 ) ) ;
#3171 = EDGE_LOOP ( 'NONE', ( #3797, #1998, #857, #2151 ) ) ;
#3172 = FACE_OUTER_BOUND ( 'NONE', #1359, .T. ) ;
#3173 = CARTESIAN_POINT ( 'NONE',  ( 25.00000000000000711, 31.00000000000000000, 4.500000000000006217 ) ) ;
#3174 = VERTEX_POINT ( 'NONE', #3983 ) ;
#3175 = LINE ( 'NONE', #1034, #271 ) ;
#3176 = DIRECTION ( 'NONE',  ( 1.445602896647341875E-16, -0.000000000000000000, 1.000000000000000000 ) ) ;
#3177 = VECTOR ( 'NONE', #2410, 1000.000000000000000 ) ;
#3178 = DIRECTION ( 'NONE',  ( -1.156482317317873105E-15, 0.000000000000000000, -1.000000000000000000 ) ) ;
#3179 = CARTESIAN_POINT ( 'NONE',  ( 0.000000000000000000, 0.000000000000000000, 0.000000000000000000 ) ) ;
#3180 = DIRECTION ( 'NONE',  ( -0.000000000000000000, -1.000000000000000000, -0.000000000000000000 ) ) ;
#3181 = DIRECTION ( 'NONE',  ( 0.7071067811865461294, 0.7071067811865490160, -0.000000000000000000 ) ) ;
#3182 = DIRECTION ( 'NONE',  ( -5.782411586589345806E-16, 0.000000000000000000, 1.000000000000000000 ) ) ;
#3183 = ORIENTED_EDGE ( 'NONE', *, *, #1477, .T. ) ;
#3184 = VERTEX_POINT ( 'NONE', #3111 ) ;
#3185 = CARTESIAN_POINT ( 'NONE',  ( 4.249999999999993783, 6.999999999999999112, -9.999999999999998224 ) ) ;
#3186 = CARTESIAN_POINT ( 'NONE',  ( -16.99999999999999289, 7.000000000000000000, 13.60000000000000675 ) ) ;
#3187 = DIRECTION ( 'NONE',  ( 0.000000000000000000, 0.000000000000000000, -1.000000000000000000 ) ) ;
#3188 = ADVANCED_FACE ( 'NONE', ( #3329 ), #2418, .T. ) ;
#3189 = VERTEX_POINT ( 'NONE', #3696 ) ;
#3190 = LINE ( 'NONE', #2879, #2544 ) ;
#3191 = ORIENTED_EDGE ( 'NONE', *, *, #2595, .T. ) ;
#3192 = LINE ( 'NONE', #3837, #2697 ) ;
#3193 = EDGE_LOOP ( 'NONE', ( #1065, #192, #3580, #3293 ) ) ;
#3194 = CARTESIAN_POINT ( 'NONE',  ( -5.749999999999996447, -0.000000000000000000, -13.00000000000000178 ) ) ;
#3195 = CARTESIAN_POINT ( 'NONE',  ( 8.250000000000003553, 45.04996878900156787, 13.00000000000000178 ) ) ;
#3196 = LINE ( 'NONE', #1967, #1254 ) ;
#3197 = VECTOR ( 'NONE', #3968, 1000.000000000000000 ) ;
#3198 = CYLINDRICAL_SURFACE ( 'NONE', #3728, 1.499999999999999556 ) ;
#3199 = VECTOR ( 'NONE', #2826, 1000.000000000000000 ) ;
#3200 = DIRECTION ( 'NONE',  ( -1.000000000000000000, 0.000000000000000000, 0.000000000000000000 ) ) ;
#3201 = DIRECTION ( 'NONE',  ( 1.000000000000000000, 0.000000000000000000, 0.000000000000000000 ) ) ;
#3202 = ORIENTED_EDGE ( 'NONE', *, *, #1269, .T. ) ;
#3203 = DIRECTION ( 'NONE',  ( 0.000000000000000000, 0.000000000000000000, -1.000000000000000000 ) ) ;
#3204 = CARTESIAN_POINT ( 'NONE',  ( 14.00000000000000178, 10.00000000000000000, 15.00000000000000000 ) ) ;
#3205 = VECTOR ( 'NONE', #3529, 1000.000000000000000 ) ;
#3206 = VERTEX_POINT ( 'NONE', #3054 ) ;
#3207 = CARTESIAN_POINT ( 'NONE',  ( 5.750000000000003553, 4.999999999999997335, -13.00000000000002132 ) ) ;
#3208 = VECTOR ( 'NONE', #270, 1000.000000000000000 ) ;
#3209 = ORIENTED_EDGE ( 'NONE', *, *, #3288, .T. ) ;
#3210 = LINE ( 'NONE', #1942, #3527 ) ;
#3211 = AXIS2_PLACEMENT_3D ( 'NONE', #141, #1391, #2659 ) ;
#3212 = ORIENTED_EDGE ( 'NONE', *, *, #165, .F. ) ;
#3213 = AXIS2_PLACEMENT_3D ( 'NONE', #896, #3038, #241 ) ;
#3214 = CARTESIAN_POINT ( 'NONE',  ( -8.249999999999996447, 6.999999999999999112, 11.49999999999999822 ) ) ;
#3215 = ADVANCED_FACE ( 'NONE', ( #3032 ), #1542, .F. ) ;
#3216 = DIRECTION ( 'NONE',  ( -0.7071067811865451302, 0.7071067811865500152, -2.431525908079537293E-15 ) ) ;
#3217 = LINE ( 'NONE', #1290, #3017 ) ;
#3218 = EDGE_CURVE ( 'NONE', #2679, #3299, #1192, .T. ) ;
#3219 = VECTOR ( 'NONE', #1372, 1000.000000000000000 ) ;
#3220 = VERTEX_POINT ( 'NONE', #3072 ) ;
#3221 = VECTOR ( 'NONE', #2279, 1000.000000000000000 ) ;
#3222 = LINE ( 'NONE', #1405, #2099 ) ;
#3223 = CARTESIAN_POINT ( 'NONE',  ( -3.782566608114415034E-14, 4.999999999999997335, 11.00000000000000178 ) ) ;
#3224 = CIRCLE ( 'NONE', #4006, 1.600000000000002531 ) ;
#3225 = VERTEX_POINT ( 'NONE', #1214 ) ;
#3226 = FACE_OUTER_BOUND ( 'NONE', #3971, .T. ) ;
#3227 = DIRECTION ( 'NONE',  ( -0.000000000000000000, -1.000000000000000000, -0.000000000000000000 ) ) ;
#3228 = ORIENTED_EDGE ( 'NONE', *, *, #1694, .T. ) ;
#3229 = CARTESIAN_POINT ( 'NONE',  ( 29.02498439450082302, 16.02498439450095091, 13.00000000000010125 ) ) ;
#3230 = ORIENTED_EDGE ( 'NONE', *, *, #3431, .T. ) ;
#3231 = CARTESIAN_POINT ( 'NONE',  ( 15.00000000000000711, 0.000000000000000000, 3.000000000000005773 ) ) ;
#3232 = VERTEX_POINT ( 'NONE', #871 ) ;
#3233 = DIRECTION ( 'NONE',  ( 0.000000000000000000, 1.000000000000000000, 0.000000000000000000 ) ) ;
#3234 = PLANE ( 'NONE',  #1055 ) ;
#3235 = CARTESIAN_POINT ( 'NONE',  ( -3.094827224820884110E-14, -0.000000000000000000, 9.000000000000001776 ) ) ;
#3236 = VECTOR ( 'NONE', #756, 1000.000000000000000 ) ;
#3237 = ADVANCED_FACE ( 'NONE', ( #2110 ), #2443, .F. ) ;
#3238 = EDGE_CURVE ( 'NONE', #184, #705, #3678, .T. ) ;
#3239 = ORIENTED_EDGE ( 'NONE', *, *, #65, .F. ) ;
#3240 = EDGE_CURVE ( 'NONE', #1895, #3609, #1909, .T. ) ;
#3241 = FACE_OUTER_BOUND ( 'NONE', #802, .T. ) ;
#3242 = VECTOR ( 'NONE', #1934, 1000.000000000000000 ) ;
#3243 = DIRECTION ( 'NONE',  ( 1.000000000000000000, 0.000000000000000000, -3.438696916467649493E-15 ) ) ;
#3244 = EDGE_LOOP ( 'NONE', ( #3992, #471, #3820, #1562, #1048, #396 ) ) ;
#3245 = DIRECTION ( 'NONE',  ( -0.7071067811865451302, 0.7071067811865500152, -0.000000000000000000 ) ) ;
#3246 = FACE_OUTER_BOUND ( 'NONE', #1682, .T. ) ;
#3247 = VERTEX_POINT ( 'NONE', #3407 ) ;
#3248 = LINE ( 'NONE', #1699, #3457 ) ;
#3249 = VERTEX_POINT ( 'NONE', #75 ) ;
#3250 = LINE ( 'NONE', #3858, #1783 ) ;
#3251 = ORIENTED_EDGE ( 'NONE', *, *, #3504, .T. ) ;
#3252 = CARTESIAN_POINT ( 'NONE',  ( -15.20096189432330647, 0.2009618943233301702, -4.999999999999948486 ) ) ;
#3253 = CARTESIAN_POINT ( 'NONE',  ( -16.99999999999999289, 7.000000000000000000, -11.99999999999999645 ) ) ;
#3254 = FACE_OUTER_BOUND ( 'NONE', #506, .T. ) ;
#3255 = ORIENTED_EDGE ( 'NONE', *, *, #2542, .F. ) ;
#3256 = LINE ( 'NONE', #2652, #135 ) ;
#3257 = ADVANCED_FACE ( 'NONE', ( #1598 ), #1935, .F. ) ;
#3258 = EDGE_CURVE ( 'NONE', #3296, #1599, #1, .T. ) ;
#3259 = CARTESIAN_POINT ( 'NONE',  ( -3.094827224820884110E-14, -0.000000000000000000, -9.000000000000001776 ) ) ;
#3260 = AXIS2_PLACEMENT_3D ( 'NONE', #3698, #1763, #239 ) ;
#3261 = LINE ( 'NONE', #2264, #2946 ) ;
#3262 = ORIENTED_EDGE ( 'NONE', *, *, #3240, .F. ) ;
#3263 = DIRECTION ( 'NONE',  ( 1.000000000000000000, 0.000000000000000000, -3.438696916467649099E-15 ) ) ;
#3264 = EDGE_CURVE ( 'NONE', #1346, #1825, #961, .T. ) ;
#3265 = LINE ( 'NONE', #1715, #2700 ) ;
#3266 = ADVANCED_FACE ( 'NONE', ( #1265 ), #1613, .F. ) ;
#3267 = ORIENTED_EDGE ( 'NONE', *, *, #357, .T. ) ;
#3268 = CARTESIAN_POINT ( 'NONE',  ( 20.00000000000000711, 7.000000000000000000, 4.500000000000000888 ) ) ;
#3269 = VERTEX_POINT ( 'NONE', #2856 ) ;
#3270 = LINE ( 'NONE', #2308, #3345 ) ;
#3271 = VECTOR ( 'NONE', #576, 1000.000000000000000 ) ;
#3272 = ORIENTED_EDGE ( 'NONE', *, *, #2088, .F. ) ;
#3273 = DIRECTION ( 'NONE',  ( 0.000000000000000000, 1.000000000000000000, 0.000000000000000000 ) ) ;
#3274 = VECTOR ( 'NONE', #1752, 1000.000000000000000 ) ;
#3275 = DIRECTION ( 'NONE',  ( 0.000000000000000000, 0.000000000000000000, -1.000000000000000000 ) ) ;
#3276 = ORIENTED_EDGE ( 'NONE', *, *, #2143, .F. ) ;
#3277 = AXIS2_PLACEMENT_3D ( 'NONE', #3057, #551, #2729 ) ;
#3278 = ORIENTED_EDGE ( 'NONE', *, *, #2453, .T. ) ;
#3279 = DIRECTION ( 'NONE',  ( -0.000000000000000000, -0.000000000000000000, 1.000000000000000000 ) ) ;
#3280 = VECTOR ( 'NONE', #3441, 1000.000000000000000 ) ;
#3281 = DIRECTION ( 'NONE',  ( 0.000000000000000000, 1.000000000000000000, 0.000000000000000000 ) ) ;
#3282 = ORIENTED_EDGE ( 'NONE', *, *, #1396, .T. ) ;
#3283 = DIRECTION ( 'NONE',  ( -0.000000000000000000, -1.000000000000000000, -0.000000000000000000 ) ) ;
#3284 = AXIS2_PLACEMENT_3D ( 'NONE', #13, #2570, #639 ) ;
#3285 = LINE ( 'NONE', #2364, #3586 ) ;
#3286 = CARTESIAN_POINT ( 'NONE',  ( -9.299999999999995381, 9.000000000000001776, 2.000000000000000888 ) ) ;
#3287 = LINE ( 'NONE', #3874, #1470 ) ;
#3288 = EDGE_CURVE ( 'NONE', #1616, #3078, #657, .T. ) ;
#3289 = ADVANCED_FACE ( 'NONE', ( #3791 ), #356, .F. ) ;
#3290 = EDGE_LOOP ( 'NONE', ( #862, #2019, #2420, #915 ) ) ;
#3291 = DIRECTION ( 'NONE',  ( 5.782411586589365527E-16, -0.000000000000000000, 1.000000000000000000 ) ) ;
#3292 = EDGE_CURVE ( 'NONE', #353, #658, #698, .T. ) ;
#3293 = ORIENTED_EDGE ( 'NONE', *, *, #3727, .F. ) ;
#3294 = CARTESIAN_POINT ( 'NONE',  ( -13.29999999999999538, 10.00000000000000000, -0.9999999999999991118 ) ) ;
#3295 = VERTEX_POINT ( 'NONE', #53 ) ;
#3296 = VERTEX_POINT ( 'NONE', #412 ) ;
#3297 = DIRECTION ( 'NONE',  ( -1.000000000000000000, 0.000000000000000000, 5.782411586589351722E-16 ) ) ;
#3298 = LINE ( 'NONE', #3865, #672 ) ;
#3299 = VERTEX_POINT ( 'NONE', #1298 ) ;
#3300 = ORIENTED_EDGE ( 'NONE', *, *, #1151, .F. ) ;
#3301 = CARTESIAN_POINT ( 'NONE',  ( 0.000000000000000000, 5.000000000000000000, 0.000000000000000000 ) ) ;
#3302 = PLANE ( 'NONE',  #477 ) ;
#3303 = VERTEX_POINT ( 'NONE', #2875 ) ;
#3304 = LINE ( 'NONE', #1451, #3895 ) ;
#3305 = AXIS2_PLACEMENT_3D ( 'NONE', #2573, #3516, #3811 ) ;
#3306 = DIRECTION ( 'NONE',  ( -0.7071067811865489050, 0.7071067811865460184, -0.000000000000000000 ) ) ;
#3307 = ORIENTED_EDGE ( 'NONE', *, *, #376, .F. ) ;
#3308 = CARTESIAN_POINT ( 'NONE',  ( -3.782566608114415034E-14, 45.04996878900156787, -11.00000000000000178 ) ) ;
#3309 = ORIENTED_EDGE ( 'NONE', *, *, #822, .F. ) ;
#3310 = VERTEX_POINT ( 'NONE', #2263 ) ;
#3311 = CARTESIAN_POINT ( 'NONE',  ( -13.99999999999999645, 45.04996878900156787, 12.99999999999995204 ) ) ;
#3312 = ORIENTED_EDGE ( 'NONE', *, *, #3981, .F. ) ;
#3313 = CARTESIAN_POINT ( 'NONE',  ( -16.99999999999999645, 7.000000000000000000, -5.749999999999998224 ) ) ;
#3314 = ORIENTED_EDGE ( 'NONE', *, *, #505, .T. ) ;
#3315 = CARTESIAN_POINT ( 'NONE',  ( -3.430736969901753255E-15, 4.999999999999997335, 1.000000000000000444 ) ) ;
#3316 = ORIENTED_EDGE ( 'NONE', *, *, #1548, .F. ) ;
#3317 = ORIENTED_EDGE ( 'NONE', *, *, #2817, .T. ) ;
#3318 = CARTESIAN_POINT ( 'NONE',  ( 20.00000000000000711, 10.00000000000000000, 9.000000000000005329 ) ) ;
#3319 = PLANE ( 'NONE',  #681 ) ;
#3320 = CARTESIAN_POINT ( 'NONE',  ( -19.99999999999999289, 10.00000000000000000, -11.99999999999999645 ) ) ;
#3321 = CARTESIAN_POINT ( 'NONE',  ( 17.00000000000000000, 10.00000000000000000, 12.00000000000000355 ) ) ;
#3322 = DIRECTION ( 'NONE',  ( 3.430736969901751677E-15, 0.000000000000000000, -1.000000000000000000 ) ) ;
#3323 = CARTESIAN_POINT ( 'NONE',  ( -13.99999999999999467, 7.000000000000000000, 15.00000000000000000 ) ) ;
#3324 = VECTOR ( 'NONE', #1636, 1000.000000000000000 ) ;
#3325 = ORIENTED_EDGE ( 'NONE', *, *, #1121, .F. ) ;
#3326 = LINE ( 'NONE', #2393, #41 ) ;
#3327 = LINE ( 'NONE', #3030, #1130 ) ;
#3328 = ORIENTED_EDGE ( 'NONE', *, *, #3551, .F. ) ;
#3329 = FACE_OUTER_BOUND ( 'NONE', #3717, .T. ) ;
#3330 = ORIENTED_EDGE ( 'NONE', *, *, #1122, .T. ) ;
#3331 = CARTESIAN_POINT ( 'NONE',  ( -19.99999999999999645, 7.000000000000000000, -11.99999999999997691 ) ) ;
#3332 = ORIENTED_EDGE ( 'NONE', *, *, #1990, .F. ) ;
#3333 = VECTOR ( 'NONE', #129, 1000.000000000000000 ) ;
#3334 = DIRECTION ( 'NONE',  ( -0.000000000000000000, -1.000000000000000000, -0.000000000000000000 ) ) ;
#3335 = ORIENTED_EDGE ( 'NONE', *, *, #376, .T. ) ;
#3336 = ORIENTED_EDGE ( 'NONE', *, *, #371, .T. ) ;
#3337 = ORIENTED_EDGE ( 'NONE', *, *, #3708, .F. ) ;
#3338 = EDGE_CURVE ( 'NONE', #1792, #3375, #390, .T. ) ;
#3339 = SURFACE_STYLE_FILL_AREA ( #2668 ) ;
#3340 = ADVANCED_FACE ( 'NONE', ( #2840 ), #2822, .F. ) ;
#3341 = AXIS2_PLACEMENT_3D ( 'NONE', #990, #1312, #1625 ) ;
#3342 = FACE_OUTER_BOUND ( 'NONE', #3912, .T. ) ;
#3343 = CARTESIAN_POINT ( 'NONE',  ( 5.750000000000003553, 4.999999999999997335, 0.000000000000000000 ) ) ;
#3344 = DIRECTION ( 'NONE',  ( 0.7071067811865485719, 0.7071067811865465735, -2.420268843690292097E-15 ) ) ;
#3345 = VECTOR ( 'NONE', #186, 1000.000000000000000 ) ;
#3346 = PLANE ( 'NONE',  #2257 ) ;
#3347 = CARTESIAN_POINT ( 'NONE',  ( 17.00000000000000000, 10.00000000000000000, -14.99999999999999822 ) ) ;
#3348 = AXIS2_PLACEMENT_3D ( 'NONE', #653, #3182, #368 ) ;
#3349 = EDGE_LOOP ( 'NONE', ( #2906, #2086, #1660, #2711 ) ) ;
#3350 = PLANE ( 'NONE',  #105 ) ;
#3351 = AXIS2_PLACEMENT_3D ( 'NONE', #3301, #2733, #2098 ) ;
#3352 = CARTESIAN_POINT ( 'NONE',  ( 14.00000000000000000, 10.00000000000000000, -11.99999999999999645 ) ) ;
#3353 = CARTESIAN_POINT ( 'NONE',  ( -16.99999999999997868, 7.000000000000000000, -15.00000000000000000 ) ) ;
#3354 = VERTEX_POINT ( 'NONE', #3766 ) ;
#3355 = CARTESIAN_POINT ( 'NONE',  ( -13.99999999999999467, 10.00000000000000000, 15.00000000000000000 ) ) ;
#3356 = PLANE ( 'NONE',  #3403 ) ;
#3357 = VERTEX_POINT ( 'NONE', #3204 ) ;
#3358 = ORIENTED_EDGE ( 'NONE', *, *, #1869, .T. ) ;
#3359 = SURFACE_SIDE_STYLE ('',( #3339 ) ) ;
#3360 = ADVANCED_FACE ( 'NONE', ( #2497 ), #1633, .F. ) ;
#3361 = EDGE_CURVE ( 'NONE', #658, #2924, #1024, .T. ) ;
#3362 = CARTESIAN_POINT ( 'NONE',  ( 6.150000000000007461, 10.00000000000000000, -2.500000000000001332 ) ) ;
#3363 = EDGE_CURVE ( 'NONE', #19, #2598, #679, .T. ) ;
#3364 = CARTESIAN_POINT ( 'NONE',  ( -4.249999999999996447, 0.000000000000000000, -11.49999999999999822 ) ) ;
#3365 = DIRECTION ( 'NONE',  ( -0.000000000000000000, -1.000000000000000000, -0.000000000000000000 ) ) ;
#3366 = LINE ( 'NONE', #1800, #589 ) ;
#3367 = DIRECTION ( 'NONE',  ( -0.000000000000000000, -1.000000000000000000, -0.000000000000000000 ) ) ;
#3368 = ORIENTED_EDGE ( 'NONE', *, *, #3453, .F. ) ;
#3369 = DIRECTION ( 'NONE',  ( 1.156482317317873105E-15, 0.000000000000000000, 1.000000000000000000 ) ) ;
#3370 = AXIS2_PLACEMENT_3D ( 'NONE', #2102, #2124, #2758 ) ;
#3371 = DIRECTION ( 'NONE',  ( 0.000000000000000000, -1.000000000000000000, 0.000000000000000000 ) ) ;
#3372 = ORIENTED_EDGE ( 'NONE', *, *, #3905, .F. ) ;
#3373 = CARTESIAN_POINT ( 'NONE',  ( 17.00000000000000000, 10.00000000000000000, -8.999999999999996447 ) ) ;
#3374 = CARTESIAN_POINT ( 'NONE',  ( -19.99999999999999645, 4.999999999999997335, -5.749999999999999112 ) ) ;
#3375 = VERTEX_POINT ( 'NONE', #3481 ) ;
#3376 = ORIENTED_EDGE ( 'NONE', *, *, #137, .T. ) ;
#3377 = CARTESIAN_POINT ( 'NONE',  ( -14.99999999999999289, -0.000000000000000000, 1.000000000000000444 ) ) ;
#3378 = CARTESIAN_POINT ( 'NONE',  ( -14.99999999999999289, 31.00000000000000000, 4.250000000000000000 ) ) ;
#3379 = DIRECTION ( 'NONE',  ( -0.000000000000000000, -1.000000000000000000, -0.000000000000000000 ) ) ;
#3380 = DIRECTION ( 'NONE',  ( -0.000000000000000000, -1.000000000000000000, -0.000000000000000000 ) ) ;
#3381 = DIRECTION ( 'NONE',  ( 0.000000000000000000, 0.000000000000000000, 1.000000000000000000 ) ) ;
#3382 = EDGE_CURVE ( 'NONE', #2609, #323, #3599, .T. ) ;
#3383 = CARTESIAN_POINT ( 'NONE',  ( 6.750000000000004441, 6.999999999999999112, 9.999999999999998224 ) ) ;
#3384 = ORIENTED_EDGE ( 'NONE', *, *, #3428, .T. ) ;
#3385 = EDGE_CURVE ( 'NONE', #203, #54, #3812, .T. ) ;
#3386 = DIRECTION ( 'NONE',  ( -1.000000000000000000, 0.000000000000000000, 3.438696916467649493E-15 ) ) ;
#3387 = AXIS2_PLACEMENT_3D ( 'NONE', #3822, #2757, #2646 ) ;
#3388 = ADVANCED_FACE ( 'NONE', ( #945 ), #335, .F. ) ;
#3389 = CARTESIAN_POINT ( 'NONE',  ( -16.99999999999999645, 0.000000000000000000, 12.00000000000000000 ) ) ;
#3390 = CIRCLE ( 'NONE', #2020, 2.999999999999999112 ) ;
#3391 = ORIENTED_EDGE ( 'NONE', *, *, #2990, .T. ) ;
#3392 = DIRECTION ( 'NONE',  ( -1.445602896647341875E-16, 0.000000000000000000, -1.000000000000000000 ) ) ;
#3393 = PLANE ( 'NONE',  #997 ) ;
#3394 = ORIENTED_EDGE ( 'NONE', *, *, #2116, .T. ) ;
#3395 = LINE ( 'NONE', #953, #2358 ) ;
#3396 = VECTOR ( 'NONE', #2075, 1000.000000000000000 ) ;
#3397 = APPLICATION_PROTOCOL_DEFINITION ( 'draft international standard', 'automotive_design', 1998, #456 ) ;
#3398 = VECTOR ( 'NONE', #649, 1000.000000000000000 ) ;
#3399 = CARTESIAN_POINT ( 'NONE',  ( 5.664213562373105582, 4.999999999999997335, -11.00000000000001954 ) ) ;
#3400 = LINE ( 'NONE', #652, #2353 ) ;
#3401 = AXIS2_PLACEMENT_3D ( 'NONE', #579, #3062, #1494 ) ;
#3402 = CARTESIAN_POINT ( 'NONE',  ( -4.249999999999985789, 0.000000000000000000, -9.999999999999998224 ) ) ;
#3403 = AXIS2_PLACEMENT_3D ( 'NONE', #1809, #2447, #1849 ) ;
#3404 = ORIENTED_EDGE ( 'NONE', *, *, #1842, .F. ) ;
#3405 = CARTESIAN_POINT ( 'NONE',  ( 0.000000000000000000, 8.900000000000000355, 0.000000000000000000 ) ) ;
#3406 = VECTOR ( 'NONE', #2643, 1000.000000000000000 ) ;
#3407 = CARTESIAN_POINT ( 'NONE',  ( -13.29999999999999538, 9.000000000000001776, 2.000000000000000888 ) ) ;
#3408 = ADVANCED_FACE ( 'NONE', ( #476 ), #435, .F. ) ;
#3409 = EDGE_CURVE ( 'NONE', #1262, #3828, #3265, .T. ) ;
#3410 = EDGE_CURVE ( 'NONE', #843, #1667, #161, .T. ) ;
#3411 = ORIENTED_EDGE ( 'NONE', *, *, #142, .F. ) ;
#3412 = AXIS2_PLACEMENT_3D ( 'NONE', #3623, #2077, #1778 ) ;
#3413 = DIRECTION ( 'NONE',  ( 0.7071067811865489050, -0.7071067811865460184, 2.420268843690293280E-15 ) ) ;
#3414 = CARTESIAN_POINT ( 'NONE',  ( 14.00000000000000000, 10.00000000000000000, -15.00000000000000000 ) ) ;
#3415 = VECTOR ( 'NONE', #1358, 1000.000000000000000 ) ;
#3416 = ORIENTED_EDGE ( 'NONE', *, *, #2959, .T. ) ;
#3417 = ORIENTED_EDGE ( 'NONE', *, *, #307, .T. ) ;
#3418 = LINE ( 'NONE', #1220, #1960 ) ;
#3419 = CARTESIAN_POINT ( 'NONE',  ( 14.99999999999999467, 0.000000000000000000, 7.000000000000051514 ) ) ;
#3420 = CYLINDRICAL_SURFACE ( 'NONE', #3401, 2.999999999999999112 ) ;
#3421 = LINE ( 'NONE', #2510, #3616 ) ;
#3422 = DIRECTION ( 'NONE',  ( 0.7071067811865444641, 0.7071067811865505703, -0.000000000000000000 ) ) ;
#3423 = VERTEX_POINT ( 'NONE', #3833 ) ;
#3424 = CARTESIAN_POINT ( 'NONE',  ( 8.164213562373110022, 45.04996878900156787, 11.00000000000002842 ) ) ;
#3425 = DIRECTION ( 'NONE',  ( 1.020425574104004122E-16, 0.000000000000000000, -1.000000000000000000 ) ) ;
#3426 = ORIENTED_EDGE ( 'NONE', *, *, #1498, .T. ) ;
#3427 = CARTESIAN_POINT ( 'NONE',  ( -16.99999999999999289, 7.000000000000000000, -11.99999999999999645 ) ) ;
#3428 = EDGE_CURVE ( 'NONE', #2243, #1975, #1654, .T. ) ;
#3429 = CARTESIAN_POINT ( 'NONE',  ( 15.00000000000000711, 0.000000000000000000, -2.999999999999994671 ) ) ;
#3430 = EDGE_LOOP ( 'NONE', ( #3325, #2819, #3710, #1176, #3720, #2752 ) ) ;
#3431 = EDGE_CURVE ( 'NONE', #1491, #676, #2980, .T. ) ;
#3432 = VECTOR ( 'NONE', #2366, 1000.000000000000114 ) ;
#3433 = ORIENTED_EDGE ( 'NONE', *, *, #2817, .F. ) ;
#3434 = EDGE_CURVE ( 'NONE', #1179, #2706, #780, .T. ) ;
#3435 = FACE_OUTER_BOUND ( 'NONE', #1531, .T. ) ;
#3436 = DIRECTION ( 'NONE',  ( -1.000000000000000000, 0.000000000000000000, 3.438696916467649099E-15 ) ) ;
#3437 = DIRECTION ( 'NONE',  ( 0.000000000000000000, 0.000000000000000000, -1.000000000000000000 ) ) ;
#3438 = CARTESIAN_POINT ( 'NONE',  ( 17.00000000000000000, 10.00000000000000000, -11.99999999999999645 ) ) ;
#3439 = ORIENTED_EDGE ( 'NONE', *, *, #2939, .T. ) ;
#3440 = CARTESIAN_POINT ( 'NONE',  ( 14.99999999999999645, 0.000000000000000000, 11.99999999999999467 ) ) ;
#3441 = DIRECTION ( 'NONE',  ( 0.000000000000000000, 1.000000000000000000, 0.000000000000000000 ) ) ;
#3442 = ORIENTED_EDGE ( 'NONE', *, *, #1477, .F. ) ;
#3443 = FACE_OUTER_BOUND ( 'NONE', #870, .T. ) ;
#3444 = DIRECTION ( 'NONE',  ( 0.000000000000000000, 0.000000000000000000, -1.000000000000000000 ) ) ;
#3445 = VECTOR ( 'NONE', #3903, 1000.000000000000000 ) ;
#3446 = ORIENTED_EDGE ( 'NONE', *, *, #62, .F. ) ;
#3447 = CARTESIAN_POINT ( 'NONE',  ( 8.250000000000003553, 4.999999999999997335, 11.49999999999999822 ) ) ;
#3448 = FACE_OUTER_BOUND ( 'NONE', #2660, .T. ) ;
#3449 = LINE ( 'NONE', #1226, #2105 ) ;
#3450 = EDGE_CURVE ( 'NONE', #3877, #233, #1997, .T. ) ;
#3451 = EDGE_CURVE ( 'NONE', #3165, #3526, #1411, .T. ) ;
#3452 = LINE ( 'NONE', #1647, #2294 ) ;
#3453 = EDGE_CURVE ( 'NONE', #233, #2355, #2657, .T. ) ;
#3454 = LINE ( 'NONE', #3127, #285 ) ;
#3455 = AXIS2_PLACEMENT_3D ( 'NONE', #792, #1730, #1428 ) ;
#3456 = CARTESIAN_POINT ( 'NONE',  ( 14.00000000000000000, -26.00000000000000000, 12.00000000000000355 ) ) ;
#3457 = VECTOR ( 'NONE', #458, 1000.000000000000000 ) ;
#3458 = ORIENTED_EDGE ( 'NONE', *, *, #3738, .F. ) ;
#3459 = DIRECTION ( 'NONE',  ( 1.445602896647341875E-16, -0.000000000000000000, 1.000000000000000000 ) ) ;
#3460 = CARTESIAN_POINT ( 'NONE',  ( 15.00000000000000711, 45.04996878900156787, -2.999999999999994671 ) ) ;
#3461 = AXIS2_PLACEMENT_3D ( 'NONE', #150, #508, #1401 ) ;
#3462 = ORIENTED_EDGE ( 'NONE', *, *, #223, .T. ) ;
#3463 = CARTESIAN_POINT ( 'NONE',  ( -1.711388511667927443E-14, 45.04996878900156787, -5.000000000000000888 ) ) ;
#3464 = VECTOR ( 'NONE', #1032, 1000.000000000000000 ) ;
#3465 = FACE_OUTER_BOUND ( 'NONE', #446, .T. ) ;
#3466 = AXIS2_PLACEMENT_3D ( 'NONE', #1167, #202, #2696 ) ;
#3467 = ORIENTED_EDGE ( 'NONE', *, *, #4035, .T. ) ;
#3468 = CARTESIAN_POINT ( 'NONE',  ( -4.249999999999985789, 31.00000000000000000, -9.999999999999998224 ) ) ;
#3469 = PLANE ( 'NONE',  #1189 ) ;
#3470 = CARTESIAN_POINT ( 'NONE',  ( 6.150000000000007461, 7.000000000000000000, -2.500000000000001332 ) ) ;
#3471 = ORIENTED_EDGE ( 'NONE', *, *, #2990, .F. ) ;
#3472 = LINE ( 'NONE', #2890, #219 ) ;
#3473 = LINE ( 'NONE', #1335, #3988 ) ;
#3474 = EDGE_CURVE ( 'NONE', #2381, #3295, #3287, .T. ) ;
#3475 = EDGE_CURVE ( 'NONE', #3637, #1546, #737, .T. ) ;
#3476 = FACE_BOUND ( 'NONE', #1559, .T. ) ;
#3477 = EDGE_CURVE ( 'NONE', #3269, #1235, #1676, .T. ) ;
#3478 = ORIENTED_EDGE ( 'NONE', *, *, #1389, .F. ) ;
#3479 = DIRECTION ( 'NONE',  ( -1.156482317317873105E-15, 0.000000000000000000, -1.000000000000000000 ) ) ;
#3480 = EDGE_LOOP ( 'NONE', ( #3867, #265, #255, #1140 ) ) ;
#3481 = CARTESIAN_POINT ( 'NONE',  ( 15.00000000000000711, 0.000000000000000000, -1.000000000000000000 ) ) ;
#3482 = EDGE_CURVE ( 'NONE', #3941, #1547, #1063, .T. ) ;
#3483 = CYLINDRICAL_SURFACE ( 'NONE', #1777, 2.999999999999999112 ) ;
#3484 = EDGE_LOOP ( 'NONE', ( #1879, #2806, #553, #1253 ) ) ;
#3485 = DIRECTION ( 'NONE',  ( -0.000000000000000000, -1.000000000000000000, -0.000000000000000000 ) ) ;
#3486 = ORIENTED_EDGE ( 'NONE', *, *, #3571, .F. ) ;
#3487 = CARTESIAN_POINT ( 'NONE',  ( 17.00000000000000000, 5.000000000000000000, -15.00000000000000000 ) ) ;
#3488 = ORIENTED_EDGE ( 'NONE', *, *, #2037, .T. ) ;
#3489 = DIRECTION ( 'NONE',  ( -1.000000000000000000, 0.000000000000000000, -0.000000000000000000 ) ) ;
#3490 = CARTESIAN_POINT ( 'NONE',  ( -19.99999999999999645, 10.00000000000000000, -8.999999999999998224 ) ) ;
#3491 = VECTOR ( 'NONE', #1652, 1000.000000000000000 ) ;
#3492 = CARTESIAN_POINT ( 'NONE',  ( 14.00000000000000000, 5.000000000000000000, 12.00000000000000355 ) ) ;
#3493 = ORIENTED_EDGE ( 'NONE', *, *, #631, .F. ) ;
#3494 = CARTESIAN_POINT ( 'NONE',  ( -16.99999999999999289, 7.000000000000000000, -11.99999999999999645 ) ) ;
#3495 = CARTESIAN_POINT ( 'NONE',  ( 20.00000000000000355, 7.000000000000000000, -11.99999999999997868 ) ) ;
#3496 = CARTESIAN_POINT ( 'NONE',  ( 15.00000000000000711, 45.04996878900156787, 1.000000000000000444 ) ) ;
#3497 = VERTEX_POINT ( 'NONE', #1736 ) ;
#3498 = DIRECTION ( 'NONE',  ( 0.7071067811865500152, 0.7071067811865451302, 0.000000000000000000 ) ) ;
#3499 = DIRECTION ( 'NONE',  ( 0.000000000000000000, 1.000000000000000000, 0.000000000000000000 ) ) ;
#3500 = EDGE_CURVE ( 'NONE', #3609, #2857, #2368, .T. ) ;
#3501 = CARTESIAN_POINT ( 'NONE',  ( -13.99999999999999467, 1.000000000000007772, -11.99999999999999645 ) ) ;
#3502 = ORIENTED_EDGE ( 'NONE', *, *, #3450, .F. ) ;
#3503 = CARTESIAN_POINT ( 'NONE',  ( -16.99999999999999645, 4.999999999999997335, 12.00000000000000000 ) ) ;
#3504 = EDGE_CURVE ( 'NONE', #1160, #3769, #183, .T. ) ;
#3505 = ORIENTED_EDGE ( 'NONE', *, *, #3361, .F. ) ;
#3506 = DIRECTION ( 'NONE',  ( 1.000000000000000000, 0.000000000000000000, -3.422777023335854256E-15 ) ) ;
#3507 = ORIENTED_EDGE ( 'NONE', *, *, #18, .F. ) ;
#3508 = LINE ( 'NONE', #1887, #1901 ) ;
#3509 = LINE ( 'NONE', #1353, #2220 ) ;
#3510 = DIRECTION ( 'NONE',  ( -1.000000000000000000, 0.000000000000000000, 0.000000000000000000 ) ) ;
#3511 = VECTOR ( 'NONE', #1619, 1000.000000000000000 ) ;
#3512 = CARTESIAN_POINT ( 'NONE',  ( 15.00000000000000711, 4.999999999999997335, -1.000000000000000000 ) ) ;
#3513 = DIRECTION ( 'NONE',  ( -0.000000000000000000, -1.000000000000000000, -0.000000000000000000 ) ) ;
#3514 = DIRECTION ( 'NONE',  ( 5.782411586589365527E-16, -0.000000000000000000, 1.000000000000000000 ) ) ;
#3515 = EDGE_LOOP ( 'NONE', ( #2463, #3131, #1618, #3316 ) ) ;
#3516 = DIRECTION ( 'NONE',  ( -0.000000000000000000, -1.000000000000000000, -0.000000000000000000 ) ) ;
#3517 = CARTESIAN_POINT ( 'NONE',  ( 13.00000000000000888, 0.000000000000000000, 11.99999999999998224 ) ) ;
#3518 = ORIENTED_EDGE ( 'NONE', *, *, #2262, .F. ) ;
#3519 = DIRECTION ( 'NONE',  ( 0.000000000000000000, 0.000000000000000000, 1.000000000000000000 ) ) ;
#3520 = ADVANCED_FACE ( 'NONE', ( #3246 ), #455, .F. ) ;
#3521 = VECTOR ( 'NONE', #811, 1000.000000000000000 ) ;
#3522 = ADVANCED_FACE ( 'NONE', ( #2058 ), #1343, .F. ) ;
#3523 = VERTEX_POINT ( 'NONE', #3558 ) ;
#3524 = CARTESIAN_POINT ( 'NONE',  ( 11.15000000000000746, 8.900000000000000355, -2.500000000000001332 ) ) ;
#3525 = EDGE_CURVE ( 'NONE', #2529, #3033, #2594, .T. ) ;
#3526 = VERTEX_POINT ( 'NONE', #3939 ) ;
#3527 = VECTOR ( 'NONE', #1903, 1000.000000000000000 ) ;
#3528 = DIRECTION ( 'NONE',  ( -0.000000000000000000, -1.000000000000000000, -0.000000000000000000 ) ) ;
#3529 = DIRECTION ( 'NONE',  ( -0.000000000000000000, -1.000000000000000000, -0.000000000000000000 ) ) ;
#3530 = DIRECTION ( 'NONE',  ( 0.000000000000000000, 0.000000000000000000, 1.000000000000000000 ) ) ;
#3531 = VECTOR ( 'NONE', #1881, 1000.000000000000000 ) ;
#3532 = ADVANCED_FACE ( 'NONE', ( #3707 ), #3977, .F. ) ;
#3533 = ORIENTED_EDGE ( 'NONE', *, *, #3482, .T. ) ;
#3534 = AXIS2_PLACEMENT_3D ( 'NONE', #3438, #3128, #2490 ) ;
#3535 = LINE ( 'NONE', #447, #1309 ) ;
#3536 = LINE ( 'NONE', #1993, #1326 ) ;
#3537 = EDGE_LOOP ( 'NONE', ( #2718, #283, #1040, #3082 ) ) ;
#3538 = CARTESIAN_POINT ( 'NONE',  ( -19.99999999999999645, 7.000000000000000000, -11.99999999999997691 ) ) ;
#3539 = DIRECTION ( 'NONE',  ( -0.7071067811865451302, 0.7071067811865500152, 2.431525908079537687E-15 ) ) ;
#3540 = EDGE_LOOP ( 'NONE', ( #3458, #555, #2645, #392, #2861 ) ) ;
#3541 = FACE_OUTER_BOUND ( 'NONE', #1524, .T. ) ;
#3542 = EDGE_LOOP ( 'NONE', ( #162, #1157, #692, #3239 ) ) ;
#3543 = CARTESIAN_POINT ( 'NONE',  ( 17.00000000000000000, 7.000000000000000000, -11.99999999999999645 ) ) ;
#3544 = VERTEX_POINT ( 'NONE', #3323 ) ;
#3545 = EDGE_CURVE ( 'NONE', #1469, #1922, #3672, .T. ) ;
#3546 = DIRECTION ( 'NONE',  ( -0.000000000000000000, -0.000000000000000000, -1.000000000000000000 ) ) ;
#3547 = DIRECTION ( 'NONE',  ( 0.000000000000000000, 1.000000000000000000, 0.000000000000000000 ) ) ;
#3548 = EDGE_CURVE ( 'NONE', #147, #1813, #2996, .T. ) ;
#3549 = CARTESIAN_POINT ( 'NONE',  ( -13.99999999999999467, 10.00000000000000000, -15.00000000000000000 ) ) ;
#3550 = VERTEX_POINT ( 'NONE', #3646 ) ;
#3551 = EDGE_CURVE ( 'NONE', #217, #132, #355, .T. ) ;
#3552 = FACE_OUTER_BOUND ( 'NONE', #824, .T. ) ;
#3553 = ADVANCED_FACE ( 'NONE', ( #3065 ), #920, .F. ) ;
#3554 = FACE_OUTER_BOUND ( 'NONE', #745, .T. ) ;
#3555 = VERTEX_POINT ( 'NONE', #1836 ) ;
#3556 = VERTEX_POINT ( 'NONE', #538 ) ;
#3557 = DIRECTION ( 'NONE',  ( 0.000000000000000000, 0.000000000000000000, -1.000000000000000000 ) ) ;
#3558 = CARTESIAN_POINT ( 'NONE',  ( -14.99999999999999289, 4.999999999999997335, 0.9999999999999490408 ) ) ;
#3559 = VERTEX_POINT ( 'NONE', #3347 ) ;
#3560 = LINE ( 'NONE', #1086, #2433 ) ;
#3561 = ORIENTED_EDGE ( 'NONE', *, *, #3981, .T. ) ;
#3562 = ORIENTED_EDGE ( 'NONE', *, *, #3094, .T. ) ;
#3563 = FACE_OUTER_BOUND ( 'NONE', #3542, .T. ) ;
#3564 = ORIENTED_EDGE ( 'NONE', *, *, #428, .F. ) ;
#3565 = CARTESIAN_POINT ( 'NONE',  ( 14.00000000000000000, 1.000000000000000888, 12.00000000000000355 ) ) ;
#3566 = LINE ( 'NONE', #3635, #293 ) ;
#3567 = ORIENTED_EDGE ( 'NONE', *, *, #3738, .T. ) ;
#3568 = EDGE_LOOP ( 'NONE', ( #3735, #3857, #3183, #3750 ) ) ;
#3569 = LINE ( 'NONE', #221, #1128 ) ;
#3570 = EDGE_CURVE ( 'NONE', #1962, #326, #1911, .T. ) ;
#3571 = EDGE_CURVE ( 'NONE', #3295, #2774, #2830, .T. ) ;
#3572 = DIRECTION ( 'NONE',  ( 0.000000000000000000, 0.000000000000000000, 1.000000000000000000 ) ) ;
#3573 = AXIS2_PLACEMENT_3D ( 'NONE', #3613, #2967, #169 ) ;
#3574 = EDGE_CURVE ( 'NONE', #3907, #2750, #1539, .T. ) ;
#3575 = CARTESIAN_POINT ( 'NONE',  ( -9.299999999999995381, 10.00000000000000000, 2.000000000000000888 ) ) ;
#3576 = CARTESIAN_POINT ( 'NONE',  ( -12.99999999999999467, -0.000000000000000000, -8.999999999999955591 ) ) ;
#3577 = FACE_OUTER_BOUND ( 'NONE', #2218, .T. ) ;
#3578 = DIRECTION ( 'NONE',  ( 1.000000000000000000, 0.000000000000000000, -0.000000000000000000 ) ) ;
#3579 = AXIS2_PLACEMENT_3D ( 'NONE', #2835, #671, #4037 ) ;
#3580 = ORIENTED_EDGE ( 'NONE', *, *, #3734, .F. ) ;
#3581 = LINE ( 'NONE', #3229, #2361 ) ;
#3582 = ORIENTED_EDGE ( 'NONE', *, *, #2719, .T. ) ;
#3583 = DIRECTION ( 'NONE',  ( 0.000000000000000000, 0.000000000000000000, -1.000000000000000000 ) ) ;
#3584 = VECTOR ( 'NONE', #2406, 1000.000000000000000 ) ;
#3585 = ORIENTED_EDGE ( 'NONE', *, *, #1742, .F. ) ;
#3586 = VECTOR ( 'NONE', #3344, 1000.000000000000000 ) ;
#3587 = FACE_OUTER_BOUND ( 'NONE', #2309, .T. ) ;
#3588 = VECTOR ( 'NONE', #3688, 1000.000000000000000 ) ;
#3589 = CYLINDRICAL_SURFACE ( 'NONE', #3213, 1.600000000000002531 ) ;
#3590 = ORIENTED_EDGE ( 'NONE', *, *, #3774, .T. ) ;
#3591 = ORIENTED_EDGE ( 'NONE', *, *, #1363, .T. ) ;
#3592 = ORIENTED_EDGE ( 'NONE', *, *, #1093, .F. ) ;
#3593 = AXIS2_PLACEMENT_3D ( 'NONE', #64, #3510, #688 ) ;
#3594 = ORIENTED_EDGE ( 'NONE', *, *, #281, .T. ) ;
#3595 = DIRECTION ( 'NONE',  ( 1.445602896647341875E-16, -0.000000000000000000, 1.000000000000000000 ) ) ;
#3596 = VECTOR ( 'NONE', #3170, 1000.000000000000000 ) ;
#3597 = DIRECTION ( 'NONE',  ( -1.000000000000000000, 0.000000000000000000, 1.445602896647341875E-16 ) ) ;
#3598 = DIRECTION ( 'NONE',  ( -0.000000000000000000, -1.000000000000000000, -0.000000000000000000 ) ) ;
#3599 = CIRCLE ( 'NONE', #1533, 3.000000000000000888 ) ;
#3600 = LINE ( 'NONE', #795, #2623 ) ;
#3601 = ADVANCED_FACE ( 'NONE', ( #2436, #3087 ), #864, .T. ) ;
#3602 = DIRECTION ( 'NONE',  ( -1.000000000000000000, 0.000000000000000000, -3.430736969901751677E-15 ) ) ;
#3603 = EDGE_CURVE ( 'NONE', #2284, #2598, #3096, .T. ) ;
#3604 = AXIS2_PLACEMENT_3D ( 'NONE', #775, #2952, #3572 ) ;
#3605 = DIRECTION ( 'NONE',  ( 1.000000000000000000, 0.000000000000000000, 0.000000000000000000 ) ) ;
#3606 = ORIENTED_EDGE ( 'NONE', *, *, #747, .F. ) ;
#3607 = DIRECTION ( 'NONE',  ( 3.438696916467649099E-15, 0.000000000000000000, -1.000000000000000000 ) ) ;
#3608 = ORIENTED_EDGE ( 'NONE', *, *, #1507, .F. ) ;
#3609 = VERTEX_POINT ( 'NONE', #231 ) ;
#3610 = CARTESIAN_POINT ( 'NONE',  ( -13.29999999999999538, 7.000000000000000000, 2.000000000000001776 ) ) ;
#3611 = ORIENTED_EDGE ( 'NONE', *, *, #2391, .T. ) ;
#3612 = EDGE_LOOP ( 'NONE', ( #3122, #101, #1234, #289 ) ) ;
#3613 = CARTESIAN_POINT ( 'NONE',  ( -4.249999999999996447, 4.999999999999997335, -11.49999999999999822 ) ) ;
#3614 = CARTESIAN_POINT ( 'NONE',  ( 17.00000000000000000, 5.000000000000000000, -15.00000000000000000 ) ) ;
#3615 = ORIENTED_EDGE ( 'NONE', *, *, #472, .F. ) ;
#3616 = VECTOR ( 'NONE', #2234, 1000.000000000000000 ) ;
#3617 = LINE ( 'NONE', #2359, #3848 ) ;
#3618 = CARTESIAN_POINT ( 'NONE',  ( 8.250000000000003553, 0.000000000000000000, 13.00000000000000178 ) ) ;
#3619 = LINE ( 'NONE', #2796, #3852 ) ;
#3620 = ORIENTED_EDGE ( 'NONE', *, *, #256, .T. ) ;
#3621 = LINE ( 'NONE', #1776, #2398 ) ;
#3622 = VECTOR ( 'NONE', #2699, 1000.000000000000000 ) ;
#3623 = CARTESIAN_POINT ( 'NONE',  ( 17.00000000000000000, 4.999999999999997335, -11.99999999999999645 ) ) ;
#3624 = ORIENTED_EDGE ( 'NONE', *, *, #2166, .T. ) ;
#3625 = CARTESIAN_POINT ( 'NONE',  ( 14.00000000000000000, 45.04996878900156787, -9.000000000000049738 ) ) ;
#3626 = VERTEX_POINT ( 'NONE', #2411 ) ;
#3627 = DIRECTION ( 'NONE',  ( 0.000000000000000000, 0.000000000000000000, -1.000000000000000000 ) ) ;
#3628 = ORIENTED_EDGE ( 'NONE', *, *, #772, .F. ) ;
#3629 = CARTESIAN_POINT ( 'NONE',  ( -4.470305991407944065E-14, 4.999999999999997335, 13.00000000000000178 ) ) ;
#3630 = ADVANCED_FACE ( 'NONE', ( #1187 ), #565, .F. ) ;
#3631 = ORIENTED_EDGE ( 'NONE', *, *, #3385, .T. ) ;
#3632 = EDGE_CURVE ( 'NONE', #414, #1469, #906, .T. ) ;
#3633 = VERTEX_POINT ( 'NONE', #1517 ) ;
#3634 = DIRECTION ( 'NONE',  ( 0.000000000000000000, 0.000000000000000000, 1.000000000000000000 ) ) ;
#3635 = CARTESIAN_POINT ( 'NONE',  ( -16.99999999999999289, 7.000000000000000000, -13.59999999999999964 ) ) ;
#3636 = EDGE_LOOP ( 'NONE', ( #2532, #2878, #3978, #3899 ) ) ;
#3637 = VERTEX_POINT ( 'NONE', #3383 ) ;
#3638 = VERTEX_POINT ( 'NONE', #600 ) ;
#3639 = PLANE ( 'NONE',  #2755 ) ;
#3640 = PLANE ( 'NONE',  #1472 ) ;
#3641 = CARTESIAN_POINT ( 'NONE',  ( 8.250000000000003553, 7.000000000000000000, 15.00000000000000000 ) ) ;
#3642 = VECTOR ( 'NONE', #3776, 1000.000000000000000 ) ;
#3643 = ORIENTED_EDGE ( 'NONE', *, *, #526, .F. ) ;
#3644 = ORIENTED_EDGE ( 'NONE', *, *, #650, .T. ) ;
#3645 = LINE ( 'NONE', #4001, #2974 ) ;
#3646 = CARTESIAN_POINT ( 'NONE',  ( 14.00000000000000000, 5.000000000000000000, 11.00000000000005151 ) ) ;
#3647 = VECTOR ( 'NONE', #24, 1000.000000000000000 ) ;
#3648 = ORIENTED_EDGE ( 'NONE', *, *, #1892, .F. ) ;
#3649 = DIRECTION ( 'NONE',  ( -1.000000000000000000, 0.000000000000000000, -3.438696916467649099E-15 ) ) ;
#3650 = LINE ( 'NONE', #3352, #1454 ) ;
#3651 = DIRECTION ( 'NONE',  ( 0.000000000000000000, 0.000000000000000000, -1.000000000000000000 ) ) ;
#3652 = VERTEX_POINT ( 'NONE', #298 ) ;
#3653 = CARTESIAN_POINT ( 'NONE',  ( -8.249999999999994671, 7.000000000000000000, 15.00000000000000000 ) ) ;
#3654 = EDGE_CURVE ( 'NONE', #123, #1803, #2781, .T. ) ;
#3655 = ADVANCED_FACE ( 'NONE', ( #2476 ), #2157, .F. ) ;
#3656 = AXIS2_PLACEMENT_3D ( 'NONE', #3685, #2135, #2172 ) ;
#3657 = CARTESIAN_POINT ( 'NONE',  ( -16.99999999999997868, 7.000000000000000000, -15.00000000000000000 ) ) ;
#3658 = ORIENTED_EDGE ( 'NONE', *, *, #1124, .T. ) ;
#3659 = ADVANCED_FACE ( 'NONE', ( #331 ), #624, .F. ) ;
#3660 = AXIS2_PLACEMENT_3D ( 'NONE', #1906, #3159, #2138 ) ;
#3661 = ORIENTED_EDGE ( 'NONE', *, *, #1396, .F. ) ;
#3662 = AXIS2_PLACEMENT_3D ( 'NONE', #1125, #2363, #794 ) ;
#3663 = ORIENTED_EDGE ( 'NONE', *, *, #282, .T. ) ;
#3664 = DIRECTION ( 'NONE',  ( 1.000000000000000000, -0.000000000000000000, 3.438696916467649493E-15 ) ) ;
#3665 = ADVANCED_FACE ( 'NONE', ( #1932 ), #1571, .T. ) ;
#3666 = VECTOR ( 'NONE', #3706, 1000.000000000000000 ) ;
#3667 = DIRECTION ( 'NONE',  ( -0.000000000000000000, -1.000000000000000000, -0.000000000000000000 ) ) ;
#3668 = CARTESIAN_POINT ( 'NONE',  ( -7.049999999999997158, 7.000000000000000000, -0.9999999999999991118 ) ) ;
#3669 = CYLINDRICAL_SURFACE ( 'NONE', #2491, 1.499999999999999556 ) ;
#3670 = VECTOR ( 'NONE', #2375, 1000.000000000000000 ) ;
#3671 = FACE_OUTER_BOUND ( 'NONE', #309, .T. ) ;
#3672 = LINE ( 'NONE', #1478, #2112 ) ;
#3673 = VECTOR ( 'NONE', #1294, 1000.000000000000000 ) ;
#3674 = ORIENTED_EDGE ( 'NONE', *, *, #3010, .F. ) ;
#3675 = CARTESIAN_POINT ( 'NONE',  ( -13.99999999999999467, 10.00000000000000000, 15.00000000000000000 ) ) ;
#3676 = ORIENTED_EDGE ( 'NONE', *, *, #2120, .F. ) ;
#3677 = VECTOR ( 'NONE', #2136, 1000.000000000000000 ) ;
#3678 = LINE ( 'NONE', #608, #3931 ) ;
#3679 = ORIENTED_EDGE ( 'NONE', *, *, #280, .F. ) ;
#3680 = DIRECTION ( 'NONE',  ( 0.000000000000000000, 0.000000000000000000, 1.000000000000000000 ) ) ;
#3681 = DIRECTION ( 'NONE',  ( 0.000000000000000000, 0.000000000000000000, -1.000000000000000000 ) ) ;
#3682 = EDGE_LOOP ( 'NONE', ( #1706, #1341 ) ) ;
#3683 = ORIENTED_EDGE ( 'NONE', *, *, #226, .F. ) ;
#3684 = ADVANCED_FACE ( 'NONE', ( #2214 ), #1878, .F. ) ;
#3685 = CARTESIAN_POINT ( 'NONE',  ( 4.250000000000003553, 4.999999999999997335, -11.49999999999999822 ) ) ;
#3686 = CARTESIAN_POINT ( 'NONE',  ( -8.164213562373081601, 45.04996878900156787, 10.99999999999997335 ) ) ;
#3687 = EDGE_CURVE ( 'NONE', #2889, #1718, #1393, .T. ) ;
#3688 = DIRECTION ( 'NONE',  ( -0.000000000000000000, -1.000000000000000000, -0.000000000000000000 ) ) ;
#3689 = EDGE_CURVE ( 'NONE', #414, #783, #4038, .T. ) ;
#3690 = DIRECTION ( 'NONE',  ( 1.000000000000000000, 0.000000000000000000, 0.000000000000000000 ) ) ;
#3691 = DIRECTION ( 'NONE',  ( 0.000000000000000000, 0.000000000000000000, -1.000000000000000000 ) ) ;
#3692 = DIRECTION ( 'NONE',  ( 0.000000000000000000, -0.000000000000000000, 1.000000000000000000 ) ) ;
#3693 = VERTEX_POINT ( 'NONE', #2853 ) ;
#3694 = CIRCLE ( 'NONE', #1026, 2.999999999999999112 ) ;
#3695 = DIRECTION ( 'NONE',  ( -0.000000000000000000, -0.000000000000000000, 1.000000000000000000 ) ) ;
#3696 = CARTESIAN_POINT ( 'NONE',  ( 13.00000000000000888, 0.000000000000000000, -13.00000000000004619 ) ) ;
#3697 = ORIENTED_EDGE ( 'NONE', *, *, #2859, .T. ) ;
#3698 = CARTESIAN_POINT ( 'NONE',  ( 0.000000000000000000, 5.000000000000000000, 0.000000000000000000 ) ) ;
#3699 = CARTESIAN_POINT ( 'NONE',  ( -13.99999999999999467, 1.000000000000007772, -12.99999999999995204 ) ) ;
#3700 = ORIENTED_EDGE ( 'NONE', *, *, #3382, .T. ) ;
#3701 = CARTESIAN_POINT ( 'NONE',  ( -16.99999999999999645, 7.000000000000000000, 12.00000000000000000 ) ) ;
#3702 = DIRECTION ( 'NONE',  ( -0.000000000000000000, -1.000000000000000000, -0.000000000000000000 ) ) ;
#3703 = DIRECTION ( 'NONE',  ( -0.7071067811865464625, 0.7071067811865485719, 1.022195611122249672E-16 ) ) ;
#3704 = ADVANCED_FACE ( 'NONE', ( #940, #3476 ), #315, .T. ) ;
#3705 = ADVANCED_FACE ( 'NONE', ( #1555 ), #977, .F. ) ;
#3706 = DIRECTION ( 'NONE',  ( 0.000000000000000000, 1.000000000000000000, 0.000000000000000000 ) ) ;
#3707 = FACE_OUTER_BOUND ( 'NONE', #2681, .T. ) ;
#3708 = EDGE_CURVE ( 'NONE', #2348, #2202, #1259, .T. ) ;
#3709 = ORIENTED_EDGE ( 'NONE', *, *, #421, .T. ) ;
#3710 = ORIENTED_EDGE ( 'NONE', *, *, #2367, .F. ) ;
#3711 = DIRECTION ( 'NONE',  ( -0.000000000000000000, -1.000000000000000000, -0.000000000000000000 ) ) ;
#3712 = VECTOR ( 'NONE', #3634, 1000.000000000000000 ) ;
#3713 = LINE ( 'NONE', #3353, #2765 ) ;
#3714 = ORIENTED_EDGE ( 'NONE', *, *, #1716, .F. ) ;
#3715 = CARTESIAN_POINT ( 'NONE',  ( -7.049999999999997158, 7.000000000000000000, 2.000000000000000888 ) ) ;
#3716 = FACE_OUTER_BOUND ( 'NONE', #3568, .T. ) ;
#3717 = EDGE_LOOP ( 'NONE', ( #3700, #808, #1412, #3836 ) ) ;
#3718 = ORIENTED_EDGE ( 'NONE', *, *, #1845, .T. ) ;
#3719 = ORIENTED_EDGE ( 'NONE', *, *, #2615, .F. ) ;
#3720 = ORIENTED_EDGE ( 'NONE', *, *, #965, .F. ) ;
#3721 = VECTOR ( 'NONE', #1945, 1000.000000000000000 ) ;
#3722 = CARTESIAN_POINT ( 'NONE',  ( 14.99999999999999289, 0.000000000000000000, -5.000000000000052403 ) ) ;
#3723 = DIRECTION ( 'NONE',  ( -2.891205793294678326E-16, 0.000000000000000000, 1.000000000000000000 ) ) ;
#3724 = DIRECTION ( 'NONE',  ( 1.000000000000000000, 0.000000000000000000, 5.782411586589351722E-16 ) ) ;
#3725 = AXIS2_PLACEMENT_3D ( 'NONE', #846, #2741, #1805 ) ;
#3726 = LINE ( 'NONE', #3402, #2891 ) ;
#3727 = EDGE_CURVE ( 'NONE', #3523, #1700, #2872, .T. ) ;
#3728 = AXIS2_PLACEMENT_3D ( 'NONE', #2851, #2566, #404 ) ;
#3729 = EDGE_CURVE ( 'NONE', #3184, #1463, #69, .T. ) ;
#3730 = ORIENTED_EDGE ( 'NONE', *, *, #2280, .T. ) ;
#3731 = LINE ( 'NONE', #3789, #1222 ) ;
#3732 = VECTOR ( 'NONE', #1724, 1000.000000000000000 ) ;
#3733 = CARTESIAN_POINT ( 'NONE',  ( -13.00000000000003020, 3.610631762291023468E-14, -8.999999999999955591 ) ) ;
#3734 = EDGE_CURVE ( 'NONE', #1700, #2998, #2195, .T. ) ;
#3735 = ORIENTED_EDGE ( 'NONE', *, *, #3264, .F. ) ;
#3736 = VECTOR ( 'NONE', #2040, 1000.000000000000000 ) ;
#3737 = DIRECTION ( 'NONE',  ( -1.445602896647341875E-16, -0.000000000000000000, -1.000000000000000000 ) ) ;
#3738 = EDGE_CURVE ( 'NONE', #1153, #300, #3808, .T. ) ;
#3739 = DIRECTION ( 'NONE',  ( -1.000000000000000000, 0.000000000000000000, -0.000000000000000000 ) ) ;
#3740 = AXIS2_PLACEMENT_3D ( 'NONE', #2754, #3996, #1206 ) ;
#3741 = ORIENTED_EDGE ( 'NONE', *, *, #1717, .T. ) ;
#3742 = CARTESIAN_POINT ( 'NONE',  ( -15.95096189432331890, 0.9509618943233373312, -5.750000000000004441 ) ) ;
#3743 = DIRECTION ( 'NONE',  ( -0.000000000000000000, -0.000000000000000000, -1.000000000000000000 ) ) ;
#3744 = CARTESIAN_POINT ( 'NONE',  ( 5.750000000000003553, 6.999999999999999112, -11.50000000000000888 ) ) ;
#3745 = ADVANCED_BREP_SHAPE_REPRESENTATION ( '\X2\042004300434043804300442043e0440\X0\', ( #1606, #1006 ), #359 ) ;
#3746 = CARTESIAN_POINT ( 'NONE',  ( 14.00000000000000000, 45.04996878900156787, -11.00000000000004974 ) ) ;
#3747 = ORIENTED_EDGE ( 'NONE', *, *, #715, .T. ) ;
#3748 = LINE ( 'NONE', #34, #1090 ) ;
#3749 = CARTESIAN_POINT ( 'NONE',  ( 25.00000000000000711, 31.00000000000000000, -4.499999999999995559 ) ) ;
#3750 = ORIENTED_EDGE ( 'NONE', *, *, #2863, .T. ) ;
#3751 = CARTESIAN_POINT ( 'NONE',  ( -3.782566608114415034E-14, -0.000000000000000000, 11.00000000000000178 ) ) ;
#3752 = EDGE_CURVE ( 'NONE', #1712, #1803, #3785, .T. ) ;
#3753 = EDGE_CURVE ( 'NONE', #2534, #3526, #3726, .T. ) ;
#3754 = LINE ( 'NONE', #720, #3796 ) ;
#3755 = ORIENTED_EDGE ( 'NONE', *, *, #631, .T. ) ;
#3756 = EDGE_CURVE ( 'NONE', #3854, #3354, #2799, .T. ) ;
#3757 = ORIENTED_EDGE ( 'NONE', *, *, #2286, .T. ) ;
#3758 = DIRECTION ( 'NONE',  ( 0.000000000000000000, -1.000000000000000000, 0.000000000000000000 ) ) ;
#3759 = DIRECTION ( 'NONE',  ( 1.000000000000000000, 0.000000000000000000, -3.438696916467649099E-15 ) ) ;
#3760 = CIRCLE ( 'NONE', #2004, 2.999999999999999112 ) ;
#3761 = CARTESIAN_POINT ( 'NONE',  ( 17.00000000000000000, 10.00000000000000000, 10.40000000000000213 ) ) ;
#3762 = DIRECTION ( 'NONE',  ( -0.000000000000000000, -1.000000000000000000, -0.000000000000000000 ) ) ;
#3763 = DIRECTION ( 'NONE',  ( -0.000000000000000000, -1.000000000000000000, -0.000000000000000000 ) ) ;
#3764 = ORIENTED_EDGE ( 'NONE', *, *, #3474, .T. ) ;
#3765 = DIRECTION ( 'NONE',  ( -1.000000000000000000, 0.000000000000000000, -3.438696916467649493E-15 ) ) ;
#3766 = CARTESIAN_POINT ( 'NONE',  ( 14.00000000000000178, 1.000000000000000888, 15.00000000000000000 ) ) ;
#3767 = ORIENTED_EDGE ( 'NONE', *, *, #2493, .F. ) ;
#3768 = CARTESIAN_POINT ( 'NONE',  ( 20.00000000000000355, 7.000000000000000000, -11.99999999999997868 ) ) ;
#3769 = VERTEX_POINT ( 'NONE', #1894 ) ;
#3770 = CARTESIAN_POINT ( 'NONE',  ( -16.99999999999999289, 10.00000000000000000, -11.99999999999999645 ) ) ;
#3771 = AXIS2_PLACEMENT_3D ( 'NONE', #55, #1883, #950 ) ;
#3772 =( BOUNDED_CURVE ( )  B_SPLINE_CURVE ( 3, ( #1586, #3742, #1852, #3160 ),
 .UNSPECIFIED., .F., .T. ) 
 B_SPLINE_CURVE_WITH_KNOTS ( ( 4, 4 ),
 ( 4.712388980384682569, 5.759586531581325275 ),
 .UNSPECIFIED. ) 
 CURVE ( )  GEOMETRIC_REPRESENTATION_ITEM ( )  RATIONAL_B_SPLINE_CURVE ( ( 1.000000000000000000, 0.9106836025229514409, 0.9106836025229514409, 1.000000000000000000 ) ) 
 REPRESENTATION_ITEM ( '' )  );
#3773 = VERTEX_POINT ( 'NONE', #3145 ) ;
#3774 = EDGE_CURVE ( 'NONE', #703, #3790, #350, .T. ) ;
#3775 = ADVANCED_FACE ( 'NONE', ( #450 ), #1691, .F. ) ;
#3776 = DIRECTION ( 'NONE',  ( -0.7071067811865485719, -0.7071067811865465735, 2.420268843690292097E-15 ) ) ;
#3777 = DIRECTION ( 'NONE',  ( -0.000000000000000000, -1.000000000000000000, -0.000000000000000000 ) ) ;
#3778 = EDGE_CURVE ( 'NONE', #2330, #3165, #1788, .T. ) ;
#3779 = DIRECTION ( 'NONE',  ( 0.7071067811865500152, 0.7071067811865451302, -8.177564888978035832E-16 ) ) ;
#3780 = VECTOR ( 'NONE', #623, 1000.000000000000000 ) ;
#3781 = DIRECTION ( 'NONE',  ( -1.000000000000000000, 0.000000000000000000, 0.000000000000000000 ) ) ;
#3782 = CARTESIAN_POINT ( 'NONE',  ( 6.150000000000007461, 8.900000000000000355, -2.500000000000001332 ) ) ;
#3783 = EDGE_CURVE ( 'NONE', #1483, #2998, #3844, .T. ) ;
#3784 = VECTOR ( 'NONE', #2153, 1000.000000000000000 ) ;
#3785 = LINE ( 'NONE', #1019, #625 ) ;
#3786 = ORIENTED_EDGE ( 'NONE', *, *, #2644, .F. ) ;
#3787 = EDGE_LOOP ( 'NONE', ( #2709, #3488 ) ) ;
#3788 = AXIS2_PLACEMENT_3D ( 'NONE', #1430, #199, #535 ) ;
#3789 = CARTESIAN_POINT ( 'NONE',  ( -13.29999999999999538, 7.000000000000000000, -0.9999999999999991118 ) ) ;
#3790 = VERTEX_POINT ( 'NONE', #2256 ) ;
#3791 = FACE_OUTER_BOUND ( 'NONE', #1485, .T. ) ;
#3792 = VECTOR ( 'NONE', #1538, 1000.000000000000000 ) ;
#3793 = DIRECTION ( 'NONE',  ( -1.000000000000000000, -0.000000000000000000, -5.782411586589345806E-16 ) ) ;
#3794 = ORIENTED_EDGE ( 'NONE', *, *, #2933, .F. ) ;
#3795 = LINE ( 'NONE', #2200, #3647 ) ;
#3796 = VECTOR ( 'NONE', #3444, 1000.000000000000000 ) ;
#3797 = ORIENTED_EDGE ( 'NONE', *, *, #3632, .T. ) ;
#3798 = LINE ( 'NONE', #3487, #2827 ) ;
#3799 = AXIS2_PLACEMENT_3D ( 'NONE', #1107, #136, #2344 ) ;
#3800 = VERTEX_POINT ( 'NONE', #130 ) ;
#3801 = CARTESIAN_POINT ( 'NONE',  ( -19.99999999999999645, 7.000000000000000000, -11.99999999999997691 ) ) ;
#3802 = CARTESIAN_POINT ( 'NONE',  ( 4.250000000000003553, 6.999999999999999112, -11.49999999999999822 ) ) ;
#3803 = CARTESIAN_POINT ( 'NONE',  ( -9.299999999999995381, 7.000000000000000000, 2.000000000000000888 ) ) ;
#3804 = EDGE_CURVE ( 'NONE', #1712, #2969, #2319, .T. ) ;
#3805 = CARTESIAN_POINT ( 'NONE',  ( -3.049999999999995381, 9.000000000000001776, 2.000000000000000888 ) ) ;
#3806 = DIRECTION ( 'NONE',  ( 3.438696916467649099E-15, 0.000000000000000000, -1.000000000000000000 ) ) ;
#3807 = ADVANCED_FACE ( 'NONE', ( #711 ), #3870, .F. ) ;
#3808 = LINE ( 'NONE', #3746, #2373 ) ;
#3809 = EDGE_CURVE ( 'NONE', #132, #3550, #2633, .T. ) ;
#3810 = ORIENTED_EDGE ( 'NONE', *, *, #1668, .T. ) ;
#3811 = DIRECTION ( 'NONE',  ( 0.000000000000000000, 0.000000000000000000, -1.000000000000000000 ) ) ;
#3812 = LINE ( 'NONE', #3733, #2045 ) ;
#3813 = ORIENTED_EDGE ( 'NONE', *, *, #526, .T. ) ;
#3814 = CARTESIAN_POINT ( 'NONE',  ( -13.99999999999999467, 10.00000000000000000, -15.00000000000000000 ) ) ;
#3815 = VERTEX_POINT ( 'NONE', #754 ) ;
#3816 = CARTESIAN_POINT ( 'NONE',  ( -19.99999999999999645, 7.000000000000000000, 5.750000000000000000 ) ) ;
#3817 = EDGE_LOOP ( 'NONE', ( #276, #1446, #1543, #661 ) ) ;
#3818 = ORIENTED_EDGE ( 'NONE', *, *, #3477, .T. ) ;
#3819 = CARTESIAN_POINT ( 'NONE',  ( -16.49999999999999289, 31.00000000000000000, -4.249999999999999112 ) ) ;
#3820 = ORIENTED_EDGE ( 'NONE', *, *, #3143, .T. ) ;
#3821 = ORIENTED_EDGE ( 'NONE', *, *, #1742, .T. ) ;
#3822 = CARTESIAN_POINT ( 'NONE',  ( -16.99999999999997868, 7.000000000000000000, 15.00000000000000000 ) ) ;
#3823 = DIRECTION ( 'NONE',  ( -1.000000000000000000, 0.000000000000000000, -0.000000000000000000 ) ) ;
#3824 = CARTESIAN_POINT ( 'NONE',  ( 4.249999999999993783, 0.000000000000000000, -9.999999999999998224 ) ) ;
#3825 = DIRECTION ( 'NONE',  ( 0.000000000000000000, 0.000000000000000000, 1.000000000000000000 ) ) ;
#3826 = LINE ( 'NONE', #1648, #1519 ) ;
#3827 = CARTESIAN_POINT ( 'NONE',  ( -12.99999999999999467, 0.000000000000000000, 12.00000000000000000 ) ) ;
#3828 = VERTEX_POINT ( 'NONE', #1429 ) ;
#3829 = EDGE_CURVE ( 'NONE', #3071, #3559, #561, .T. ) ;
#3830 = EDGE_CURVE ( 'NONE', #54, #3174, #732, .T. ) ;
#3831 = DIRECTION ( 'NONE',  ( 0.000000000000000000, -0.000000000000000000, 1.000000000000000000 ) ) ;
#3832 = ADVANCED_FACE ( 'NONE', ( #3554 ), #432, .F. ) ;
#3833 = CARTESIAN_POINT ( 'NONE',  ( -16.99999999999999289, 5.000000000000000000, 15.00000000000000711 ) ) ;
#3834 = ORIENTED_EDGE ( 'NONE', *, *, #947, .F. ) ;
#3835 = CARTESIAN_POINT ( 'NONE',  ( -4.470305991407944065E-14, -0.000000000000000000, 13.00000000000000178 ) ) ;
#3836 = ORIENTED_EDGE ( 'NONE', *, *, #1795, .T. ) ;
#3837 = CARTESIAN_POINT ( 'NONE',  ( 30.02498439450074841, 15.02498439450071466, 5.000000000000103029 ) ) ;
#3838 = ORIENTED_EDGE ( 'NONE', *, *, #3654, .T. ) ;
#3839 = DIRECTION ( 'NONE',  ( 0.000000000000000000, 0.000000000000000000, -1.000000000000000000 ) ) ;
#3840 = DIRECTION ( 'NONE',  ( 0.000000000000000000, 1.000000000000000000, 0.000000000000000000 ) ) ;
#3841 = LINE ( 'NONE', #1928, #1584 ) ;
#3842 = ORIENTED_EDGE ( 'NONE', *, *, #1865, .F. ) ;
#3843 = LINE ( 'NONE', #1709, #474 ) ;
#3844 = LINE ( 'NONE', #3496, #1073 ) ;
#3845 = ORIENTED_EDGE ( 'NONE', *, *, #1221, .T. ) ;
#3846 = EDGE_LOOP ( 'NONE', ( #2170, #388, #2655, #128 ) ) ;
#3847 = CARTESIAN_POINT ( 'NONE',  ( -12.99999999999999467, 0.000000000000000000, -15.00000000000000000 ) ) ;
#3848 = VECTOR ( 'NONE', #3595, 1000.000000000000000 ) ;
#3849 = DIRECTION ( 'NONE',  ( 5.782411586589365527E-16, 0.000000000000000000, 1.000000000000000000 ) ) ;
#3850 = VECTOR ( 'NONE', #3380, 1000.000000000000000 ) ;
#3851 = ADVANCED_FACE ( 'NONE', ( #1058 ), #1103, .F. ) ;
#3852 = VECTOR ( 'NONE', #4036, 1000.000000000000000 ) ;
#3853 = ADVANCED_FACE ( 'NONE', ( #2893 ), #1382, .F. ) ;
#3854 = VERTEX_POINT ( 'NONE', #2012 ) ;
#3855 = DIRECTION ( 'NONE',  ( -3.438696916467649099E-15, 0.000000000000000000, -1.000000000000000000 ) ) ;
#3856 = VECTOR ( 'NONE', #1567, 1000.000000000000000 ) ;
#3857 = ORIENTED_EDGE ( 'NONE', *, *, #2960, .T. ) ;
#3858 = CARTESIAN_POINT ( 'NONE',  ( 14.00000000000000178, 5.000000000000000000, 15.00000000000000000 ) ) ;
#3859 = EDGE_CURVE ( 'NONE', #2348, #986, #469, .T. ) ;
#3860 = EDGE_CURVE ( 'NONE', #54, #1160, #1406, .T. ) ;
#3861 = EDGE_LOOP ( 'NONE', ( #3502, #1044, #2523, #3368 ) ) ;
#3862 = VECTOR ( 'NONE', #1581, 1000.000000000000000 ) ;
#3863 = LINE ( 'NONE', #2921, #2085 ) ;
#3864 = CARTESIAN_POINT ( 'NONE',  ( 17.00000000000000000, 10.00000000000000000, -11.99999999999999645 ) ) ;
#3865 = CARTESIAN_POINT ( 'NONE',  ( -16.99999999999999289, 7.000000000000000000, -8.999999999999998224 ) ) ;
#3866 = VECTOR ( 'NONE', #3227, 1000.000000000000000 ) ;
#3867 = ORIENTED_EDGE ( 'NONE', *, *, #2011, .F. ) ;
#3868 = ORIENTED_EDGE ( 'NONE', *, *, #3166, .T. ) ;
#3869 = DIRECTION ( 'NONE',  ( 0.000000000000000000, 0.000000000000000000, 1.000000000000000000 ) ) ;
#3870 = PLANE ( 'NONE',  #1208 ) ;
#3871 = VECTOR ( 'NONE', #3724, 1000.000000000000000 ) ;
#3872 = ORIENTED_EDGE ( 'NONE', *, *, #165, .T. ) ;
#3873 = CARTESIAN_POINT ( 'NONE',  ( 6.150000000000007461, 7.000000000000000000, 2.499999999999998668 ) ) ;
#3874 = CARTESIAN_POINT ( 'NONE',  ( 17.00000000000000000, 7.000000000000000000, 10.40000000000000213 ) ) ;
#3875 = EDGE_LOOP ( 'NONE', ( #1133, #491, #3230, #1215 ) ) ;
#3876 = CARTESIAN_POINT ( 'NONE',  ( 17.00000000000000000, 10.00000000000000000, -10.39999999999999503 ) ) ;
#3877 = VERTEX_POINT ( 'NONE', #111 ) ;
#3878 = ORIENTED_EDGE ( 'NONE', *, *, #1389, .T. ) ;
#3879 = CARTESIAN_POINT ( 'NONE',  ( 15.00000000000000711, 0.000000000000000000, 1.000000000000000444 ) ) ;
#3880 = EDGE_LOOP ( 'NONE', ( #1639, #3631, #2790, #2126, #2916, #2991 ) ) ;
#3881 = CARTESIAN_POINT ( 'NONE',  ( -12.99999999999999467, 0.000000000000000000, 12.00000000000000000 ) ) ;
#3882 = EDGE_CURVE ( 'NONE', #3296, #3031, #3224, .T. ) ;
#3883 = EDGE_CURVE ( 'NONE', #2306, #300, #3536, .T. ) ;
#3884 = DIRECTION ( 'NONE',  ( -1.000000000000000000, -0.000000000000000000, -5.782411586589345806E-16 ) ) ;
#3885 = EDGE_CURVE ( 'NONE', #3005, #1027, #2339, .T. ) ;
#3886 = CIRCLE ( 'NONE', #697, 1.600000000000002531 ) ;
#3887 = VERTEX_POINT ( 'NONE', #2454 ) ;
#3888 = LINE ( 'NONE', #2892, #798 ) ;
#3889 = AXIS2_PLACEMENT_3D ( 'NONE', #2413, #3607, #3649 ) ;
#3890 = CARTESIAN_POINT ( 'NONE',  ( 6.150000000000007461, 10.00000000000000000, -2.500000000000001332 ) ) ;
#3891 = CARTESIAN_POINT ( 'NONE',  ( -14.00000000000000000, 45.04996878900156787, 10.99999999999995204 ) ) ;
#3892 = CARTESIAN_POINT ( 'NONE',  ( 14.00000000000000000, 1.000000000000000888, 12.00000000000000355 ) ) ;
#3893 = CARTESIAN_POINT ( 'NONE',  ( 5.750000000000003553, 0.000000000000000000, -13.00000000000000178 ) ) ;
#3894 = CARTESIAN_POINT ( 'NONE',  ( -4.249999999999985789, 31.00000000000000000, -9.999999999999998224 ) ) ;
#3895 = VECTOR ( 'NONE', #2852, 1000.000000000000000 ) ;
#3896 = ORIENTED_EDGE ( 'NONE', *, *, #1696, .F. ) ;
#3897 = PLANE ( 'NONE',  #343 ) ;
#3898 = ORIENTED_EDGE ( 'NONE', *, *, #2687, .F. ) ;
#3899 = ORIENTED_EDGE ( 'NONE', *, *, #2288, .T. ) ;
#3900 = FACE_OUTER_BOUND ( 'NONE', #2044, .T. ) ;
#3901 = ORIENTED_EDGE ( 'NONE', *, *, #772, .T. ) ;
#3902 = ORIENTED_EDGE ( 'NONE', *, *, #1018, .F. ) ;
#3903 = DIRECTION ( 'NONE',  ( 0.000000000000000000, 0.000000000000000000, -1.000000000000000000 ) ) ;
#3904 = DIRECTION ( 'NONE',  ( -1.000000000000000000, -0.000000000000000000, -0.000000000000000000 ) ) ;
#3905 = EDGE_CURVE ( 'NONE', #1471, #2345, #1917, .T. ) ;
#3906 = EDGE_CURVE ( 'NONE', #2955, #912, #2362, .T. ) ;
#3907 = VERTEX_POINT ( 'NONE', #1534 ) ;
#3908 = CARTESIAN_POINT ( 'NONE',  ( -3.782566608114415034E-14, 4.999999999999997335, 11.00000000000000178 ) ) ;
#3909 = CARTESIAN_POINT ( 'NONE',  ( 13.00000000000000888, 0.000000000000000000, 12.00000000000000000 ) ) ;
#3910 = AXIS2_PLACEMENT_3D ( 'NONE', #1139, #3528, #2331 ) ;
#3911 = DIRECTION ( 'NONE',  ( -0.000000000000000000, -1.000000000000000000, -0.000000000000000000 ) ) ;
#3912 = EDGE_LOOP ( 'NONE', ( #3901, #3079, #3439, #2854, #2808, #1550, #2518 ) ) ;
#3913 = CARTESIAN_POINT ( 'NONE',  ( 14.00000000000000000, 5.000000000000000000, -11.99999999999999645 ) ) ;
#3914 = DIRECTION ( 'NONE',  ( -0.000000000000000000, -1.000000000000000000, -0.000000000000000000 ) ) ;
#3915 = VERTEX_POINT ( 'NONE', #2054 ) ;
#3916 = CARTESIAN_POINT ( 'NONE',  ( -4.470305991407944065E-14, 45.04996878900156787, -13.00000000000000178 ) ) ;
#3917 = ORIENTED_EDGE ( 'NONE', *, *, #907, .T. ) ;
#3918 = AXIS2_PLACEMENT_3D ( 'NONE', #3321, #1495, #181 ) ;
#3919 = ORIENTED_EDGE ( 'NONE', *, *, #3937, .F. ) ;
#3920 = PLANE ( 'NONE',  #2504 ) ;
#3921 = VECTOR ( 'NONE', #2452, 1000.000000000000000 ) ;
#3922 = VERTEX_POINT ( 'NONE', #2073 ) ;
#3923 = ORIENTED_EDGE ( 'NONE', *, *, #2010, .F. ) ;
#3924 = CARTESIAN_POINT ( 'NONE',  ( -16.49999999999999289, 6.999999999999999112, -4.249999999999999112 ) ) ;
#3925 = CIRCLE ( 'NONE', #3086, 1.499999999999999556 ) ;
#3926 = CARTESIAN_POINT ( 'NONE',  ( -5.664213562373085153, 0.000000000000000000, -10.99999999999998224 ) ) ;
#3927 = ORIENTED_EDGE ( 'NONE', *, *, #1645, .T. ) ;
#3928 = AXIS2_PLACEMENT_3D ( 'NONE', #2466, #2502, #876 ) ;
#3929 = ORIENTED_EDGE ( 'NONE', *, *, #3906, .T. ) ;
#3930 = SURFACE_STYLE_USAGE ( .BOTH. , #3359 ) ;
#3931 = VECTOR ( 'NONE', #4026, 1000.000000000000000 ) ;
#3932 = CARTESIAN_POINT ( 'NONE',  ( 17.00000000000000711, 7.000000000000000000, 12.00000000000000000 ) ) ;
#3933 = DIRECTION ( 'NONE',  ( 1.000000000000000000, 0.000000000000000000, -1.156482317317873105E-15 ) ) ;
#3934 = VECTOR ( 'NONE', #3763, 1000.000000000000000 ) ;
#3935 = LINE ( 'NONE', #1149, #869 ) ;
#3936 = CARTESIAN_POINT ( 'NONE',  ( -1.029221090970525543E-14, 45.04996878900156787, 3.000000000000000000 ) ) ;
#3937 = EDGE_CURVE ( 'NONE', #3773, #1870, #1183, .T. ) ;
#3938 = AXIS2_PLACEMENT_3D ( 'NONE', #3378, #2777, #1163 ) ;
#3939 = CARTESIAN_POINT ( 'NONE',  ( -4.249999999999985789, 0.000000000000000000, -9.999999999999998224 ) ) ;
#3940 = ADVANCED_FACE ( 'NONE', ( #3342 ), #1473, .F. ) ;
#3941 = VERTEX_POINT ( 'NONE', #3618 ) ;
#3942 = PLANE ( 'NONE',  #1348 ) ;
#3943 = EDGE_LOOP ( 'NONE', ( #2052, #815, #89, #3035 ) ) ;
#3944 = FACE_OUTER_BOUND ( 'NONE', #634, .T. ) ;
#3945 = ORIENTED_EDGE ( 'NONE', *, *, #1498, .F. ) ;
#3946 = LINE ( 'NONE', #2129, #416 ) ;
#3947 = ORIENTED_EDGE ( 'NONE', *, *, #2988, .T. ) ;
#3948 = DIRECTION ( 'NONE',  ( 1.000000000000000000, 0.000000000000000000, 0.000000000000000000 ) ) ;
#3949 = DIRECTION ( 'NONE',  ( 1.000000000000000000, -0.000000000000000000, -0.000000000000000000 ) ) ;
#3950 = ORIENTED_EDGE ( 'NONE', *, *, #2010, .T. ) ;
#3951 = ORIENTED_EDGE ( 'NONE', *, *, #4017, .F. ) ;
#3952 = FACE_OUTER_BOUND ( 'NONE', #336, .T. ) ;
#3953 = VECTOR ( 'NONE', #3245, 1000.000000000000114 ) ;
#3954 = LINE ( 'NONE', #2487, #2555 ) ;
#3955 = LINE ( 'NONE', #1165, #930 ) ;
#3956 = CARTESIAN_POINT ( 'NONE',  ( -14.99999999999999289, -0.000000000000000000, 3.000000000000008438 ) ) ;
#3957 = VECTOR ( 'NONE', #844, 1000.000000000000000 ) ;
#3958 = DIRECTION ( 'NONE',  ( 0.000000000000000000, 1.000000000000000000, 0.000000000000000000 ) ) ;
#3959 = EDGE_CURVE ( 'NONE', #781, #2284, #1796, .T. ) ;
#3960 = ADVANCED_FACE ( 'NONE', ( #3952 ), #3043, .F. ) ;
#3961 = ORIENTED_EDGE ( 'NONE', *, *, #1842, .T. ) ;
#3962 = DIRECTION ( 'NONE',  ( 0.000000000000000000, 1.000000000000000000, 0.000000000000000000 ) ) ;
#3963 = ADVANCED_FACE ( 'NONE', ( #2407 ), #3319, .F. ) ;
#3964 = CARTESIAN_POINT ( 'NONE',  ( 6.150000000000007461, 7.000000000000000000, -2.500000000000001332 ) ) ;
#3965 = ORIENTED_EDGE ( 'NONE', *, *, #3475, .F. ) ;
#3966 = CARTESIAN_POINT ( 'NONE',  ( -3.049999999999996714, 10.00000000000000000, -0.9999999999999991118 ) ) ;
#3967 = ORIENTED_EDGE ( 'NONE', *, *, #3094, .F. ) ;
#3968 = DIRECTION ( 'NONE',  ( 2.891205793294678326E-16, 0.000000000000000000, -1.000000000000000000 ) ) ;
#3969 = FACE_OUTER_BOUND ( 'NONE', #3846, .T. ) ;
#3970 = ORIENTED_EDGE ( 'NONE', *, *, #2590, .T. ) ;
#3971 = EDGE_LOOP ( 'NONE', ( #1862, #761, #262, #510 ) ) ;
#3972 = ORIENTED_EDGE ( 'NONE', *, *, #1283, .F. ) ;
#3973 = CARTESIAN_POINT ( 'NONE',  ( -16.49999999999999289, 6.999999999999999112, 4.250000000000000888 ) ) ;
#3974 = LINE ( 'NONE', #2121, #3588 ) ;
#3975 = FACE_OUTER_BOUND ( 'NONE', #152, .T. ) ;
#3976 = DIRECTION ( 'NONE',  ( 0.000000000000000000, 0.000000000000000000, 1.000000000000000000 ) ) ;
#3977 = PLANE ( 'NONE',  #3466 ) ;
#3978 = ORIENTED_EDGE ( 'NONE', *, *, #797, .F. ) ;
#3979 = LINE ( 'NONE', #2999, #3120 ) ;
#3980 = DIRECTION ( 'NONE',  ( 0.000000000000000000, 1.000000000000000000, 0.000000000000000000 ) ) ;
#3981 = EDGE_CURVE ( 'NONE', #2943, #1330, #2385, .T. ) ;
#3982 = EDGE_CURVE ( 'NONE', #1118, #2381, #425, .T. ) ;
#3983 = CARTESIAN_POINT ( 'NONE',  ( 13.00000000000000888, 0.000000000000000000, -9.000000000000046185 ) ) ;
#3984 = EDGE_CURVE ( 'NONE', #379, #1635, #1772, .T. ) ;
#3985 = ORIENTED_EDGE ( 'NONE', *, *, #2039, .T. ) ;
#3986 = LINE ( 'NONE', #3715, #2419 ) ;
#3987 = ADVANCED_FACE ( 'NONE', ( #595 ), #2993, .T. ) ;
#3988 = VECTOR ( 'NONE', #3869, 1000.000000000000000 ) ;
#3989 = PLANE ( 'NONE',  #3928 ) ;
#3990 = ORIENTED_EDGE ( 'NONE', *, *, #1523, .F. ) ;
#3991 = ADVANCED_FACE ( 'NONE', ( #1832 ), #3640, .F. ) ;
#3992 = ORIENTED_EDGE ( 'NONE', *, *, #2367, .T. ) ;
#3993 = VECTOR ( 'NONE', #3283, 1000.000000000000000 ) ;
#3994 = FACE_OUTER_BOUND ( 'NONE', #2683, .T. ) ;
#3995 = AXIS2_PLACEMENT_3D ( 'NONE', #2968, #170, #2354 ) ;
#3996 = DIRECTION ( 'NONE',  ( 0.000000000000000000, 1.000000000000000000, 0.000000000000000000 ) ) ;
#3997 = PLANE ( 'NONE',  #209 ) ;
#3998 = CARTESIAN_POINT ( 'NONE',  ( 16.50000000000000711, 4.999999999999997335, -4.499999999999996447 ) ) ;
#3999 = AXIS2_PLACEMENT_3D ( 'NONE', #2480, #2724, #303 ) ;
#4000 = PRODUCT ( '\X2\042004300434043804300442043e0440\X0\', '\X2\042004300434043804300442043e0440\X0\', '', ( #954 ) ) ;
#4001 = CARTESIAN_POINT ( 'NONE',  ( -3.782566608114415034E-14, -0.000000000000000000, -11.00000000000000178 ) ) ;
#4002 = DIRECTION ( 'NONE',  ( 0.000000000000000000, 0.000000000000000000, 1.000000000000000000 ) ) ;
#4003 = VECTOR ( 'NONE', #1364, 1000.000000000000000 ) ;
#4004 = EDGE_LOOP ( 'NONE', ( #1989, #3251, #2584, #1787, #1725 ) ) ;
#4005 = CARTESIAN_POINT ( 'NONE',  ( -1.029221090970525543E-14, 4.999999999999997335, 3.000000000000000000 ) ) ;
#4006 = AXIS2_PLACEMENT_3D ( 'NONE', #1039, #2298, #793 ) ;
#4007 = CARTESIAN_POINT ( 'NONE',  ( -13.29999999999999538, 7.000000000000000000, 2.000000000000000888 ) ) ;
#4008 = ORIENTED_EDGE ( 'NONE', *, *, #1797, .F. ) ;
#4009 = DIRECTION ( 'NONE',  ( 2.891205793294678326E-16, 0.000000000000000000, -1.000000000000000000 ) ) ;
#4010 = CARTESIAN_POINT ( 'NONE',  ( -14.00000000000000178, 45.04996878900156787, 8.999999999999952038 ) ) ;
#4011 = ORIENTED_EDGE ( 'NONE', *, *, #965, .T. ) ;
#4012 = EDGE_LOOP ( 'NONE', ( #2374, #3868, #3872, #1846 ) ) ;
#4013 = EDGE_CURVE ( 'NONE', #2857, #1425, #2119, .T. ) ;
#4014 = EDGE_CURVE ( 'NONE', #1427, #3423, #3061, .T. ) ;
#4015 = VERTEX_POINT ( 'NONE', #1513 ) ;
#4016 = CYLINDRICAL_SURFACE ( 'NONE', #1642, 1.500000000000000444 ) ;
#4017 = EDGE_CURVE ( 'NONE', #362, #2033, #2957, .T. ) ;
#4018 = CARTESIAN_POINT ( 'NONE',  ( 17.00000000000000000, 4.999999999999997335, -10.39999999999999503 ) ) ;
#4019 = CARTESIAN_POINT ( 'NONE',  ( 16.50000000000000711, 4.999999999999997335, 4.500000000000003553 ) ) ;
#4020 = DIRECTION ( 'NONE',  ( -1.000000000000000000, 0.000000000000000000, 2.891205793294678326E-16 ) ) ;
#4021 = CARTESIAN_POINT ( 'NONE',  ( 14.99999999999998934, 0.000000000000000000, 11.99999999999999467 ) ) ;
#4022 = ORIENTED_EDGE ( 'NONE', *, *, #2260, .T. ) ;
#4023 = DIRECTION ( 'NONE',  ( 0.000000000000000000, 1.000000000000000000, 0.000000000000000000 ) ) ;
#4024 = VECTOR ( 'NONE', #564, 1000.000000000000000 ) ;
#4025 = ORIENTED_EDGE ( 'NONE', *, *, #2089, .F. ) ;
#4026 = DIRECTION ( 'NONE',  ( 1.000000000000000000, 0.000000000000000000, 0.000000000000000000 ) ) ;
#4027 = VECTOR ( 'NONE', #3962, 1000.000000000000000 ) ;
#4028 = ORIENTED_EDGE ( 'NONE', *, *, #430, .F. ) ;
#4029 = DIRECTION ( 'NONE',  ( -1.000000000000000000, 0.000000000000000000, -5.782411586589351722E-16 ) ) ;
#4030 = CARTESIAN_POINT ( 'NONE',  ( 14.00000000000000178, 5.000000000000000000, 15.00000000000000000 ) ) ;
#4031 = EDGE_LOOP ( 'NONE', ( #2171, #1394, #922, #2578 ) ) ;
#4032 = VERTEX_POINT ( 'NONE', #1123 ) ;
#4033 = LINE ( 'NONE', #1873, #3144 ) ;
#4034 = DIRECTION ( 'NONE',  ( -0.000000000000000000, -1.000000000000000000, -0.000000000000000000 ) ) ;
#4035 = EDGE_CURVE ( 'NONE', #3626, #1899, #2690, .T. ) ;
#4036 = DIRECTION ( 'NONE',  ( 1.000000000000000000, -0.000000000000000000, 3.422777023335854256E-15 ) ) ;
#4037 = DIRECTION ( 'NONE',  ( 0.000000000000000000, 0.000000000000000000, 1.000000000000000000 ) ) ;
#4038 = LINE ( 'NONE', #2816, #1002 ) ;
#4039 = VECTOR ( 'NONE', #3758, 1000.000000000000000 ) ;
#4040 = EDGE_CURVE ( 'NONE', #934, #409, #3125, .T. ) ;
#4041 = VERTEX_POINT ( 'NONE', #3419 ) ;
#4042 = CARTESIAN_POINT ( 'NONE',  ( -19.99999999999999645, 10.00000000000000000, 12.00000000000000355 ) ) ;
#4043 = AXIS2_PLACEMENT_3D ( 'NONE', #740, #1368, #437 ) ;
ENDSEC;
END-ISO-10303-21;
